file,story_code,story_name,event_id,dialogue_id,content,figure_art
level_a001_ex06_end.json,GT-HX-3,昔々西部で,1stact,11,   スカジ……戻ってきたのか。,char_003_kalts_1
level_a001_ex06_end.json,GT-HX-3,昔々西部で,1stact,12,   で、見つけてきたのか？　それとも……,char_003_kalts_1
level_a001_ex06_end.json,GT-HX-3,昔々西部で,1stact,16,   ふむ……無断で行動したそうだな。,char_003_kalts_1
level_a001_ex06_end.json,GT-HX-3,昔々西部で,1stact,17,   私はオペレーターの私事には干渉しないし、必要以上に問いただすことはしない。ただしロドスの利益を損なわない限りだがな。,char_003_kalts_1
level_a001_ex06_end.json,GT-HX-3,昔々西部で,1stact,18,   さて、この行いが、お前のロドスでの立場を脅かすことにならなければ良いな、スカジ。,char_003_kalts_1
level_a001_ex06_end.json,GT-HX-3,昔々西部で,1stact,22,   私に何を要求するつもりだ？,char_003_kalts_1
level_a001_ex06_end.json,GT-HX-3,昔々西部で,1stact,28,   私が所持している情報のなかで、そんなに軽いものがあったとは驚きだな。,char_003_kalts_1
level_a001_ex06_end.json,GT-HX-3,昔々西部で,1stact,32,   ほぅ、お前は任務と称してカジミエーシュの滴水村へ向かい、他のオペレーターと衝突したな。,char_003_kalts_1
level_a001_ex06_end.json,GT-HX-3,昔々西部で,1stact,33,   私はお前に何の任務も命じていない。それを察してか、あの子は滴水村でも、ロドスへ戻ってからも何も口外していない。,char_003_kalts_1
level_a001_ex06_end.json,GT-HX-3,昔々西部で,1stact,35,   むっ？　すでに血が融芯に注ぎ込まれてる。大地で血を流すことを忌むお前の血ではないな。,char_003_kalts_1
level_a001_ex06_end.json,GT-HX-3,昔々西部で,1stact,39,   お前はそんなことまでしていたのか。,char_003_kalts_1
level_a001_ex06_end.json,GT-HX-3,昔々西部で,1stact,53,   お前もお前の同胞たちも浅はかなものだ。私はただ一つの断片だけを頼りにして大地の全貌を掴もうというわけではない。,char_003_kalts_1
level_a001_ex06_end.json,GT-HX-3,昔々西部で,1stact,54,   お前とロドスは契約で結ばれている、お前と私も同じだ。,char_003_kalts_1
level_a001_ex06_end.json,GT-HX-3,昔々西部で,1stact,58,   お前が怒りをあらわにするのは珍しいな。そうなって初めて、普段の無気力な表情を崩すのか。,char_003_kalts_1
level_a001_ex06_end.json,GT-HX-3,昔々西部で,1stact,60,   さて、スペクターに施された源石神経剤の出所を知りたいのか。,char_003_kalts_1
level_a001_ex06_end.json,GT-HX-3,昔々西部で,1stact,68,   （エーギル語）「深海の狩人の血脈のつながり」,
level_a001_ex06_end.json,GT-HX-3,昔々西部で,1stact,71,   私は全てを知っている。,
level_a001_ex06_end.json,GT-HX-3,昔々西部で,1stact,76,   ああ。私の命令に従うなら、手を貸してやっていいさ。ただし、命令には絶対に従うことを約束してもらうがな。,char_003_kalts_1
level_a001_ex06_end.json,GT-HX-3,昔々西部で,1stact,80,   私とて口にしたことは守るさ。,char_003_kalts_1
level_act12d0_01_end.json,RI-1,落下物,act12d0,101,  手紙？,char_003_kalts_1
level_act12d0_01_end.json,RI-1,落下物,act12d0,105,  「マヒゾッティア」、力と栄光か？,char_003_kalts_1
level_act12d0_01_end.json,RI-1,落下物,act12d0,109,  そうか。久しく耳にしていなかった言語だ。,char_003_kalts_1
level_act12d0_01_end.json,RI-1,落下物,act12d0,110,  それにしても、故郷を離れた君にも連絡が来るのか。,char_003_kalts_1
level_act12d0_01_end.json,RI-1,落下物,act12d0,114,  だが君は、「ハブられた」から出てきたと言っていなかったか？　であれば大族長選挙も、もう君とは関係ないはずだろう。,char_003_kalts_1
level_act12d0_01_end.json,RI-1,落下物,act12d0,118,  故郷が恋しくなったか？,char_003_kalts_1
level_act12d0_01_end.json,RI-1,落下物,act12d0,122,  君が故郷を訪問するのは構わないが、なぜDr.{@nickname}を連れて行く？　生物学的に考えると、ドクターが君の同族である可能性はゼロだが。,char_003_kalts_1
level_act12d0_01_end.json,RI-1,落下物,act12d0,126,  では、飛行ユニットの使用申請についてはどう説明する？　ブレイズ。,char_003_kalts_1
level_act12d0_01_end.json,RI-1,落下物,act12d0,130,  だからと言って、サルゴン政府に見つかるリスクを背負ってまで、飛行ユニットを使うつもりか？,char_003_kalts_1
level_act12d0_01_end.json,RI-1,落下物,act12d0,134,  確かにあの辺りは、名義上サルゴン領になっているに過ぎない。よく勉強したな。,char_003_kalts_1
level_act12d0_01_end.json,RI-1,落下物,act12d0,135,  だがそこまで計画を立てていながら、なぜ今さら私に確認を？,char_003_kalts_1
level_act12d0_01_end.json,RI-1,落下物,act12d0,139,  ……,char_003_kalts_1#2
level_act12d0_01_end.json,RI-1,落下物,act12d0,145,  いいだろう、許可する。,char_003_kalts_1
level_act12d0_01_end.json,RI-1,落下物,act12d0,150,  ああ、我々がガヴィルの故郷を知る良い機会にもなるだろう。,char_003_kalts_1
level_act12d0_01_end.json,RI-1,落下物,act12d0,151,  ガヴィルはロドスにとって必要不可欠なオペレーターだ。その本人からの要望となれば、Dr.{@nickname}とエリートオペレーター一名の休暇など、許可して然るべきだろう。,char_003_kalts_1
level_act12d0_01_end.json,RI-1,落下物,act12d0,155,  一応、今回の休暇は実地調査として扱おう。手すきのオペレーターがいれば、同行させても構わない。,char_003_kalts_1#2
level_act12d0_01_end.json,RI-1,落下物,act12d0,161,  だが先に断っておくが、本人が希望したとしても、アーミヤの同行は許可できない。業務が山積みだからな。彼女にも伝えておいてくれ。,char_003_kalts_1
level_act12d0_01_end.json,RI-1,落下物,act12d0,162,  サルゴン領内にはロドスの事務所が極めて少ない。面倒事を起こさないよう気をつけてくれ。それが個人的なものでも、ロドスに関するものでもだ。,char_003_kalts_1
level_act12d0_01_end.json,RI-1,落下物,act12d0,163,  それと、飛行ユニットはロドスとっても貴重な乗り物だ。サルゴンの環境は劣悪だが、傷一つ付けずに持ち帰ってほしい、Dr.{@nickname}。,char_003_kalts_1
level_act12d0_09_end.json,RI-9,さらば密林,act12d0,339,  つまり、一連の事件を経て、エンジンを取り戻した後に、緊急処置を施してなんとか帰途についたと。,char_003_kalts_1
level_act12d0_09_end.json,RI-9,さらば密林,act12d0,343,  ドクター、確か私は君に、飛行ユニットは貴重な乗り物だと言ったはずだが。,char_003_kalts_1
level_act12d0_09_end.json,RI-9,さらば密林,act12d0,347,  飛行装置の被害が修理可能な範疇に収まってる以上、私もとやかく言うつもりはない。ただし修理の費用は君とブレイズの給料から差し引かせてもらう。,char_003_kalts_1
level_act12d0_09_end.json,RI-9,さらば密林,act12d0,351,  エリートオペレーターは多くの責任を担うものだ。,char_003_kalts_1
level_act12d0_09_end.json,RI-9,さらば密林,act12d0,355,  連れてきたあの三人については、オペレーターになる素質があると君たちが判断したのであれば、ドクターに任せておけばいい。,char_003_kalts_1
level_act12d0_09_end.json,RI-9,さらば密林,act12d0,356,  ガヴィル、今回の里帰りは満足のいくものだったか？,char_003_kalts_1
level_act12d0_09_end.json,RI-9,さらば密林,act12d0,360,  ドクターが君を置いてきた場合のことも考えていたのだがな。,char_003_kalts_1
level_act12d0_09_end.json,RI-9,さらば密林,act12d0,364,  君が故郷に残る可能性も考えていたということだ。,char_003_kalts_1
level_act12d0_09_end.json,RI-9,さらば密林,act12d0,368,  君がまだ外の生活に馴染んでいないことは明白だ。君は相変わらず自分のやり方で、毎日この大地に起きる出来事と激しい衝突を繰り返しているからな。,char_003_kalts_1
level_act12d0_09_end.json,RI-9,さらば密林,act12d0,369,  言い方を変えれば、君がある日突然、休職や脱退の申請を出しても私は驚かないということだ。,char_003_kalts_1
level_act12d0_09_end.json,RI-9,さらば密林,act12d0,375,  Dr.{@nickname}、ほかに用がなければ、もう退出して構わない。,char_003_kalts_1
level_act12d0_09_end.json,RI-9,さらば密林,act12d0,395,  おそらくないだろう。,char_003_kalts_1
level_act12d0_09_end.json,RI-9,さらば密林,act12d0,401,  していないさ。,char_003_kalts_1
level_act12d0_09_end.json,RI-9,さらば密林,act12d0,409,  ガヴィル。,char_003_kalts_1
level_act12d0_09_end.json,RI-9,さらば密林,act12d0,413,  おかえり。,char_003_kalts_1
level_act12d0_09_end.json,RI-9,さらば密林,act12d0,419,  君の次の任務は先週から決まっている。本当は、もうかなり遅延しているんだ。,char_003_kalts_1
level_act12d0_09_end.json,RI-9,さらば密林,act12d0,428,  ……,char_003_kalts_1
level_act12d0_09_end.json,RI-9,さらば密林,act12d0,429,  君にとって、今回はいささか常識外れな旅だっただろう。,char_003_kalts_1
level_act12d0_09_end.json,RI-9,さらば密林,act12d0,430,  だが今回の出来事は、この大地が活力に満ちている証明でもある。ガヴィルの性格と同じようにな。,char_003_kalts_1
level_act12d0_09_end.json,RI-9,さらば密林,act12d0,431,  長い年月の中で、多くの物事は摩耗し本来の色を失っていく。かつての当たり前は、今となっては得難いものになっている。,char_003_kalts_1
level_act12d0_09_end.json,RI-9,さらば密林,act12d0,432,  我々は、人混みの隙間から漏れ出す光を探りながら、それを常日頃から意識しておかねばならない。,char_003_kalts_1
level_act12d0_09_end.json,RI-9,さらば密林,act12d0,433,  手が届かないと思っているものも、目を凝らせば、案外近くにあるものだ。そのことに、君や、今回の旅に同行したオペレーターたちが気付いてくれれば、と思う。,char_003_kalts_1
level_act12d0_09_end.json,RI-9,さらば密林,act12d0,437,  ああ。,char_003_kalts_1
level_act12d0_09_end.json,RI-9,さらば密林,act12d0,438,  Dr.{@nickname}、君にはまだ多くの仕事が残っている。,char_003_kalts_1
level_act12d0_09_end.json,RI-9,さらば密林,act12d0,439,  今回の休暇で十分癒されただろう君が、今まで以上に尽力してくれることを期待している。,char_003_kalts_1
level_act13d0_st01.json,,帰る場所,act13d0,79,   カズデルの辺境にあるベルーニ村は典型的な鉱山村だ。数ヶ月前に落盤事故があったため、採掘場は完全に封鎖されている。,char_003_kalts_1
level_act13d0_st01.json,,帰る場所,act13d0,80,   落盤事故で採掘場が崩壊しただけでなく、村内の道路も交易ルートも遮断されてしまった。,char_003_kalts_1
level_act13d0_st01.json,,帰る場所,act13d0,81,   村はこの数ヶ月間、近隣の移動都市に助けを求め続けているが、手を差し伸べる都市は未だに現れていない。,char_003_kalts_1
level_act13d0_st01.json,,帰る場所,act13d0,82,   今回メテオリーテには現場へ行って予備調査を行い、現地の状況を確認してもらいたい。,char_003_kalts_1
level_act13d0_st01.json,,帰る場所,act13d0,83,   君が持ち帰ったデータをもとに救助計画を展開する。,char_003_kalts_1
level_act13d0_st01.json,,帰る場所,act13d0,87,   村の問題は天災や鉱石病とは関係なさそうだが、油断は禁物だ。,char_003_kalts_1
level_act13d0_st01.json,,帰る場所,act13d0,97,  スルトからは個人的な事情で同行の申請があった。こちらで審査した上で許可している。,char_003_kalts_1
level_act15d0_04_beg.json,MB-4,勇敢、かつ無鉄砲,act15d0,102,君が提供したこれらの情報と分析資料は、非常に高い価値がある。君の意見を重視せざるを得ないな、サイレンス。,char_003_kalts_1
level_act15d0_04_beg.json,MB-4,勇敢、かつ無鉄砲,act15d0,106,しかし、これらの情報の出所は明らかにライン生命の内部だ。内部情報を無断で他所に流す者を、すまないが、私は信用できない。,char_003_kalts_1
level_act15d0_04_beg.json,MB-4,勇敢、かつ無鉄砲,act15d0,107,しかし、君の日頃の行いを見るに、君がそのような軽率な者であるとは思えない。だからまずは説明をしてもらいたい。,char_003_kalts_1
level_act15d0_04_beg.json,MB-4,勇敢、かつ無鉄砲,act15d0,111,そうだとしても、ライン生命内部で提出し処理されるべきだろう。ロドスがこの件の仲裁人になることは決してない。,char_003_kalts_1
level_act15d0_04_beg.json,MB-4,勇敢、かつ無鉄砲,act15d0,116,なぜ私なのだ？　というより、なぜロドスなのか。,char_003_kalts_1
level_act15d0_04_beg.json,MB-4,勇敢、かつ無鉄砲,act15d0,120,君はライン生命の何を疑っている？,char_003_kalts_1
level_act15d0_04_beg.json,MB-4,勇敢、かつ無鉄砲,act15d0,125,目で見たものが必ずしも真実とは限らないぞ、サイレンス。,char_003_kalts_1
level_act15d0_04_beg.json,MB-4,勇敢、かつ無鉄砲,act15d0,126,今回のこともそうだ。このアンソニーというフェリーンの男一人だけが、バンカーヒルシティではなくアイアンフォージシティの監獄に収容されている。,char_003_kalts_1
level_act15d0_04_beg.json,MB-4,勇敢、かつ無鉄砲,act15d0,127,資料には、彼がアイアンフォージシティまで逃れて、そこで捕縛されたためであると記載されているが、果たしてそれだけなのだろうか。私には目に見えない意図が隠されているようにしか思えない。,char_003_kalts_1
level_act15d0_04_beg.json,MB-4,勇敢、かつ無鉄砲,act15d0,131,どうして君はこんな無関係の者にそこまでこだわるんだ？,char_003_kalts_1
level_act15d0_04_beg.json,MB-4,勇敢、かつ無鉄砲,act15d0,135,……,char_003_kalts_1
level_act15d0_04_beg.json,MB-4,勇敢、かつ無鉄砲,act15d0,136,君は失望するかもしれないぞ。,char_003_kalts_1
level_act15d0_04_beg.json,MB-4,勇敢、かつ無鉄砲,act15d0,140,……確かにその論理は普遍的な説得力を有することを認めよう、サイレンス。,char_003_kalts_1
level_act15d0_04_beg.json,MB-4,勇敢、かつ無鉄砲,act15d0,141,ロドスは表立って君をサポートすることはできない。だが個人的な立場でなら、私の意見を述べても問題はないだろう。,char_003_kalts_1
level_act15d0_04_beg.json,MB-4,勇敢、かつ無鉄砲,act15d0,142,君には最後まで君の思いを貫き通してほしいと思っている。,char_003_kalts_1
level_act15d0_04_beg.json,MB-4,勇敢、かつ無鉄砲,act15d0,146,自分が正しいことをしているという思いだ。,char_003_kalts_1
level_act17side_01_end.json,SN-1,中央広場,act17side,146,幸いにして、その「美学」はすべての生物に必要なものというわけではない。,char_003_kalts_1#1
level_act17side_01_end.json,SN-1,中央広場,act17side,151,端的に言えば、信用を得るためだ。私は今もイベリア裁判所の監視下に置かれているのでな。,char_003_kalts_1#1
level_act17side_01_end.json,SN-1,中央広場,act17side,152,さて、時間はないが、為すべき仕事は山とある。――エリジウム、君は恐魚の死体を持ち去った町民二人を見張りに行ってくれ。私はAltyと二人で話をする。,char_003_kalts_1#1
level_act17side_01_end.json,SN-1,中央広場,act17side,157,了解した。,char_003_kalts_1#1
level_act17side_01_end.json,SN-1,中央広場,act17side,162,……ああ。苦労をかける。,char_003_kalts_1#4
level_act17side_01_end.json,SN-1,中央広場,act17side,174,そうだな。,char_003_kalts_1#4
level_act17side_01_end.json,SN-1,中央広場,act17side,176,この場所へ呼び立てたことは申し訳なく思っている。君たちからすれば、リスクを伴う行動だろう。,char_003_kalts_1#1
level_act17side_01_end.json,SN-1,中央広場,act17side,180,先ほども述べた通り、時間がないというのが一つ。加えて、イベリアが宗教という仮面で隠した慎重さと恐怖心は、私と裁判所上層部との面会を阻害する可能性があったからという理由もあるな。,char_003_kalts_1#2
level_act17side_01_end.json,SN-1,中央広場,act17side,184,――我々の直面しているものが何なのかということに、諸国は未だ気付いていない。彼らは、広大な土地が、その栄華を極めた時代と共に静謐の中へ消え去ったという事実を信じはしないだろう。,char_003_kalts_1#2
level_act17side_01_end.json,SN-1,中央広場,act17side,185,だが、私は……その一切を目撃したに等しい。,char_003_kalts_1#2
level_act17side_01_end.json,SN-1,中央広場,act17side,189,ときに、ほかのメンバーはどうした？,char_003_kalts_1#1
level_act17side_01_end.json,SN-1,中央広場,act17side,200,……願わくば、今日までの間に、君が決断を下してくれていると良いのだがな。,char_003_kalts_1#1
level_act17side_01_end.json,SN-1,中央広場,act17side,205,……,char_003_kalts_1#3
level_act17side_01_end.json,SN-1,中央広場,act17side,210,起こりえないことなど、存在しないものだ。,char_003_kalts_1#1
level_act17side_01_end.json,SN-1,中央広場,act17side,449,君たちが、海へ戻ることであの怪物たちを敵に回す、という事態を望まないのは理解できる。,char_003_kalts_1#1
level_act17side_01_end.json,SN-1,中央広場,act17side,450,この海から生まれた君たちは非常に強大ではあるが、元の姿に戻ったとしても、あの泥濘から抜け出すことはできないだろうしな。,char_003_kalts_1#1
level_act17side_01_end.json,SN-1,中央広場,act17side,454,ああ。君が思っている以上に。,char_003_kalts_1#1
level_act17side_01_end.json,SN-1,中央広場,act17side,458,確かに、シーボーンに音楽を解する心があれば、たとえテラの大地に災厄が降りかかろうとも、聴衆に困ることはないだろうな。,char_003_kalts_1#1
level_act17side_01_end.json,SN-1,中央広場,act17side,462,だろうな。,char_003_kalts_1#1
level_act17side_01_end.json,SN-1,中央広場,act17side,468,遅く生まれてきた君たちには理解し得ないことも、多く存在するものだ。,char_003_kalts_1#1
level_act17side_01_end.json,SN-1,中央広場,act17side,473,――すべてが無事に終われば、そうした昔話をする時間もたっぷり取れるだろう。,char_003_kalts_1#1
level_act17side_01_end.json,SN-1,中央広場,act17side,474,加えて言うなら、私自身……あまり君たちをイベリアとエーギルの目論見に関わらせたくはない。,char_003_kalts_1#1
level_act17side_01_end.json,SN-1,中央広場,act17side,478,エーギルとは長年、連絡を取り合っていないからな。その上、潮汐はむせび泣いており、限られた情報はむしろ推測を妨げかねない。,char_003_kalts_1#2
level_act17side_01_end.json,SN-1,中央広場,act17side,479,そもそも、あの災厄の真の原因は今もなお、手がかりの一つも見つけられない状況だ。,char_003_kalts_1#2
level_act17side_01_end.json,SN-1,中央広場,act17side,480,ゆえに、最悪の事態も予測される。君たちにすら対処不能ということも――おや。どうやら招かれざる客が訪れたようだな。,char_003_kalts_1#2
level_act17side_01_end.json,SN-1,中央広場,act17side,506,恐魚だな。だが、彼らに戦意はない。,char_003_kalts_1#1
level_act17side_01_end.json,SN-1,中央広場,act17side,542,――恐魚の身体で自らの肉体を刺し貫くという、最も単純な方法で同化を図っているんだ。,char_003_kalts_1#1
level_act17side_01_end.json,SN-1,中央広場,act17side,546,止めることにはなるが、そうするのは私たちではない。,char_003_kalts_1#1
level_act17side_02_end.json,SN-2,広場南の道,act17side,13,そう言う君は、椅子から立ち上がろうともしていないようだが。,char_003_kalts_1#1
level_act17side_02_end.json,SN-2,広場南の道,act17side,17,そうか。私も、まだ名目上はイベリアの囚人なのでな。大審問官を心配するような立場でもないんだ。,char_003_kalts_1#1
level_act17side_02_end.json,SN-2,広場南の道,act17side,18,ゆえにひとまずは、我々二人の話し合いを進めるとしよう。,char_003_kalts_1#1
level_act17side_02_end.json,SN-2,広場南の道,act17side,24,……君たちは、この大地に生きる人々を助けようというのだな。,char_003_kalts_1#1
level_act17side_02_end.json,SN-2,広場南の道,act17side,31,……そうだな。,char_003_kalts_1#1
level_act17side_02_end.json,SN-2,広場南の道,act17side,36,ならば、この国に君たちの声を聞かせるのは、難しいことではないだろう。秘密を開示し、彼らの傷に触れ、二度とあのような災厄は起こらないと約束するだけで良い。,char_003_kalts_1#1
level_act17side_02_end.json,SN-2,広場南の道,act17side,40,無論、その「約束」を以て欺くだけに留まるのならば、事はより簡単に済むだろうな。,char_003_kalts_1#1
level_act17side_03_end.json,SN-3,静かな遊歩道,act17side,44,すでに述べた通り――海はその独自の方法を以て、陸を侵食しているということです。,char_003_kalts_1#1
level_act17side_03_end.json,SN-3,静かな遊歩道,act17side,45,さておき、今はロドスのオペレーターを救出してきます。,char_003_kalts_1#1
level_act17side_03_end.json,SN-3,静かな遊歩道,act17side,49,その必要はない。君たちには、一刻も早くこの脅威を排除してもらうのが最も効果的な選択だろう。,char_003_kalts_1#1
level_act17side_04_end.json,SN-4,灯台入り口,act17side,110,……,char_003_kalts_1#1
level_act17side_04_end.json,SN-4,灯台入り口,act17side,115,発見は偶然のことでした。先ほどいたアビサルハンターの一人が、カジミエーシュで見つけてきたのです。,char_003_kalts_1#1
level_act17side_04_end.json,SN-4,灯台入り口,act17side,120,良くも悪くも、現代においてあらゆる政治的組織に起きているそうした変化は、イベリアとは無縁のものなのでしょうね。,char_003_kalts_1#1
level_act17side_05_beg.json,SN-5,灯台制御室,act17side,604,イベリアの眼……エーギルとイベリア、双方の技術を組み合わせた結晶。――陸地において、円滑な通信は移動都市の中でしか実現はできません。都市と都市の間には、大きな隔たりがありますから。,char_003_kalts_1#1
level_act17side_05_beg.json,SN-5,灯台制御室,act17side,612,海には源石がなく、エーギルの通信技術は陸の国々よりはるかに進歩しています。――イベリアの眼は、単なる灯台ではないのでしょう。,char_003_kalts_1#1
level_act17side_05_beg.json,SN-5,灯台制御室,act17side,628,……,char_003_kalts_1#1
level_act17side_05_beg.json,SN-5,灯台制御室,act17side,648,……,char_003_kalts_1#1
level_act17side_06_beg.json,SN-6,中央通路,act17side,11,ブレオガンこそが、あの鍵の主だ。,char_003_kalts_1
level_act17side_06_beg.json,SN-6,中央通路,act17side,13,彼はイベリアの黄金時代に王侯貴族の賓客となった人物で、かつてはエーギルの島民とイベリア人との共存の始まり、その象徴とされたこともある。,char_003_kalts_1
level_act17side_06_beg.json,SN-6,中央通路,act17side,15,災厄が訪れる前に彼が為したことや、為せなかったことを知る者はいない。だが、彼は十分多くの遺産と……君たちにとっても十分であろう方針を遺していった。,char_003_kalts_1
level_act17side_06_beg.json,SN-6,中央通路,act17side,17,とはいえ、彼がもはや過去の人であることに疑いの余地はない。それゆえ、今選択を行うのは君たちということになる。,char_003_kalts_1
level_act17side_06_beg.json,SN-6,中央通路,act17side,19,――ブレオガンの鍵がカジミエーシュにあった理由を、我々が知る必要はない。,char_003_kalts_1
level_act17side_06_beg.json,SN-6,中央通路,act17side,21,しかし、あれを見つけたのは、狩人たるスカジだった。この事実は偶然ではなく、必然のことだろう。君たちは海に関することには生まれつき鼻が利くようだからな。,char_003_kalts_1
level_act17side_06_beg.json,SN-6,中央通路,act17side,23,……そう、例のバンドに鍵を渡したのは私だ。彼女たちがいかなる存在なのかは、そのうちにわかる。エーギルには、彼女らの協力が必要となるかもしれないしな。,char_003_kalts_1
level_act17side_06_beg.json,SN-6,中央通路,act17side,25,彼女たちも答えを探しているんだ。メンバーの多くは若者であり、海の変化に違和感を覚えている。というのも、彼女らは本当に、生まれた場所を離れることができないのでな。,char_003_kalts_1
level_act17side_06_beg.json,SN-6,中央通路,act17side,27,……ああ。万事うまくいくように祈ろう。何しろ、人類には対処すべき問題があまりにも多い。そうした災厄が重なれば、現在の文明はいとも容易く瓦解してしまうことだろうから。,char_003_kalts_1
level_act17side_06_beg.json,SN-6,中央通路,act17side,29,グレイディーア。君が単独で行動したいのなら、止めはしない。――スカジと君はよく似ているように感じるが、アビサルハンターというのは皆近似したところを持つものなのかもしれないな。,char_003_kalts_1
level_act17side_06_beg.json,SN-6,中央通路,act17side,31,さりとて、くれぐれも自分だけで陸の問題すべてを解決できるとは思わないように。,char_003_kalts_1
level_act17side_06_beg.json,SN-6,中央通路,act17side,33,……何だ？　言ってみてくれ。君の質問であれば答えよう。,char_003_kalts_1
level_act17side_06_beg.json,SN-6,中央通路,act17side,35,――Ishar-mla……？,char_003_kalts_1#2
level_act17side_06_beg.json,SN-6,中央通路,act17side,37,どこでその名を聞いたんだ？,char_003_kalts_1#2
level_act17side_06_beg.json,SN-6,中央通路,act17side,143,焼き尽くせ、Mon3tr。,char_003_kalts_1
level_act17side_06_beg.json,SN-6,中央通路,act17side,171,カルメン閣下、時間がありません。こうしている間にも、狩人たちが危険に晒されています。,char_003_kalts_1
level_act17side_06_beg.json,SN-6,中央通路,act17side,176,それでも、もはや選択肢はありません。,char_003_kalts_1
level_act17side_06_beg.json,SN-6,中央通路,act17side,180,イベリアの大方陣は少なくとも十の連隊、三千人規模の兵力を有していることでしょう。加えて、懲罰軍の参謀や指揮官たちも、この戦争を勝利に導くに十分な指揮能力を持っているように思います。,char_003_kalts_1
level_act17side_06_beg.json,SN-6,中央通路,act17side,184,我々の交流もそれなりに長くなりましたので。,char_003_kalts_1
level_act17side_06_beg.json,SN-6,中央通路,act17side,189,そうしなければ、損失はより大きくなると申し上げているのです。,char_003_kalts_1
level_act17side_06_beg.json,SN-6,中央通路,act17side,200,Frost？　なぜここに……,char_003_kalts_1#2
level_act17side_06_beg.json,SN-6,中央通路,act17side,257,ご想像にお任せいたします。,char_003_kalts_1
level_act17side_06_beg.json,SN-6,中央通路,act17side,261,ご心配なく。海岸にもう一隻残っていますので。,char_003_kalts_1
level_act17side_06_beg.json,SN-6,中央通路,act17side,263,グランファーロの計画が白紙となって以来、長い時を待っていたあの船が。,char_003_kalts_1
level_act17side_10_beg.json,SN-10,儀礼広場,act17side,9,……,char_003_kalts_1
level_act17side_10_beg.json,SN-10,儀礼広場,act17side,24,……彼らの船が見当たりませんね。,char_003_kalts_1
level_act17side_10_beg.json,SN-10,儀礼広場,act17side,38,……Mon3tr。,char_003_kalts_1
level_act17side_10_beg.json,SN-10,儀礼広場,act17side,45,扉の周りを片付けて、中へ入るぞ。,char_003_kalts_1
level_act17side_10_beg.json,SN-10,儀礼広場,act17side,62,ですが、奴らは利を得て害を避ける術を知っているものです。慎重に狩りを行う方法を、その本能が教えているのでしょう。,char_003_kalts_1
level_act17side_10_beg.json,SN-10,儀礼広場,act17side,71,……,char_003_kalts_1
level_act17side_10_beg.json,SN-10,儀礼広場,act17side,120,……かの戦士を弔い、死を悼むことのできる時間は3分ほどです。炎が消えれば、営巣の障害は消えたと見て、すぐにも恐魚が群がってくることでしょう。,char_003_kalts_1
level_act17side_10_beg.json,SN-10,儀礼広場,act17side,122,加えて、あの少女の姿が見えません。となれば、少なくともダリオの弟子は生きているということになります。,char_003_kalts_1
level_act17side_10_beg.json,SN-10,儀礼広場,act17side,126,ええ、今はまだ。,char_003_kalts_1
level_act17side_10_beg.json,SN-10,儀礼広場,act17side,130,私は、「今はまだ」と申し上げたはずです。,char_003_kalts_1
level_act17side_10_beg.json,SN-10,儀礼広場,act17side,132,この機にこそ、より根本的で永続的な解決策を講じなければなりません。ブレオガンの建造したこのイベリアの眼は、エーギルとの繋がりを確立するためのターミナルになりえるものですから。,char_003_kalts_1
level_act17side_10_beg.json,SN-10,儀礼広場,act17side,155,……その人物は上にいるようですよ。,char_003_kalts_1
level_act17side_10_beg.json,SN-10,儀礼広場,act17side,182,……認めざるを得ないな。君は我々の想像以上によくやってくれたということを。,char_003_kalts_1
level_act17side_10_beg.json,SN-10,儀礼広場,act17side,184,単独でイベリアの眼を再起動し、機能の三割を回復させるとは。,char_003_kalts_1
level_act17side_10_beg.json,SN-10,儀礼広場,act17side,186,このような状況の中、君一人で。,char_003_kalts_1
level_act17side_10_beg.json,SN-10,儀礼広場,act17side,228,……Mon3tr、入口を守れ。,char_003_kalts_1
level_act17side_10_beg.json,SN-10,儀礼広場,act17side,241,そう遠くはないようですね。加えて、直近の信号記録は48時間以内のものです。,char_003_kalts_1
level_act17side_10_beg.json,SN-10,儀礼広場,act17side,247,ブレオガンがイベリア王族に手を貸し、灯台と艦隊を打ち立てるのに一役買ったのは、故郷との交流を取り戻させるためでもあったことでしょう。,char_003_kalts_1
level_act17side_10_beg.json,SN-10,儀礼広場,act17side,249,イベリアの眼もそうですが、「狂人号」のどこかにある発信装置もまた、エーギルの技術を遺憾なく発揮した逸物であると思えば、何ら不思議なことはありません。,char_003_kalts_1
level_act17side_10_beg.json,SN-10,儀礼広場,act17side,251,無論、すべてはかの船がシーボーンによる破壊や恐魚による営巣を免れていればの話ですが。,char_003_kalts_1
level_act17side_10_end.json,SN-10,儀礼広場,act17side,14,この可能性が示しているのは、極めて分の悪い状況です。,char_003_kalts_1
level_act17side_10_end.json,SN-10,儀礼広場,act17side,16,イベリアの眼は、絶えず災厄の余波を監視し続けてきました。しかしこれは単なる沈淪した瞳であり、言葉を発することなどできません。,char_003_kalts_1
level_act17side_10_end.json,SN-10,儀礼広場,act17side,20,エーギルが滅びへの歩みを速めているということです。,char_003_kalts_1
level_act17side_10_end.json,SN-10,儀礼広場,act17side,22,それに加えて……この距離の都市ですら救難信号を送ってきていたということは、「狂人号」は初めから、奴らの巣の上を回り続けているだけなのでしょう。,char_003_kalts_1
level_act17side_10_end.json,SN-10,儀礼広場,act17side,24,……狩人たちは、危険にさらされているのです。,char_003_kalts_1
level_act17side_10_end.json,SN-10,儀礼広場,act17side,30,あなたは、数人のアビサルハンターが海で命を落とすことなど意に介されないのかもしれません。ですが我々は今、エーギルとイベリア双方にとってのチャンスをも殺しかねない岐路にいます。,char_003_kalts_1
level_act17side_10_end.json,SN-10,儀礼広場,act17side,34,……ダリオは戦いの中で命を落としました。こうなった以上、残された審問官の口から貴重な情報を得るべきだとは思いませんか。,char_003_kalts_1
level_act17side_10_end.json,SN-10,儀礼広場,act17side,36,これは最後のチャンスなのですよ。,char_003_kalts_1
level_act17side_10_end.json,SN-10,儀礼広場,act17side,42,だとしても、これが最後だということに変わりはありません。,char_003_kalts_1
level_act17side_10_end.json,SN-10,儀礼広場,act17side,44,エーギルからの信号が途絶え、再びイベリアに静謐が訪れて、真の敵が現れるまで待つおつもりなのですか？,char_003_kalts_1
level_act17side_10_end.json,SN-10,儀礼広場,act17side,46,それでは何の意味もないでしょう。,char_003_kalts_1
level_act17side_10_end.json,SN-10,儀礼広場,act17side,48,あなたの負う責任については十分理解しています。懲罰軍がここの防衛を引き継ぐまでは、リスクの伴う行動はなさらないおつもりでしょう。,char_003_kalts_1
level_act17side_10_end.json,SN-10,儀礼広場,act17side,50,であれば、私一人で向かいます。,char_003_kalts_1
level_act17side_10_end.json,SN-10,儀礼広場,act17side,54,あの狩人たちには特別な血が流れているからこそ、奴らも執着するのです。無関係の船に対して、恐魚が過度な敵対心を持つとは限りません。,char_003_kalts_1
level_act17side_10_end.json,SN-10,儀礼広場,act17side,58,私はその場しのぎの嘘などつきません。単に、どうしても彼女たちを見捨てられはしないというだけのことです。,char_003_kalts_1
level_act17side_10_end.json,SN-10,儀礼広場,act17side,66,ええ。,char_003_kalts_1
level_act17side_10_end.json,SN-10,儀礼広場,act17side,78,Mon3tr、周囲を警戒しろ。恐魚が海面下の巣に隠れている場合は、それを刺激しないように。,char_003_kalts_1
level_act17side_10_end.json,SN-10,儀礼広場,act17side,80,少し時間が必要だ。この船は先ほどの航行ですでに損傷しているからな。,char_003_kalts_1
level_act17side_10_end.json,SN-10,儀礼広場,act17side,89,――狩人たちが乗っていた船は、裁判所の諜報員が残したものだ。,char_003_kalts_1
level_act17side_10_end.json,SN-10,儀礼広場,act17side,91,当初、カルメン閣下の計画では、グランファーロで懲罰軍と合流して前線基地を設営したあと、中型の水上戦艦に乗ってここに来る手はずになっていた。,char_003_kalts_1
level_act17side_10_end.json,SN-10,儀礼広場,act17side,93,つまり、グランファーロの浜辺に残されていたこの船こそが、我々にとっての最後の希望というわけだ。,char_003_kalts_1
level_act17side_10_end.json,SN-10,儀礼広場,act17side,99,不可能だと思えば、それは不可能となるだろうが――ッ、待て！,char_003_kalts_1
level_act17side_10_end.json,SN-10,儀礼広場,act17side,101,下がっていろ、ジョディ！,char_003_kalts_1
level_act17side_10_end.json,SN-10,儀礼広場,act17side,114,岩礁の陰に隠れていたのか……！　――Mon3tr！,char_003_kalts_1
level_act17side_10_end.json,SN-10,儀礼広場,act17side,128,ジョディ！　船から飛び降りるんだ！,char_003_kalts_1
level_act17side_10_end.json,SN-10,儀礼広場,act17side,134,いいから降りろ！　その船は恐魚に囲まれている！,char_003_kalts_1
level_act17side_10_end.json,SN-10,儀礼広場,act17side,136,Mon3tr、彼を助け出せ！,char_003_kalts_1
level_act17side_10_end.json,SN-10,儀礼広場,act17side,142,――,char_003_kalts_1
level_act17side_10_end.json,SN-10,儀礼広場,act17side,160,彼を優先しろ。,char_003_kalts_1
level_act17side_10_end.json,SN-10,儀礼広場,act17side,165,渦潮……海流が変化しているのか。恐魚たちも活発化している……一体何が起きた？,char_003_kalts_1
level_act17side_10_end.json,SN-10,儀礼広場,act17side,900,どうかなさいましたか？,char_003_kalts_1
level_act17side_10_end.json,SN-10,儀礼広場,act17side,906,閣下……,char_003_kalts_1
level_act17side_10_end.json,SN-10,儀礼広場,act17side,908,……泣いていらっしゃるのですか？,char_003_kalts_1
level_act17side_st01.json,SN-ST-1,古井戸,act17side,15,あなたであれば、答えはご存知でしょう。,
level_act17side_st01.json,SN-ST-1,古井戸,act17side,17,……,
level_act17side_st01.json,SN-ST-1,古井戸,act17side,18,……（古代サルカズ語）「世界」。,
level_act17side_st01.json,SN-ST-1,古井戸,act17side,21,ええ。,
level_act17side_st01.json,SN-ST-1,古井戸,act17side,24,しかし、それが言葉の持つ性質を変えてしまうことはありません。,
level_act17side_st01.json,SN-ST-1,古井戸,act17side,30,――かつてのイベリア貴族が、己の傲慢にのぼせ上がりさえしなければ、海はイベリアを難攻不落の要塞にしていたことでしょう。,
level_act17side_st01.json,SN-ST-1,古井戸,act17side,31,……この井戸は深い。海にもほど近いようです。,
level_act17side_st01.json,SN-ST-1,古井戸,act17side,33,そろそろ出立しましょう、閣下。,
level_act17side_st01.json,SN-ST-1,古井戸,act17side,39,5、6秒かと。,
level_act17side_st01.json,SN-ST-1,古井戸,act17side,41,ですが、今に至れど、ヴィクトリアの農夫やクルビアの労働者は、誰一人として海の全容すらも知らぬことでしょう。,
level_act17side_st01.json,SN-ST-1,古井戸,act17side,57,百二十三。これは、魔力の宿る数字ですね。,
level_act17side_st01.json,SN-ST-1,古井戸,act17side,62,……リーベリは決して長命な種族ではありません。それに、リーベリの神民が持つ健康と長寿を以てしても、今のイベリアが直面している災厄という重荷を背負うことなどかなわないでしょう。,
level_act17side_st01.json,SN-ST-1,古井戸,act17side,63,あなたが長寿であられることは、裁判所が生み出した一種の奇跡。その奇跡は、あなた自身にもひとかたならぬ使命感を与えたことと思います。,
level_act17side_st01.json,SN-ST-1,古井戸,act17side,64,理想と栄光が失われ始めたあの時代に、あなたと、裁判所における初代の構成員たちは、「聖徒」と崇められていたのですから。,
level_act17side_st01.json,SN-ST-1,古井戸,act17side,68,はい。,
level_act17side_st01.json,SN-ST-1,古井戸,act17side,76,ご想像にお任せします。,
level_act17side_st01.json,SN-ST-1,古井戸,act17side,80,……,
level_act17side_st01.json,SN-ST-1,古井戸,act17side,83,――ならば、エーギルはいつ、イベリアから未知の恐怖と見なされるに至ったのでしょうか？,
level_act17side_st01.json,SN-ST-1,古井戸,act17side,85,ならば仮に、その子供が溺れかけているとしたら？,
level_act17side_st01.json,SN-ST-1,古井戸,act17side,91,あるいは、我々と彼らの間に本質的な違いなどないのかもしれませんがね。,
level_act17side_st01.json,SN-ST-1,古井戸,act17side,487,こうもすんなりとご承諾いただけるとは思っていませんでした。,char_003_kalts_1
level_act17side_st01.json,SN-ST-1,古井戸,act17side,496,ですが、その傲慢さこそが、イベリアの状況を悪化させているのではありませんか？,char_003_kalts_1#3
level_act17side_st01.json,SN-ST-1,古井戸,act17side,504,彼女たちはエーギルではありません。,char_003_kalts_1
level_act17side_st01.json,SN-ST-1,古井戸,act17side,515,……お伺いしましょう。,char_003_kalts_1
level_act17side_st01.json,SN-ST-1,古井戸,act17side,520,拒否する理由はありませんね。本件について、我々の利害は一致していますから。,char_003_kalts_1
level_act17side_st01.json,SN-ST-1,古井戸,act17side,525,神秘、ですか。そちらはお褒めの言葉と受け取りましょう。……光栄の至りです。,char_003_kalts_1#4
level_act17side_st02.json,SN-ST-2,海辺の小道,act17side,134,ええ。当然、お任せいたしましょう。,char_003_kalts_1#1
level_act17side_st02.json,SN-ST-2,海辺の小道,act17side,155,……何？,char_003_kalts_1#2
level_act17side_st03.json,SN-ST-3,無人の大通り,act17side,45,苦労をかけたな、グレイディーア。,char_003_kalts_1#1
level_act17side_st03.json,SN-ST-3,無人の大通り,act17side,49,イベリアが未だ沈まずに在ることは、彼らがまだわずかな謙虚さと警戒心を持っていることの証左だからな。,char_003_kalts_1#1
level_act17side_st03.json,SN-ST-3,無人の大通り,act17side,53,ああ。だが……,char_003_kalts_1#1
level_act17side_st03.json,SN-ST-3,無人の大通り,act17side,54,……イベリアが憂慮を捨て去り、向き合ってくるとして、エーギルは――,char_003_kalts_1#1
level_act17side_st03.json,SN-ST-3,無人の大通り,act17side,55,君たちはどうする？,char_003_kalts_1#1
level_act17side_st03.json,SN-ST-3,無人の大通り,act17side,76,言っておくが、グランファーロの問題を解決してからでなければ、裁判所の協力は得られない。,char_003_kalts_1#1
level_act17side_st03.json,SN-ST-3,無人の大通り,act17side,92,――私だ。,char_003_kalts_1#3
level_act17side_st03.json,SN-ST-3,無人の大通り,act17side,101,……エリジウム？　応答しろ。,char_003_kalts_1#2
level_act17side_st03.json,SN-ST-3,無人の大通り,act17side,105,オペレーターに危険が迫っているようだ。,char_003_kalts_1#2
level_act17side_st03.json,SN-ST-3,無人の大通り,act17side,109,……Alty。すでに伝えた通り、AUSは陸で待機してもらうだけでいい。,char_003_kalts_1#1
level_act17side_st03.json,SN-ST-3,無人の大通り,act17side,110,我々は可及的速やかに問題を解決してくる。,char_003_kalts_1#1
level_act17side_st03.json,SN-ST-3,無人の大通り,act17side,382,カルメン閣下、離れてください！,char_003_kalts_1#2
level_act17side_st03.json,SN-ST-3,無人の大通り,act17side,386,Mon3tr！,char_003_kalts_1#3
level_act17side_st03.json,SN-ST-3,無人の大通り,act17side,393,メルトダウン。,char_003_kalts_1#2
level_act17side_st04.json,SN-ST-4,海沿いの大通り,act17side,458,――Mon3tr、家ごと焼き尽くせ。,char_003_kalts_1#3
level_act17side_st04.json,SN-ST-4,海沿いの大通り,act17side,470,見たところ、エーギルの技術に頼らずとも、溟痕を取り除くことはできるようだな。,char_003_kalts_1#1
level_act17side_st04.json,SN-ST-4,海沿いの大通り,act17side,478,無事で何よりだ。一体何があった？,char_003_kalts_1#1
level_act17side_st04.json,SN-ST-4,海沿いの大通り,act17side,484,……それと、そこで呆けているエーギル人は誰だ？,char_003_kalts_1#1
level_act17side_st04.json,SN-ST-4,海沿いの大通り,act17side,569,隔絶の先に待つのは袋小路です。これ以上その話題を続けるおつもりであれば、イベリアとエーギルは滅びたも同然かと。,char_003_kalts_1#1
level_act17side_st04.json,SN-ST-4,海沿いの大通り,act17side,570,とはいえ、それでも文明は滅びず、単に変化していくだけですが――この次の文明は、人類とは無関係のものとなるでしょうね。,char_003_kalts_1#1
level_act17side_st04.json,SN-ST-4,海沿いの大通り,act17side,577,私の考えは、あくまでもあなた方を救うためのもの。イベリアにはそれを拒絶する権利がありますし、エーギルもまた同じことです。,char_003_kalts_1#1
level_act17side_st04.json,SN-ST-4,海沿いの大通り,act17side,581,そちらの若く優秀なお嬢さんを含めれば、この場には裁判所の人間とアビサルハンターが三人ずついる、ということになります。,char_003_kalts_1#1
level_act17side_st04.json,SN-ST-4,海沿いの大通り,act17side,582,加えて、この広場にはエーギル人が築いたイベリアの景観が広がっており、交渉の場を飾るには最適といえるでしょう。,char_003_kalts_1#1
level_act17side_st04.json,SN-ST-4,海沿いの大通り,act17side,583,――今この時も、溟痕は広がり続け、恐魚は町に営巣し、同時に以前とはまったく異なる形に変化しています。この「変化」は、十分警戒に値するものです。,char_003_kalts_1#1
level_act17side_st04.json,SN-ST-4,海沿いの大通り,act17side,584,この期に及んで海の脅威の全貌が見えていないというのなら、確かに我々は皆一歩引き、アビサルハンターがその身を犠牲に稼いだ貴重な時間が無駄になるのを、黙って見過ごすべきかもしれません。,char_003_kalts_1#1
level_act17side_st04.json,SN-ST-4,海沿いの大通り,act17side,588,勿論だ。そうでなければ、大いなる静謐のあとのイベリアが、命を長らえることなどできなかっただろう。,char_003_kalts_1#1
level_act17side_st04.json,SN-ST-4,海沿いの大通り,act17side,589,……カルメン閣下におかれましても、エーギルに対する先入観を暫くの間手放していただけますと幸いです。あなたの――,char_003_kalts_1#1
level_act17side_st04.json,SN-ST-4,海沿いの大通り,act17side,618,ああ。船を探すも、エーギルへ帰る手段を探すも、君の判断に任せよう。,char_003_kalts_1#1
level_act17side_st04.json,SN-ST-4,海沿いの大通り,act17side,619,海へ深入りすることは誰にとっても危険な行為だが、君たちからすれば、単なる里帰りに過ぎないのだろうしな。,char_003_kalts_1#1
level_act17side_st04.json,SN-ST-4,海沿いの大通り,act17side,623,――我々が伝えたことを忘れるな。願わくば、エーギルに戻った時には、彼の地に起きたすべてをもう一度確かめてくれ。,char_003_kalts_1#1
level_act17side_st04.json,SN-ST-4,海沿いの大通り,act17side,649,待ってくれ。,char_003_kalts_1#3
level_act17side_st04.json,SN-ST-4,海沿いの大通り,act17side,667,彼がブレオガンの子孫だとしてもか？,char_003_kalts_1#1
level_act17side_st04.json,SN-ST-4,海沿いの大通り,act17side,696,ありがとうございます、閣下。しかし正確に述べるのなら、私の望みは、エーギルとイベリアが今後長きにわたって、真の意味での協力関係となることにあります。,char_003_kalts_1#1
level_act17side_st04.json,SN-ST-4,海沿いの大通り,act17side,700,なるほど。……ならば早速ですが、この荒れ果てた海をイベリアの眼で見つめ直すといたしましょう。,char_003_kalts_1#1
level_act17side_st05.json,SN-ST-5,上陸地点,act17side,259,船が出た以上、海は穏やかでなくなることでしょう。,char_003_kalts_1#1
level_act17side_st05.json,SN-ST-5,上陸地点,act17side,264,それにしても、イベリアがエーギルの技術を用いて、溟痕の侵食に対抗できるほどになっているとは思いませんでした。,char_003_kalts_1#1
level_act17side_st05.json,SN-ST-5,上陸地点,act17side,268,軍隊の動員も、その手段のひとつということですか。,char_003_kalts_1#1
level_act17side_st10.json,SN-ST-10,甲板室,act17side,518,まだティアゴのことをお考えのようですね。,char_003_kalts_1
level_act17side_st10.json,SN-ST-10,甲板室,act17side,526,懲罰軍の誰かの不注意が、今にしてみれば、我々の手間を大きく省いてくれたようですね。,char_003_kalts_1
level_act17side_st10.json,SN-ST-10,甲板室,act17side,532,…………,char_003_kalts_1
level_act17side_st10.json,SN-ST-10,甲板室,act17side,534,……もうじきに、イベリアの眼へ辿り着きますよ。,char_003_kalts_1
level_act17side_st12.json,SN-ST-12,グランファーロ,act17side,457,どうか感謝の意を表させてくれ、Frost。ジョディと狩人たちを助けてくれたのは君だろう。,char_003_kalts_1
level_act17side_st12.json,SN-ST-12,グランファーロ,act17side,463,ああ、そうさせてもらおう。,char_003_kalts_1
level_act17side_st12.json,SN-ST-12,グランファーロ,act17side,477,……感謝する。いずれ、我々が真の意味で協力関係を築くことのできる日もくるだろう。,char_003_kalts_1
level_act17side_st12.json,SN-ST-12,グランファーロ,act17side,491,それは少し違う。,char_003_kalts_1
level_act17side_st12.json,SN-ST-12,グランファーロ,act17side,493,確かに、炎国、サルゴン、サーミ……この国々は、巨獣によって引き起こされた問題に直面したことがある。,char_003_kalts_1
level_act17side_st12.json,SN-ST-12,グランファーロ,act17side,495,しかし、忘れてはならない。,char_003_kalts_1
level_act17side_st12.json,SN-ST-12,グランファーロ,act17side,497,海で起こる異変には、ほかにはない特異性が存在している。その具体的な原理や推移のことは、私でさえ正確にはわからない。,char_003_kalts_1
level_act17side_st12.json,SN-ST-12,グランファーロ,act17side,499,私には結果をもとに、未来を予測することしかできないんだ。さらに言えば、それは決して明るい未来ではない。,char_003_kalts_1
level_act17side_st12.json,SN-ST-12,グランファーロ,act17side,501,加えて、私が思うに、ブレオガンはこのほかの真実についても推測を立てていたはずだ。君の言っていたように、もう一人のアビサルハンターが生きているのなら……,char_003_kalts_1
level_act17side_st12.json,SN-ST-12,グランファーロ,act17side,507,君たちが殺した「あれ」は、スカジの体に宿っている。,char_003_kalts_1
level_act17side_st12.json,SN-ST-12,グランファーロ,act17side,509,となると、私が立てた中でも最悪の予想が的中したことになるな。君たちがエーギルへ帰らなかったことは、実に賢明な判断だ。,char_003_kalts_1
level_act17side_st12.json,SN-ST-12,グランファーロ,act17side,513,……,char_003_kalts_1
level_act17side_st12.json,SN-ST-12,グランファーロ,act17side,515,君の言うように、ロドスには……ロドスの責務がある。ロドスの運行は優秀なオペレーターたちが支えてくれているんだ。,char_003_kalts_1
level_act17side_st12.json,SN-ST-12,グランファーロ,act17side,517,だがこの数万年で、私にも自分自身の責務というものが芽生えた。,char_003_kalts_1
level_act17side_st12.json,SN-ST-12,グランファーロ,act17side,519,私はこれまでに幾度も、エーギルが直面する問題を解決しようと試みてきた。しかし、エーギルは大地を離れ、孤立しつつある。,char_003_kalts_1
level_act17side_st12.json,SN-ST-12,グランファーロ,act17side,521,海の問題はもはや、源石と同レベルのものとなった。,char_003_kalts_1
level_act17side_st12.json,SN-ST-12,グランファーロ,act17side,523,これ以上先延ばしにするわけにはいかないんだ。,char_003_kalts_1
level_act17side_st12.json,SN-ST-12,グランファーロ,act17side,529,文明を存続させたいと願うのなら、この災禍を乗り越えなくては。,
level_act17side_st12.json,SN-ST-12,グランファーロ,act17side,534,たとえ、世界には依然として争いが絶えず、スタルティフィラが冠するその名にあるような、「狂った」わだかまりや戦乱が起き続けるのだとしてもな。,
level_act17side_st12.json,SN-ST-12,グランファーロ,act17side,539,テラは蔓延する病と無知蒙昧の人々、そして狂気と混沌の中で理性を追い求める聖人たちで満ちている。,
level_act17side_st12.json,SN-ST-12,グランファーロ,act17side,546,今、君は進化の根源を知り、あらゆる推測を検証した。エーギルの都市は手の届く場所にあり、傲慢なイベリアでさえも殻にこもることを諦めたんだ。,char_003_kalts_1
level_act17side_st12.json,SN-ST-12,グランファーロ,act17side,548,始めるとしよう。総戦略設計士殿。,char_003_kalts_1
level_act18d0_01_beg.json,WD-1,囲まれたレッドホーン,act18d0,642,  そうだ。,char_003_kaltsn07_1#2
level_act18d0_01_beg.json,WD-1,囲まれたレッドホーン,act18d0,643,  いい記憶力だな、エリオット。,char_003_kaltsn07_1#2
level_act18d0_01_end.json,WD-1,囲まれたレッドホーン,act18d0,18,  目標物の回収を完了した。他の部隊が徒党を組んで我々を襲撃してくる前に、ここを離れる。,char_003_kaltsn07_1
level_act18d0_01_end.json,WD-1,囲まれたレッドホーン,act18d0,33,  では、行こう。,char_003_kaltsn07_1
level_act18d0_01_end.json,WD-1,囲まれたレッドホーン,act18d0,41,  ……,char_003_kaltsn07_1
level_act18d0_01_end.json,WD-1,囲まれたレッドホーン,act18d0,57,  好きにさせてやれ。,char_003_kaltsn07_1
level_act18d0_01_end.json,WD-1,囲まれたレッドホーン,act18d0,61,  彼が逃げると思うか？,char_003_kaltsn07_1
level_act18d0_01_end.json,WD-1,囲まれたレッドホーン,act18d0,65,  ああ。,char_003_kaltsn07_1
level_act18d0_01_end.json,WD-1,囲まれたレッドホーン,act18d0,77,  ……,char_003_kaltsn07_1#3
level_act18d0_01_end.json,WD-1,囲まれたレッドホーン,act18d0,84,  ……エリオット。,char_003_kaltsn07_1#3
level_act18d0_01_end.json,WD-1,囲まれたレッドホーン,act18d0,88,  伏せろ。箱をしっかりと抱えておけ。,char_003_kaltsn07_1#3
level_act18d0_01_end.json,WD-1,囲まれたレッドホーン,act18d0,116,  Mon3tr。,char_003_kaltsn07_1#3
level_act18d0_01_end.json,WD-1,囲まれたレッドホーン,act18d0,123,  違う、早合点するな。,char_003_kaltsn07_1
level_act18d0_01_end.json,WD-1,囲まれたレッドホーン,act18d0,124,  この子を守れ。,char_003_kaltsn07_1
level_act18d0_01_end.json,WD-1,囲まれたレッドホーン,act18d0,133,  気を抜くな、Mon3tr。,char_003_kaltsn07_1
level_act18d0_01_end.json,WD-1,囲まれたレッドホーン,act18d0,182,  この砂漠で武装車両から徒歩で逃げようとするのは、賢い選択とは言えないな。,char_003_kaltsn07_1
level_act18d0_01_end.json,WD-1,囲まれたレッドホーン,act18d0,183,  ここに残るのが、最も安全だ。,char_003_kaltsn07_1
level_act18d0_01_end.json,WD-1,囲まれたレッドホーン,act18d0,190,  いいや。戦争はクルビアに多くの利益をもたらすが、誰一人としてそれが他人のポケットに入るのを良しとしていない。利益の分配において、あらゆる者を満足させるのは難しいことだろう。,char_003_kaltsn07_1
level_act18d0_01_end.json,WD-1,囲まれたレッドホーン,act18d0,191,  彼らの上級顧問として、私はすでに十分な忠告をしてやった。,char_003_kaltsn07_1
level_act18d0_01_end.json,WD-1,囲まれたレッドホーン,act18d0,192,  あらゆる「裏切り」の可能性も含めてな。,char_003_kaltsn07_1
level_act18d0_01_end.json,WD-1,囲まれたレッドホーン,act18d0,198,  気付いていないようだから確認しておくべきだろう。エリオット、ここには君も座っている。私の庇護を受けてな。,char_003_kaltsn07_1
level_act18d0_01_end.json,WD-1,囲まれたレッドホーン,act18d0,205,  反論するつもりはない。確かに彼らは、その箱を破壊できない――サルゴンのジャングルの半分を砂漠に変えてしまう可能性のある、アーツ技術の原型を。,char_003_kaltsn07_1
level_act18d0_01_end.json,WD-1,囲まれたレッドホーン,act18d0,206,  それは、全く新しい動力源としてカモフラージュされているがな。,char_003_kaltsn07_1
level_act18d0_01_end.json,WD-1,囲まれたレッドホーン,act18d0,224,  ……わかった。,char_003_kaltsn07_1
level_act18d0_01_end.json,WD-1,囲まれたレッドホーン,act18d0,261,  私はサルゴンに入る前に、忠告したはずだが。,char_003_kaltsn07_1
level_act18d0_01_end.json,WD-1,囲まれたレッドホーン,act18d0,265,  今更ここで答え合わせをしたいのか。……軍部はサルゴンに火を放つ必要があった。燃え上がる戦いの気運は彼らに財をもたらすからだ。,char_003_kaltsn07_1
level_act18d0_01_end.json,WD-1,囲まれたレッドホーン,act18d0,266,  工場、鉱山、武器貿易……己をより肥え太らせるため、クルビアが常にこの古い国を食い物にしているのは周知の事実だろう。軍部も例外ではなかったということだ。,char_003_kaltsn07_1
level_act18d0_01_end.json,WD-1,囲まれたレッドホーン,act18d0,267,  彼らは「サンドソルジャー」の発足を促し、科学研究員を連れてサルゴンに……「技術援助」のために向かわせた。それで上手く自身の目的を達成できると軍部は確信していた。,char_003_kaltsn07_1
level_act18d0_01_end.json,WD-1,囲まれたレッドホーン,act18d0,271,  正確には、酒類・煙草・アーツユニット及び源石製品管理局、そしてその背後にある何らかの勢力がそうは思っていなかったと言うべきだろう。,char_003_kaltsn07_1
level_act18d0_01_end.json,WD-1,囲まれたレッドホーン,act18d0,272,  一部の者の目にはサルゴンは腐敗し、その隆盛はすでに過去のものとなったと映っているかもしれない。しかしかの古豪は未だに人々を支配して平伏させるだけの力を秘めている。,char_003_kaltsn07_1
level_act18d0_01_end.json,WD-1,囲まれたレッドホーン,act18d0,273,  管理局の見方は正しいとしか言いようがない。,char_003_kaltsn07_1
level_act18d0_01_end.json,WD-1,囲まれたレッドホーン,act18d0,274,  クルビア人の一部は莫大な富と権力を手にしたがゆえに、万能感で視覚が狂ったのだ。己の力量も相手の強大さも見誤り、何の代償も支払わずにサルゴンを排斥できると勘違いしてしまった。,char_003_kaltsn07_1
level_act18d0_01_end.json,WD-1,囲まれたレッドホーン,act18d0,275,  パーディシャーの誰かが気まぐれに一言発するだけで、クルビアの証券取引所の数字は容易く上下するにもかかわらず、彼らはそうしたサルゴンの強大な力がまるで見えていないように振る舞った。,char_003_kaltsn07_1
level_act18d0_01_end.json,WD-1,囲まれたレッドホーン,act18d0,276,  会社の中で座したまま指示を出すだけの者であれば、無知でも構わないだろう。失策だったという報告を受けるだけだ。だが現場の君たちは、自分が一体何をしているのかを知っておいた方がいい。,char_003_kaltsn07_1
level_act18d0_01_end.json,WD-1,囲まれたレッドホーン,act18d0,277,  なぜなら、それが君たちの生死に密接に関わっているからだ。,char_003_kaltsn07_1
level_act18d0_01_end.json,WD-1,囲まれたレッドホーン,act18d0,281,  君は会社が何をしようとしているか知っているはずだ。,char_003_kaltsn07_1
level_act18d0_01_end.json,WD-1,囲まれたレッドホーン,act18d0,282,  エリオットが抱える箱は、ある首長との取引を成立させるために、軍の上層部の者がブライアン創生科学研究所の大株主を脅迫し、非公式という形でサルゴンに輸出しようとしたものだ。,char_003_kaltsn07_1
level_act18d0_01_end.json,WD-1,囲まれたレッドホーン,act18d0,283,  軍が取引したのは、簡単かつ乱暴な方法でイバトに内乱を起こし、利益を得るためだ。その目論見が実現した場合、パーディシャーたちがみすみす内乱を静観すると思うか？,char_003_kaltsn07_1
level_act18d0_01_end.json,WD-1,囲まれたレッドホーン,act18d0,284,  帝国が出張って来ないとでも？　箱の出所が掴まれないとでも？　管理局は考えた――砂嵐の中に隠れる古代帝国の中心にまで戦火が及べば、自分たちの「金を稼ぐ」手段が全て灰と化してしまうと。,char_003_kaltsn07_1
level_act18d0_01_end.json,WD-1,囲まれたレッドホーン,act18d0,288,  だが軍もバカではない。社内における軍のスパイ――君も知ってる人物だろう――彼はスタウトハンマー小隊を買収し、図面がサルゴンに留まるように仕向け、首長の誰かが武力蜂起するのを待った。,char_003_kaltsn07_1
level_act18d0_01_end.json,WD-1,囲まれたレッドホーン,act18d0,293,  私以外の顧問は全員、社内で起きたこの一連の動きを黙認した。,char_003_kaltsn07_1
level_act18d0_01_end.json,WD-1,囲まれたレッドホーン,act18d0,294,  業務総括は中立を保ち、互いに牽制させ合った。そしてその結果、より多額のグレーゾーン収入を生み出したのだ。,char_003_kaltsn07_1
level_act18d0_01_end.json,WD-1,囲まれたレッドホーン,act18d0,305,  彼はエリオット・グラバー、十三歳にして飛び級で大学を卒業した後に、地元の科学アカデミーに入所、源石技術科で学んだ天才だ。,char_003_kaltsn07_1
level_act18d0_01_end.json,WD-1,囲まれたレッドホーン,act18d0,306,  それから三年後、この若き天才はソーン教授のお眼鏡に適い、彼の助手として育てられた。そして今回「サンドソルジャー」の一員として連れて来られた。,char_003_kaltsn07_1
level_act18d0_01_end.json,WD-1,囲まれたレッドホーン,act18d0,307,  「砂の兵士」というコードネームを与えられた研究者の小隊は、任務先のここサルゴンで、何が待ち受けているのかを全く知らなかったのだ。何も知らされず出発し――,char_003_kaltsn07_1
level_act18d0_01_end.json,WD-1,囲まれたレッドホーン,act18d0,308,  ――無残にも砂嵐の中で命を落とした最後の瞬間まで、彼らは蚊帳の外だった。その唯一の生存者が事件の全容を知る機会を奪う権利は、私たちの誰にもないはずだが。,char_003_kaltsn07_1
level_act18d0_01_end.json,WD-1,囲まれたレッドホーン,act18d0,315,  会社は箱が誰の手に渡るかなんてそもそも興味がない。君たちのどちらかが生き残って任務を果たせば、会社は報酬を得られる。さらに言えば、たとえ君たち全員がここで死んだとしても……,char_003_kaltsn07_1
level_act18d0_01_end.json,WD-1,囲まれたレッドホーン,act18d0,316,  彼らの懐に入る硬貨は、一枚たりとも変わらない。虎視眈眈と台頭の機会を窺っている首長やパーディシャーが、君たちの代わりに後始末をしてくれるからな。,char_003_kaltsn07_1
level_act18d0_01_end.json,WD-1,囲まれたレッドホーン,act18d0,317,  つまり、どのみち今回の事件を契機にして、この国には混乱がもたらされる。そうすれば軍の目論見は達成され、戦乱の対価は遠くクルビアの会社で座る誰かの懐を、予定通り潤すことになる。,char_003_kaltsn07_1
level_act18d0_01_end.json,WD-1,囲まれたレッドホーン,act18d0,318,  君たちが莫大な報酬につられてサルゴンにやって来た瞬間から、すでに退路はなかったのだ。,char_003_kaltsn07_1
level_act18d0_01_end.json,WD-1,囲まれたレッドホーン,act18d0,330,  冷静になれ、傭兵。君が業務総括から別の密命を受けているのは私も知っている。だがもう君にもわかっているはずだ、今となってまだ命令に従って行動しても、自ら生きる道を断つだけだぞ。,char_003_kaltsn07_1
level_act18d0_01_end.json,WD-1,囲まれたレッドホーン,act18d0,336,  それは残念だな。,char_003_kaltsn07_1
level_act18d0_01_end.json,WD-1,囲まれたレッドホーン,act18d0,343,  ……クルビア、サルゴン、そして恐らくはヴィクトリアも……多数の勢力がこの件に関与している。そして、それぞれの陰謀はすべてある一つの結末を指し示している。,char_003_kaltsn07_1#3
level_act18d0_01_end.json,WD-1,囲まれたレッドホーン,act18d0,347,  そうだ。そして戦争は破滅をもたらす。,char_003_kaltsn07_1#3
level_act18d0_01_end.json,WD-1,囲まれたレッドホーン,act18d0,349,  私はただ、この破滅を阻止したいだけだ。非力ながらも、な。,char_003_kaltsn07_1
level_act18d0_01_end.json,WD-1,囲まれたレッドホーン,act18d0,354,  洞窟に追いやられた十六名の傭兵たち、一人の科学者の卵、そして一人の傭兵企業の顧問が、数百万の命の行く先について腰を下ろして共に語り合うなど、一体誰が信じられるだろうな……,char_003_kaltsn07_1
level_act18d0_01_end.json,WD-1,囲まれたレッドホーン,act18d0,355,  最後に一つ言っておこう。たとえ業務総括の望み通り、邪魔な顧問がサルゴンで消えたとしても、それは君が安全に家に帰れることを意味しているわけではない。,char_003_kaltsn07_1
level_act18d0_01_end.json,WD-1,囲まれたレッドホーン,act18d0,356,  この砂漠にいるすべての殺し屋が、「サンドソルジャー」の遺産を持ち去ったのは君たちだと思っている……そして彼らは確実に、首長の謀略をぶち壊したクルビア人を殲滅しようとするだろう。,char_003_kaltsn07_1
level_act18d0_01_end.json,WD-1,囲まれたレッドホーン,act18d0,360,  君は私を殺した後、エリオットを交渉材料にするつもりだろう。だが果たして、平和的対話を図る余地はあるだろうか。彼らにとっては君をどうにかする方がよほど楽で早い解決方法だろう。,char_003_kaltsn07_1
level_act18d0_01_end.json,WD-1,囲まれたレッドホーン,act18d0,368,  ……君はこれからはどうするつもりだ？,char_003_kaltsn07_1
level_act18d0_01_end.json,WD-1,囲まれたレッドホーン,act18d0,372,  逆だな。もし私が一緒に行けば、君たちの危険が増すだけだ。,char_003_kaltsn07_1
level_act18d0_01_end.json,WD-1,囲まれたレッドホーン,act18d0,373,  だが少なくとも、私は君たちのために退却路を示すことはできるだろう。君たちがミノスに密航する手助けをしよう。おそらくこれが最も安全なルートだ。,char_003_kaltsn07_1
level_act18d0_01_end.json,WD-1,囲まれたレッドホーン,act18d0,377,  私の目的地はまた別の場所にある。,char_003_kaltsn07_1
level_act18d0_01_end.json,WD-1,囲まれたレッドホーン,act18d0,381,  勘違いするな、これは生き延びてこの地を去る者たちのために用意したものだ。それが誰であろうとな。,char_003_kaltsn07_1
level_act18d0_01_end.json,WD-1,囲まれたレッドホーン,act18d0,385,  そんな大層なものではない。疑わしいのであれば、一つの取引だとみなしてくれ。,char_003_kaltsn07_1
level_act18d0_01_end.json,WD-1,囲まれたレッドホーン,act18d0,390,  十六対二か、随分とお買い得だな。,char_003_kaltsn07_1#2
level_act18d0_01_end.json,WD-1,囲まれたレッドホーン,act18d0,402,  イバト地区に闇市がある。地元の武器商や源石製品の地下商人たちは「沁礁闇市」と呼んでいる。,char_003_kaltsn07_1
level_act18d0_01_end.json,WD-1,囲まれたレッドホーン,act18d0,403,  その闇市へ行く。そこの密航者なら私たちの力になってくれる。,char_003_kaltsn07_1
level_act18d0_01_end.json,WD-1,囲まれたレッドホーン,act18d0,407,  どうした？,char_003_kaltsn07_1
level_act18d0_01_end.json,WD-1,囲まれたレッドホーン,act18d0,471,  落ち着いたか？,char_003_kaltsn07_1
level_act18d0_01_end.json,WD-1,囲まれたレッドホーン,act18d0,472,  研究員を含む「サンドソルジャー」小隊は、トカロントを出る際、少なくとも百人規模だった。生き残ったのは君一人だ。,char_003_kaltsn07_1
level_act18d0_01_end.json,WD-1,囲まれたレッドホーン,act18d0,473,  君は虐殺を経験したばかりだ。難しいだろうが、できるだけ早く元の精神状態を取り戻さなくてはならない。,char_003_kaltsn07_1
level_act18d0_01_end.json,WD-1,囲まれたレッドホーン,act18d0,477,  君が抱いているアーツの原型図面を回収する。私の予想が外れてなければ、恐らく源石結晶サンプルも入っているだろう。,char_003_kaltsn07_1
level_act18d0_01_end.json,WD-1,囲まれたレッドホーン,act18d0,482,  そうしたところで、戦争の勃発が先延ばしになるだけだが、十分な時間稼ぎはできる。クルビアにいる私の同僚たちが、この件に干渉が可能になる程度にはな。,char_003_kaltsn07_1
level_act18d0_01_end.json,WD-1,囲まれたレッドホーン,act18d0,483,  君は、その箱の中身が何なのかを全く理解していない。こちらに渡してもらおう。,char_003_kaltsn07_1
level_act18d0_01_end.json,WD-1,囲まれたレッドホーン,act18d0,487,  君が信じるか否かはさておき、数で計れぬほどの情熱や命と引き換えに得られた成果が、一介の理論科学者にとってどれほど重要であるかを、私は深く理解している。,char_003_kaltsn07_1
level_act18d0_01_end.json,WD-1,囲まれたレッドホーン,act18d0,488,  だが、この「新型源石エネルギーアーツ転換装置」と名付けられたものが、もし別の目的で使用されたとしたら、それがどれだけ深刻な被害をもたらすかも私は理解している。,char_003_kaltsn07_1
level_act18d0_01_end.json,WD-1,囲まれたレッドホーン,act18d0,492,  多くの者がそれに気付いていただろう。もちろん、君の先生もだ。,char_003_kaltsn07_1
level_act18d0_01_end.json,WD-1,囲まれたレッドホーン,act18d0,553,  ソーン教授の研究は、最初から悪用しようとする者に目を付けられていた。研究結果を欲する連中は資金の支援もしていた。,char_003_kaltsn07_1
level_act18d0_01_end.json,WD-1,囲まれたレッドホーン,act18d0,554,  ただそうした金銭は複数の口座を経由して、新興エネルギー市場に憧れを抱いているよう装った商人から彼に渡された。そのせいで教授は疑いを持たなかったのだ。,char_003_kaltsn07_1
level_act18d0_01_end.json,WD-1,囲まれたレッドホーン,act18d0,555,  私は彼に忠告したことがある。だが実験の成功と前進が、彼の眼を曇らせてしまったのかもしれない。,char_003_kaltsn07_1
level_act18d0_01_end.json,WD-1,囲まれたレッドホーン,act18d0,559,  完璧な人間などいない。だがエリオット、君たちが全てを捧げた研究がサルゴンを燃やす戦火の火種になることは絶対にない。そのために私はここに来た。そして君の協力を必要としている。,char_003_kaltsn07_1
level_act18d0_01_end.json,WD-1,囲まれたレッドホーン,act18d0,560,  ふむ……君には、考えをまとめる時間があと五分ある。それから出発しよう。,char_003_kaltsn07_1
level_act18d0_01_end.json,WD-1,囲まれたレッドホーン,act18d0,565,  でなければ君はこの砂漠で死ぬだけだ。君の数学と源石応用に関する才能は否定しない。だが君は、どの植物から安全に水分補給できるかすらわからないだろう。,char_003_kaltsn07_1
level_act18d0_01_end.json,WD-1,囲まれたレッドホーン,act18d0,566,  私は、「サンドソルジャー」の真実を知る最後の若者が、目の前で無駄に命を落とすのを見たくない。,char_003_kaltsn07_1
level_act18d0_01_end.json,WD-1,囲まれたレッドホーン,act18d0,567,  勿論、もし君が既に行動する意味を失い、前に進む必要がないと感じるのなら、君をサルゴンの田舎に避難させてやることもできる。,char_003_kaltsn07_1
level_act18d0_01_end.json,WD-1,囲まれたレッドホーン,act18d0,573,  もう一度君に繰り返す必要があるというのなら……今の私は、クルビアウェスティン警備会社の上級顧問兼術師教官だ。,char_003_kaltsn07_1
level_act18d0_01_end.json,WD-1,囲まれたレッドホーン,act18d0,574,  ――私は、ケルシーだ。,char_003_kaltsn07_1
level_act18d0_02_beg.json,WD-2,オアシスの霹靂,act18d0,60,  歯を食いしばれ、堪えるんだ。,char_003_kalts_1#3
level_act18d0_02_beg.json,WD-2,オアシスの霹靂,act18d0,74,  野獣に襲われた。応急処置をしているところだ。,char_003_kalts_1
level_act18d0_02_beg.json,WD-2,オアシスの霹靂,act18d0,76,  メス。,char_003_kalts_1#3
level_act18d0_02_beg.json,WD-2,オアシスの霹靂,act18d0,82,  ……,char_003_kalts_1#2
level_act18d0_02_beg.json,WD-2,オアシスの霹靂,act18d0,86,  そうだ。,char_003_kalts_1
level_act18d0_02_beg.json,WD-2,オアシスの霹靂,act18d0,90,  ほとんどの感染生物は人々が思っているよりも清潔だ。噛まれた痕を見る限り、恐らく付近をうろつく獠獣だろうな。,char_003_kalts_1
level_act18d0_02_beg.json,WD-2,オアシスの霹靂,act18d0,94,  感染生物は、様々な病原菌と共存が可能な因子を持っているのかもしれないが、人間にはそんなものはない。,char_003_kalts_1
level_act18d0_02_beg.json,WD-2,オアシスの霹靂,act18d0,96,  状況は深刻だ。源石感染だけでなく、患部壊死の兆候も見られる。,char_003_kalts_1#3
level_act18d0_02_beg.json,WD-2,オアシスの霹靂,act18d0,101,  落ち着いて、深呼吸するんだ。,char_003_kalts_1
level_act18d0_02_beg.json,WD-2,オアシスの霹靂,act18d0,117,  ……よく学んでいるな。,char_003_kalts_1#4
level_act18d0_02_beg.json,WD-2,オアシスの霹靂,act18d0,119,  注射器を。そのグレーの薬箱の中だ。,char_003_kalts_1
level_act18d0_02_beg.json,WD-2,オアシスの霹靂,act18d0,123,  必要な事態はいずれ起きるものだからな。,char_003_kalts_1
level_act18d0_02_beg.json,WD-2,オアシスの霹靂,act18d0,130,  高くはない、気にするな。今の最優先事項は、君の急性鉱石病反応を抑制し、源石結晶粉末の爆発を回避することだ。,char_003_kalts_1
level_act18d0_02_beg.json,WD-2,オアシスの霹靂,act18d0,131,  君は、自分のせいで他の村人を苦しめたくない、そうだろう？,char_003_kalts_1
level_act18d0_02_beg.json,WD-2,オアシスの霹靂,act18d0,136,  落ち着いて呼吸するんだ、落ち着いて。,char_003_kalts_1#3
level_act18d0_02_beg.json,WD-2,オアシスの霹靂,act18d0,137,  大丈夫だから。,char_003_kalts_1#3
level_act18d0_02_beg.json,WD-2,オアシスの霹靂,act18d0,144,  残念だが……,char_003_kalts_1
level_act18d0_02_beg.json,WD-2,オアシスの霹靂,act18d0,150,  ここには何もない。だが我々が何もできないというわけではない。スプレーを持ってくるんだ。,char_003_kalts_1#2
level_act18d0_02_beg.json,WD-2,オアシスの霹靂,act18d0,154,  源石粉末が彼の傷口から侵入した段階で、彼はすでに感染者になる運命なのだ。私にできるのは彼の命を最大限延ばしてやることだけだ。,char_003_kalts_1
level_act18d0_02_beg.json,WD-2,オアシスの霹靂,act18d0,161,  患者の年齢を考えると、抑制剤自体がかなりの負担を伴う。耐えて待つしかない。,char_003_kalts_1
level_act18d0_02_beg.json,WD-2,オアシスの霹靂,act18d0,180,  必要ない。医師の職責を全うしただけだ。それよりも感染者となってしまった後のことこそ……君たちが本当に考えなければならないことだ。すまないが、今の環境ではこれ以上私は何もできない。,char_003_kalts_1
level_act18d0_02_beg.json,WD-2,オアシスの霹靂,act18d0,184,  君の判断は正しい。お爺さん、少し我慢してくれ。,char_003_kalts_1#3
level_act18d0_02_beg.json,WD-2,オアシスの霹靂,act18d0,193,  ……ご苦労だった、リリア。,char_003_kalts_1#4
level_act18d0_02_beg.json,WD-2,オアシスの霹靂,act18d0,197,  そうだな、歩きながら話そう。,char_003_kalts_1
level_act18d0_02_beg.json,WD-2,オアシスの霹靂,act18d0,198,  君は……あの虐殺の後にこうして私と話すのは嫌かもしれないが、君が生きていてくれることを私は心から嬉しく思う。,char_003_kalts_1
level_act18d0_02_beg.json,WD-2,オアシスの霹靂,act18d0,203,  一時的に留まっているだけだ。,char_003_kalts_1
level_act18d0_02_beg.json,WD-2,オアシスの霹靂,act18d0,207,  私は……君たちの間で憎しみの連鎖が続いてほしくない。特に、この憎しみは自滅的な行為だけでなく、あの殺人者たちからの直接的な報復を招くことになるからな。,char_003_kalts_1
level_act18d0_02_beg.json,WD-2,オアシスの霹靂,act18d0,211,  否定はしない。だがリリア――,char_003_kalts_1#4
level_act18d0_02_beg.json,WD-2,オアシスの霹靂,act18d0,219,  私の教え子だ。警戒する必要はない、彼女は私を迎えに来たのだ。,char_003_kalts_1
level_act18d0_02_beg.json,WD-2,オアシスの霹靂,act18d0,228,  わかった。,char_003_kalts_1
level_act18d0_02_beg.json,WD-2,オアシスの霹靂,act18d0,241,  私はただ医師としての本分を尽くしただけだ。それに対し、彼らは十分な善意を返してくれた。,char_003_kalts_1
level_act18d0_02_beg.json,WD-2,オアシスの霹靂,act18d0,245,  移動都市の航路に近づいたとしても、そのことが彼らに利益や繁栄をもたらすことはない。,char_003_kalts_1
level_act18d0_02_beg.json,WD-2,オアシスの霹靂,act18d0,246,  逆に、権力にすり寄る土地の有力者どもが監視隊に供するための土地を明け渡せと貧民に迫ることだろう。,char_003_kalts_1
level_act18d0_02_beg.json,WD-2,オアシスの霹靂,act18d0,247,  そのため彼らは、医学を学んだ普通の医師すら雇うことができず、まだ年端もいかぬ少女をただのウイルス性の風邪で危うく死なせてしまうところだった。,char_003_kalts_1
level_act18d0_02_beg.json,WD-2,オアシスの霹靂,act18d0,251,  論文やデータに対して指摘するだけの科学者だと思っていたか。,char_003_kalts_1
level_act18d0_02_beg.json,WD-2,オアシスの霹靂,act18d0,255,  初めから私は医者だったのかもな。ただ治療の対象や、戦うべき病巣が変化しているだけだ。,char_003_kalts_1
level_act18d0_02_beg.json,WD-2,オアシスの霹靂,act18d0,259,  ……リリア。,char_003_kalts_1
level_act18d0_02_beg.json,WD-2,オアシスの霹靂,act18d0,260,  君の娘は？,char_003_kalts_1
level_act18d0_02_beg.json,WD-2,オアシスの霹靂,act18d0,266,  本来なら君は、そうせずに済んだはずだ。ルイーサと共に、身元を隠して生きていきたいと願うのであれば――,char_003_kalts_1
level_act18d0_02_beg.json,WD-2,オアシスの霹靂,act18d0,270,  私は君を止めたいだけだ。だが、娘でさえ足を止める理由にならないのであれば、私の言葉など君の耳には届かないだろう。,char_003_kalts_1
level_act18d0_02_beg.json,WD-2,オアシスの霹靂,act18d0,284,  ……,char_003_kalts_1
level_act18d0_02_beg.json,WD-2,オアシスの霹靂,act18d0,290,  直感？,char_003_kalts_1
level_act18d0_02_beg.json,WD-2,オアシスの霹靂,act18d0,296,  事件を捜査するにあたり、彼らはウルサスの最新技術に頼り過ぎているからな。それがかえって私のチャンスになった。,char_003_kalts_1
level_act18d0_02_beg.json,WD-2,オアシスの霹靂,act18d0,300,  ――正直に教えてくれ、リリア。一体何人が君の計画に参加しているのだ？,char_003_kalts_1
level_act18d0_02_beg.json,WD-2,オアシスの霹靂,act18d0,305,  いつからこの計画を？,char_003_kalts_1
level_act18d0_02_beg.json,WD-2,オアシスの霹靂,act18d0,311,  リリア……,char_003_kalts_1#2
level_act18d0_02_beg.json,WD-2,オアシスの霹靂,act18d0,315,  ワーニャ大公の居場所を突き止めたのだろう……移動都市外に建設された、パインバレー療養所だ。,char_003_kalts_1
level_act18d0_02_beg.json,WD-2,オアシスの霹靂,act18d0,319,  ウルサス第四軍の元参謀であり、石棺事件を裏で推し進めた者の一人である可能性も高いこのウルサス大公にとって、まさに今が彼の長い軍属人生の中で、最も守りが手薄な時期だろう。,char_003_kalts_1
level_act18d0_02_beg.json,WD-2,オアシスの霹靂,act18d0,320,  リリア、君は暗殺を実行しようとしている。だが今回の復讐は、やはり「感情優位で無謀な」ものと言えよう。,char_003_kalts_1
level_act18d0_02_beg.json,WD-2,オアシスの霹靂,act18d0,325,  しかし、リリア。年老いた大公を殺害したところで何の意味もないことを理解してほしい。,char_003_kalts_1#3
level_act18d0_02_beg.json,WD-2,オアシスの霹靂,act18d0,326,  演説中に強心剤を打たねばならぬほどに年老いているあの公爵は、もしかしたら初めから本当の殺人者ではないのかもしれない。,char_003_kalts_1#3
level_act18d0_02_beg.json,WD-2,オアシスの霹靂,act18d0,332,  盲目的な復讐は君の視野を狭くするだけだ。,char_003_kalts_1
level_act18d0_02_beg.json,WD-2,オアシスの霹靂,act18d0,342,  座ろうか。顔色が悪い、君は少し休んだ方がいい。,char_003_kalts_1
level_act18d0_02_beg.json,WD-2,オアシスの霹靂,act18d0,346,  わざわざ数えるほどの期間ではない。,char_003_kalts_1
level_act18d0_02_beg.json,WD-2,オアシスの霹靂,act18d0,347,  しかし、君はどうやって私を見つけた？,char_003_kalts_1
level_act18d0_02_beg.json,WD-2,オアシスの霹靂,act18d0,356,  茶を。まずは水分をとりなさい。,char_003_kalts_1
level_act18d0_02_beg.json,WD-2,オアシスの霹靂,act18d0,360,  リリア、待ちきれないのは、実は君の方だろう。,char_003_kalts_1
level_act18d0_02_beg.json,WD-2,オアシスの霹靂,act18d0,364,  本当の秘密はもうイリヤによって永遠にあの研究所に封じられた。軍の連中がよだれを垂らすほど求めている獲物は、今日に至っても彼らの手には入っていない。,char_003_kalts_1
level_act18d0_02_beg.json,WD-2,オアシスの霹靂,act18d0,365,  それに、ワーニャ大公は不治の病を患い、毎年冬になるとパインバレーで療養する。どこかしらの上流階級の社交場に紛れ込めば、この程度の情報は簡単に手に入る。,char_003_kalts_1
level_act18d0_02_beg.json,WD-2,オアシスの霹靂,act18d0,369,  そうだ。療養所には、優れた戦功を立てたウルサス軍人たちも多く滞在している。もちろん、官僚や貴族もな。,char_003_kalts_1
level_act18d0_02_beg.json,WD-2,オアシスの霹靂,act18d0,370,  あそこに潜入して一人の大公を殺すのは、チェルノボーグでナイフ片手にボリス侯爵の邸宅に押し入り、彼の喉を切り裂いた後に無事逃げおおせることと同じくらい、現実的ではない。,char_003_kalts_1
level_act18d0_02_beg.json,WD-2,オアシスの霹靂,act18d0,374,  否定はしない……しかしそれこそ、ある事実を示す証拠ではないだろうか。あのワーニャ大公に、もはや権力が全く残っていないという証拠、あるいは――,char_003_kalts_1
level_act18d0_02_beg.json,WD-2,オアシスの霹靂,act18d0,378,  ……,char_003_kalts_1#2
level_act18d0_02_beg.json,WD-2,オアシスの霹靂,act18d0,387,  聞いている……,char_003_kalts_1#3
level_act18d0_02_beg.json,WD-2,オアシスの霹靂,act18d0,395,  私に協力してほしいと。,char_003_kalts_1
level_act18d0_02_end.json,WD-2,オアシスの霹靂,act18d0,17,  お待たせしました。コーヒーでございます。,char_003_kaltsn09_1
level_act18d0_02_end.json,WD-2,オアシスの霹靂,act18d0,22,  はい。,char_003_kaltsn09_1
level_act18d0_02_end.json,WD-2,オアシスの霹靂,act18d0,35,  ……申し訳ありません、うっかりしておりました。,char_003_kaltsn09_1
level_act18d0_02_end.json,WD-2,オアシスの霹靂,act18d0,36,  どうか介護士長には言わないでください。すぐに新しいものをご用意いたしますので……,char_003_kaltsn09_1
level_act18d0_02_end.json,WD-2,オアシスの霹靂,act18d0,41,  どうかお赦しください……不快にさせてしまったのは謝ります。すぐに新しいものを準備して参ります。,char_003_kaltsn09_1
level_act18d0_02_end.json,WD-2,オアシスの霹靂,act18d0,45,  大変申し訳ございません、どうかお怒りをおさめてください。,char_003_kaltsn09_1#3
level_act18d0_02_end.json,WD-2,オアシスの霹靂,act18d0,46,  お体に障りますので。,char_003_kaltsn09_1#3
level_act18d0_02_end.json,WD-2,オアシスの霹靂,act18d0,52,  はい、失礼致します。,char_003_kaltsn09_1#3
level_act18d0_02_end.json,WD-2,オアシスの霹靂,act18d0,60,  ……,char_003_kaltsn09_1#3
level_act18d0_02_end.json,WD-2,オアシスの霹靂,act18d0,64,  私のことですか？,char_003_kaltsn09_1#2
level_act18d0_02_end.json,WD-2,オアシスの霹靂,act18d0,69,  彼は貴族ではありませんよね……あんなに横暴な振る舞いをして、誰かの不興を買ったりはしないのですか？,char_003_kaltsn09_1
level_act18d0_02_end.json,WD-2,オアシスの霹靂,act18d0,74,  ……侯爵。,char_003_kaltsn09_1
level_act18d0_02_end.json,WD-2,オアシスの霹靂,act18d0,75,  あのように礼節を欠いた人物でも、侯爵のような身分の高い方に引き立てられるのですね。,char_003_kaltsn09_1
level_act18d0_02_end.json,WD-2,オアシスの霹靂,act18d0,81,  はい……わかりました。ありがとうございます。,char_003_kaltsn09_1#2
level_act18d0_02_end.json,WD-2,オアシスの霹靂,act18d0,91,  先生。,char_003_kaltsn09_1
level_act18d0_02_end.json,WD-2,オアシスの霹靂,act18d0,98,  ……,char_003_kaltsn09_1
level_act18d0_02_end.json,WD-2,オアシスの霹靂,act18d0,102,  そうですね、ルイーサ先生。彼女の好意を無下にはできません。,char_003_kaltsn09_1
level_act18d0_02_end.json,WD-2,オアシスの霹靂,act18d0,106,  申し訳ないですが、私は今からコーヒーを淹れ直さなくては……もしあの侯爵のお気に入りさんがこれ以上絡んでこなければ、後ほど私の方から先生を訪ねます。,char_003_kaltsn09_1
level_act18d0_02_end.json,WD-2,オアシスの霹靂,act18d0,117,  ルイーサ先生。,char_003_kaltsn09_1
level_act18d0_02_end.json,WD-2,オアシスの霹靂,act18d0,121,  「ルイーサ」、娘の名を借りる程度の偽装で秘密警察を欺けると本当に思っているなら彼らを甘く見すぎだ。,char_003_kaltsn09_1
level_act18d0_02_end.json,WD-2,オアシスの霹靂,act18d0,122,  彼らの記録上では私はもう死んでいる。それにこの件が済めば、私はウルサスを離れ、長く戻らないだろう。,char_003_kaltsn09_1
level_act18d0_02_end.json,WD-2,オアシスの霹靂,act18d0,123,  大公の死が暗殺によるものだとは誰も思わないだろうからな。呼吸の停まった大公が見つかっても、老衰によるものと判断されるだけだ。,char_003_kaltsn09_1
level_act18d0_02_end.json,WD-2,オアシスの霹靂,act18d0,127,  現時点では、私の毒は確実に彼らの「毒物」に対する理解の範疇を超えている。,char_003_kaltsn09_1
level_act18d0_02_end.json,WD-2,オアシスの霹靂,act18d0,131,  帝国の進歩はすでに私の想像を超えている。しかし今はそんな話をする時ではない。,char_003_kaltsn09_1#3
level_act18d0_02_end.json,WD-2,オアシスの霹靂,act18d0,132,  いいかリリア、君たちが望む裁きは、この方法でしか下せない。,char_003_kaltsn09_1#3
level_act18d0_02_end.json,WD-2,オアシスの霹靂,act18d0,133,  そしてこれ以上の報復を求めることもできない。大公の地位と栄誉を奪えるのは、ウルサスの頂点に立つ皇帝本人だけだ。,char_003_kaltsn09_1#3
level_act18d0_02_end.json,WD-2,オアシスの霹靂,act18d0,137,  ならいい。で、ここなのか？,char_003_kaltsn09_1
level_act18d0_02_end.json,WD-2,オアシスの霹靂,act18d0,144,  我々は今、その場所に立っているのだな？,char_003_kaltsn09_1
level_act18d0_02_end.json,WD-2,オアシスの霹靂,act18d0,150,  しかし、療養所の従業員がこのバルコニーに立ち入ることを、ウルサスの貴族はそう易々と許しはしないだろう。,char_003_kaltsn09_1
level_act18d0_02_end.json,WD-2,オアシスの霹靂,act18d0,151,  我々はすでに、長くこの療養所に留まっている……時間が経てば経つほど、リスクは大きくなる。,char_003_kaltsn09_1
level_act18d0_02_end.json,WD-2,オアシスの霹靂,act18d0,155,  ……,char_003_kaltsn09_1
level_act18d0_02_end.json,WD-2,オアシスの霹靂,act18d0,156,  リリア、正直に答えてほしい。,char_003_kaltsn09_1
level_act18d0_02_end.json,WD-2,オアシスの霹靂,act18d0,157,  大公が死んだ後、君はどうするつもりだ？,char_003_kaltsn09_1
level_act18d0_02_end.json,WD-2,オアシスの霹靂,act18d0,161,  答えてくれ。,char_003_kaltsn09_1#3
level_act18d0_02_end.json,WD-2,オアシスの霹靂,act18d0,169,  君はセルゲイの裏切りを理解していると思うが。,char_003_kaltsn09_1#3
level_act18d0_02_end.json,WD-2,オアシスの霹靂,act18d0,174,  ワーニャ大公が死んでも、君は止まるつもりはないのだな。,char_003_kaltsn09_1#3
level_act18d0_02_end.json,WD-2,オアシスの霹靂,act18d0,180,  ……,char_003_kaltsn09_1#3
level_act18d0_02_end.json,WD-2,オアシスの霹靂,act18d0,186,  気遣いは無用だ。脱出の算段はついている。,char_003_kaltsn09_1
level_act18d0_02_end.json,WD-2,オアシスの霹靂,act18d0,202,  わかった、約束しよう。,char_003_kaltsn09_1
level_act18d0_02_end.json,WD-2,オアシスの霹靂,act18d0,204,  一人の母親の最後の願いだ。ルイーサは無事に成長するだろう。,char_003_kaltsn09_1#2
level_act18d0_02_end.json,WD-2,オアシスの霹靂,act18d0,210,  ……,char_003_kaltsn09_1
level_act18d0_02_end.json,WD-2,オアシスの霹靂,act18d0,318,  ルイーサ先生、どうなさいました……？,char_003_kaltsn09_1
level_act18d0_02_end.json,WD-2,オアシスの霹靂,act18d0,322,  イスラーム・ヴィッテ子爵です。,char_003_kaltsn09_1
level_act18d0_02_end.json,WD-2,オアシスの霹靂,act18d0,326,  ウルサスの新しい財務大臣、陛下に重用されている新興貴族です。,char_003_kaltsn09_1
level_act18d0_02_end.json,WD-2,オアシスの霹靂,act18d0,330,  大丈夫です、ルイーサ先生。,char_003_kaltsn09_1
level_act18d0_02_end.json,WD-2,オアシスの霹靂,act18d0,331,  彼の人となりを深く理解しているわけではありませんし、具体的な来歴も知りません。しかし私の知る限り、彼は今のウルサス皇帝陛下が自らの支えとする重要人物です。,char_003_kaltsn09_1
level_act18d0_02_end.json,WD-2,オアシスの霹靂,act18d0,332,  彼ほどの有能な人物であれば、その視線はウルサスの広大な国土全てを俯瞰するものでしょう。チェルノボーグでの問題など、全帝国が直面しているものからすれば、巨大なうねりの中のさざ波です。,char_003_kaltsn09_1
level_act18d0_02_end.json,WD-2,オアシスの霹靂,act18d0,333,  たとえウルサスの一大公の身に起こるトラブルであろうと――,char_003_kaltsn09_1
level_act18d0_02_end.json,WD-2,オアシスの霹靂,act18d0,337,  ――いや……待て。,char_003_kaltsn09_1#3
level_act18d0_02_end.json,WD-2,オアシスの霹靂,act18d0,338,  財務大臣がパインバレーまで来ているのに、いかなる武装部隊も同行していない？,char_003_kaltsn09_1#3
level_act18d0_02_end.json,WD-2,オアシスの霹靂,act18d0,342,  ……,char_003_kaltsn09_1#3
level_act18d0_03_beg.json,WD-3,サボテンの丘,act18d0,153,  申し訳ありません、ヴィンセント殿。,char_003_kaltsn08_1
level_act18d0_03_beg.json,WD-3,サボテンの丘,act18d0,154,  遅れてしまいましたでしょうか？,char_003_kaltsn08_1
level_act18d0_03_end.json,WD-3,サボテンの丘,act18d0,12,  お招きいただき大変光栄です。しかし、突然のお招きでしたので、修道院にはふさわしいドレスがなく、倉庫にあったものを引っ張り出しましたが……このような格好でも構いませんでしょうか？,char_003_kaltsn08_1
level_act18d0_03_end.json,WD-3,サボテンの丘,act18d0,22,  ハイディさん、お会いできて大変光栄に思います。,char_003_kaltsn08_1
level_act18d0_03_end.json,WD-3,サボテンの丘,act18d0,26,  はい、とても可愛らしいお名前ですね。,char_003_kaltsn08_1
level_act18d0_03_end.json,WD-3,サボテンの丘,act18d0,30,  それは光栄です。,char_003_kaltsn08_1
level_act18d0_03_end.json,WD-3,サボテンの丘,act18d0,36,  そうでしたか。あなたのお父上は大変尊敬に値するお方です。,char_003_kaltsn08_1
level_act18d0_03_end.json,WD-3,サボテンの丘,act18d0,42,  お招きに改めて感謝いたします、ヴィンセント殿。,char_003_kaltsn08_1
level_act18d0_03_end.json,WD-3,サボテンの丘,act18d0,104,  ごきげんよう、皆様方。心よりごあいさつを申し上げます。,char_003_kaltsn08_1
level_act18d0_03_end.json,WD-3,サボテンの丘,act18d0,112,  はい。伯爵夫人にとって、あれは大変な出来事だったでしょう。,char_003_kaltsn08_1
level_act18d0_03_end.json,WD-3,サボテンの丘,act18d0,122,  滅相もありません。ただ偶然伯爵夫人をお助けすることができて、伯爵殿に気に入られたというだけです。,char_003_kaltsn08_1
level_act18d0_03_end.json,WD-3,サボテンの丘,act18d0,126,  もちろんですとも。トムソン殿は、ドルン郡でも有数の文化人です。伯爵が彼の話をされているのをよく耳にします。,char_003_kaltsn08_1
level_act18d0_03_end.json,WD-3,サボテンの丘,act18d0,169,  それは大変光栄です。ハイディさん、帽子をお取りしましょう。,char_003_kaltsn08_1
level_act18d0_03_end.json,WD-3,サボテンの丘,act18d0,188,  それはあなたにとって、本当に重要なことですか？,char_003_kaltsn08_1
level_act18d0_03_end.json,WD-3,サボテンの丘,act18d0,189,  お注ぎしましょう、ジンジャービールです。,char_003_kaltsn08_1
level_act18d0_03_end.json,WD-3,サボテンの丘,act18d0,228,  若くして即位した君主たちと違い、巫王は齢五十近くになってからようやく皇帝となり、それでいてリターニアを長きにわたって統治しました。,char_003_kaltsn08_1
level_act18d0_03_end.json,WD-3,サボテンの丘,act18d0,247,  リターニアは情勢の変化が激しい国です。巫王が常に塔から全土を睥睨しており、高みから降りてくることはごく稀でした。王臣との接見ですら、塔の頂上から映された巨大な影で行いました。,char_003_kaltsn08_1
level_act18d0_03_end.json,WD-3,サボテンの丘,act18d0,248,  しかし双子の女帝に角を折られ、最後に大地に降り立った時、彼の姿は惨めに変わり果て、見る影もない有り様でした。まったく嘆かわしいことです。,char_003_kaltsn08_1
level_act18d0_03_end.json,WD-3,サボテンの丘,act18d0,252,  それこそが「女帝の声」が護衛の騎士を引き連れてヴィクトリアを訪れた際に、それまで騒いでいた公爵たちが言い争いを中断し、手厚くもてなした原因なのです。,char_003_kaltsn08_1
level_act18d0_03_end.json,WD-3,サボテンの丘,act18d0,256,  ええ。私はロンディニウムからやってきました。あの地のサンクタから教えを受け、修道士になったのです。,char_003_kaltsn08_1
level_act18d0_03_end.json,WD-3,サボテンの丘,act18d0,269,  まぁまぁ伯爵。伺ってみませんか？　こんな時代です、子供は我々が想像しているよりもはるかに大人ですよ。,char_003_kaltsn08_1
level_act18d0_03_end.json,WD-3,サボテンの丘,act18d0,277,  遊学していた頃、サンクト・グリファーブルクでしばらく過ごした経験があります。ハイディさんはウルサスに興味がおありですか？,char_003_kaltsn08_1
level_act18d0_03_end.json,WD-3,サボテンの丘,act18d0,290,  お父上はお怪我をなさっているのですか？,char_003_kaltsn08_1
level_act18d0_03_end.json,WD-3,サボテンの丘,act18d0,296,  ハイディさん……あなたはウルサスへ行きたいのですか？,char_003_kaltsn08_1
level_act18d0_03_end.json,WD-3,サボテンの丘,act18d0,303,  ……一つお話をしましょう。,char_003_kaltsn08_1
level_act18d0_03_end.json,WD-3,サボテンの丘,act18d0,304,  噂によれば、ウルサス第六軍は一瓶のウォッカが原因で、跡形もなく消えたそうです。,char_003_kaltsn08_1
level_act18d0_03_end.json,WD-3,サボテンの丘,act18d0,308,  いかなる物事も、その始まりだけに注視したあと、終わりに視線をうつせば、目に入った結論は往々にして想像を超えます。我々は過程をもって物事を説明することに慣れている……違いますか？,char_003_kaltsn08_1
level_act18d0_03_end.json,WD-3,サボテンの丘,act18d0,312,  事の発端は、とある愚かな軍人の「徴税」行為でした。しかし結果として、ある貴族を脅すことになってしまいました。両者の立場と時勢が絡み、この件は、次第に大きな問題に発展したのです。,char_003_kaltsn08_1
level_act18d0_03_end.json,WD-3,サボテンの丘,act18d0,313,  当時の第六軍は手遅れなほど腐敗していると悪名が高い集団、そして第五軍は、いまだ旧貴族の勢力が深く根付く中、若き皇帝と新たな帝国議会に無条件で服従していました。,char_003_kaltsn08_1
level_act18d0_03_end.json,WD-3,サボテンの丘,act18d0,314,  具体的な発起人が誰かははっきりしませんが、最終的に第五軍は相手の隙に乗じて、二つの移動都市の経路中央で、第六軍と正面から交戦したのです。,char_003_kaltsn08_1
level_act18d0_03_end.json,WD-3,サボテンの丘,act18d0,320,  ……もしこれほど単純であったなら、大反乱などと称されることはなかったでしょう。,char_003_kaltsn08_1
level_act18d0_03_end.json,WD-3,サボテンの丘,act18d0,321,  長い間辺境に駐屯し、権力や影響力をウルサス内地に持たなかった第四軍――彼らが突然帝国議会に寝返り、「裏切り者」である第六軍との関係を断ち切ったのです。,char_003_kaltsn08_1
level_act18d0_03_end.json,WD-3,サボテンの丘,act18d0,322,  旧貴族が数名のスケープゴートを処刑した後、彼らの手には第六と第八軍という二枚の切り札しか残っていませんでした。,char_003_kaltsn08_1
level_act18d0_03_end.json,WD-3,サボテンの丘,act18d0,323,  しかし翌年の冬、第八軍とその背後の貴族は同じ手を使い、皇帝に降伏しました。,char_003_kaltsn08_1
level_act18d0_03_end.json,WD-3,サボテンの丘,act18d0,324,  窮地に立たされた第六軍が最後にどうなったか、容易に想像できるでしょう。,char_003_kaltsn08_1
level_act18d0_03_end.json,WD-3,サボテンの丘,act18d0,325,  そしてこれらすべての引き金とは――皆さんもうお分かりですね。一人の愚かな軍人が酒に酔い、持っていたウォッカの瓶で若い貴族に傷を負わせてしまったことです。,char_003_kaltsn08_1
level_act18d0_03_end.json,WD-3,サボテンの丘,act18d0,329,  ハイディさん、私は「これがウルサスのすべてだ」とは言いません。この大地のいかなる文明も、あなた自身で確認、考察し、評価するべきなのです。,char_003_kaltsn08_1
level_act18d0_03_end.json,WD-3,サボテンの丘,act18d0,333,  あなたはウルサスの何を見て評価しましたか？,char_003_kaltsn08_1
level_act18d0_03_end.json,WD-3,サボテンの丘,act18d0,334,  美しい田園風景？　英雄譚？　サンクト・グリファーブルク歌劇場の悲喜劇でしょうか？　しかし私が見たのは大反乱の余波であり、社会が大きく揺れる時代です。,char_003_kaltsn08_1
level_act18d0_03_end.json,WD-3,サボテンの丘,act18d0,338,  ……訪れないとは保証できません、ハイディさん。,char_003_kaltsn08_1
level_act18d0_03_end.json,WD-3,サボテンの丘,act18d0,376,  恐縮でございます。,char_003_kaltsn08_1
level_act18d0_03_end.json,WD-3,サボテンの丘,act18d0,389,  ハイディさんに、がっかりさせてしまいましたか？,char_003_kaltsn08_1
level_act18d0_03_end.json,WD-3,サボテンの丘,act18d0,396,  退屈な他国の政治の話ばかりだったと？,char_003_kaltsn08_1
level_act18d0_03_end.json,WD-3,サボテンの丘,act18d0,400,  そういう会話をすることも、このパーティーの意義の一つですよ。,char_003_kaltsn08_1
level_act18d0_03_end.json,WD-3,サボテンの丘,act18d0,405,  あなたは少し私を誤解しているようですね……,char_003_kaltsn08_1
level_act18d0_03_end.json,WD-3,サボテンの丘,act18d0,409,  ケルシーと呼んでいただいて構いません。,char_003_kaltsn08_1
level_act18d0_03_end.json,WD-3,サボテンの丘,act18d0,415,  ――とんでもありません、お供させてください。,char_003_kaltsn08_1
level_act18d0_03_end.json,WD-3,サボテンの丘,act18d0,428,  ここ数年で一番の大雪です。,char_003_kaltsn08_1
level_act18d0_03_end.json,WD-3,サボテンの丘,act18d0,432,  ……ええ、そのようですね。,char_003_kaltsn08_1
level_act18d0_03_end.json,WD-3,サボテンの丘,act18d0,437,  はい。,char_003_kaltsn08_1
level_act18d0_03_end.json,WD-3,サボテンの丘,act18d0,445,  ハイディ、君はまだ若い……,char_003_kaltsn08_1
level_act18d0_03_end.json,WD-3,サボテンの丘,act18d0,446,  君のお父上は、こんな簡単に君を巻き込むべきではない。,char_003_kaltsn08_1
level_act18d0_03_end.json,WD-3,サボテンの丘,act18d0,451,  君はお父上とよく似ている。,char_003_kaltsn08_1
level_act18d0_03_end.json,WD-3,サボテンの丘,act18d0,455,  そう思ってくれて構わない。,char_003_kaltsn08_1
level_act18d0_03_end.json,WD-3,サボテンの丘,act18d0,461,  ……,char_003_kaltsn08_1
level_act18d0_03_end.json,WD-3,サボテンの丘,act18d0,462,  君のお父上の諜報員は、これまで一度も遅れたことがなかった。彼らはこのヴィクトリアで最も優れたトランスポーターや労働者、各界の有志者であった――今回を除いてな。,char_003_kaltsn08_1
level_act18d0_03_end.json,WD-3,サボテンの丘,act18d0,463,  何かトラブルでもあったのか？,char_003_kaltsn08_1
level_act18d0_05_end.json,WD-5,沁礁の地,act18d0,19,  疲れたなら、少し休憩してもいい。,char_003_kaltsn07_1
level_act18d0_05_end.json,WD-5,沁礁の地,act18d0,23,  強がる必要はない。,char_003_kaltsn07_1
level_act18d0_05_end.json,WD-5,沁礁の地,act18d0,24,  前回の襲撃で乗り物を破壊されてから、すでに七時間十四分が経過している。君の体格と年齢を考えると、ここまで歩き続けられただけでも称賛に値する。,char_003_kaltsn07_1
level_act18d0_05_end.json,WD-5,沁礁の地,act18d0,36,  目的地から一番近い町だ。この集落は、牽引装置で砂漠を移動する複数のバザールタウンで構成されている。,char_003_kaltsn07_1
level_act18d0_05_end.json,WD-5,沁礁の地,act18d0,37,  同時にここはサルゴンにおける無人区域として最大面積のエリアの一つでもある。密航者やバウンティハンター、トランスポーターたちに外へと通ずる道を提供している。,char_003_kaltsn07_1
level_act18d0_05_end.json,WD-5,沁礁の地,act18d0,47,  君がまだ生きているということだ。,char_003_kaltsn07_1
level_act18d0_05_end.json,WD-5,沁礁の地,act18d0,51,  信用できる者を見つけ、闇市を経由してイバトを去る。,char_003_kaltsn07_1
level_act18d0_05_end.json,WD-5,沁礁の地,act18d0,55,  ……それに答える前に、君ははっきりと理解しておく必要がある。いずれの選択も、逃避の一種でしかないことを。,char_003_kaltsn07_1
level_act18d0_05_end.json,WD-5,沁礁の地,act18d0,56,  君に生きる術はなく、行くあてもなく、逃げ場もない。,char_003_kaltsn07_1
level_act18d0_05_end.json,WD-5,沁礁の地,act18d0,57,  君は、これまでの生活が根本的に崩壊してしまったという自覚はあるのか？　次々と訪れる出来事にただ流されるのではなく、自分の身に何が起きたのか、ちゃんと理解しているのか？,char_003_kaltsn07_1
level_act18d0_05_end.json,WD-5,沁礁の地,act18d0,61,  もし怒ることで君が冷静でいられるのなら、そうすればいい。,char_003_kaltsn07_1
level_act18d0_05_end.json,WD-5,沁礁の地,act18d0,62,  私たちは遠い北方の地へ行く。君がクルビアとサルゴンを取り巻く何もかもから十分な距離を置くことができるほどの遠い場所にな。,char_003_kaltsn07_1
level_act18d0_05_end.json,WD-5,沁礁の地,act18d0,63,  君はすでに十分すぎるほどよくやったと言うべきだろう。,char_003_kaltsn07_1
level_act18d0_05_end.json,WD-5,沁礁の地,act18d0,67,  君のその個人的な感情をコントロールできない振る舞いの数々はあまりに未熟だ。もし君がそこまで若くなければ、確かに嫌味を言うべきかもしれないな。,char_003_kaltsn07_1
level_act18d0_05_end.json,WD-5,沁礁の地,act18d0,68,  行こう。暗くなる前に、闇市の仲介者を見つけなければならない。,char_003_kaltsn07_1
level_act18d0_05_end.json,WD-5,沁礁の地,act18d0,72,  ……まだわからない。,char_003_kaltsn07_1
level_act18d0_05_end.json,WD-5,沁礁の地,act18d0,76,  否定はしない、だがすぐに見つかる。,char_003_kaltsn07_1
level_act18d0_05_end.json,WD-5,沁礁の地,act18d0,77,  「沁礁の地」に込められた意味とその由来を理解していれば、バザールや群衆に紛れる遺民を探すのは難しくない。彼らは喜んで同郷の者を助ける――我々が彼らの同胞であると信じてもらえればな。,char_003_kaltsn07_1
level_act18d0_05_end.json,WD-5,沁礁の地,act18d0,82,  すぐにわかる。,char_003_kaltsn07_1#3
level_act18d0_05_end.json,WD-5,沁礁の地,act18d0,113,  ……ヴイーヴル地区のバウンティハンターだ。追跡の手はここにも広がっているようだな。,char_003_kaltsn07_1#3
level_act18d0_05_end.json,WD-5,沁礁の地,act18d0,114,  こっちだ。急げ。,char_003_kaltsn07_1#3
level_act18d0_05_end.json,WD-5,沁礁の地,act18d0,126,  もちろん。だからこそ急ぐ必要がある。,char_003_kaltsn07_1
level_act18d0_05_end.json,WD-5,沁礁の地,act18d0,136,  ……,char_003_kaltsn07_1
level_act18d0_05_end.json,WD-5,沁礁の地,act18d0,191,  ……大丈夫か？,char_003_kaltsn07_1#3
level_act18d0_05_end.json,WD-5,沁礁の地,act18d0,198,  （サルゴン語）待ってくれ。出ていく必要は――,char_003_kaltsn07_1
level_act18d0_05_end.json,WD-5,沁礁の地,act18d0,215,  少なくとも君は彼が「老いている」ことはわかるようだな。,char_003_kaltsn07_1#2
level_act18d0_05_end.json,WD-5,沁礁の地,act18d0,219,  だが君は彼がどれほど「老いている」のかは想像つかないだろう。,char_003_kaltsn07_1
level_act18d0_05_end.json,WD-5,沁礁の地,act18d0,234,  （サルゴン語）歳月は長い。最も偉大なパーディシャーでさえ、砂漠に沈むだろう。彼の偉業はたちまち崩れ去り、人民は散り散りになる――,char_003_kaltsn07_1
level_act18d0_05_end.json,WD-5,沁礁の地,act18d0,238,  （サルゴン語）だが彼のしもべたちは職責を全うして、無人の砂漠を守り抜いた。新たなパーディシャーがサルゴンの意志を携え、この地に辿り着き、意思をもって文明を再興し都市を再建するまで。,char_003_kaltsn07_1
level_act18d0_05_end.json,WD-5,沁礁の地,act18d0,245,  （サルゴン語）百五十年前、まだイバトと名付けられる以前のこの砂漠に、輝かしい都市が広がっていた。覚えているか？,char_003_kaltsn07_1
level_act18d0_05_end.json,WD-5,沁礁の地,act18d0,249,  （サルゴン語）当時の古きパーディシャーは、この砂だらけの地にサルゴンの言葉にはない名を付けた。,char_003_kaltsn07_1
level_act18d0_05_end.json,WD-5,沁礁の地,act18d0,254,  （サルゴン語）今に伝えられたのはその名前だけ……オアシスさえ見たことのない住民たちの間で、口伝によって語り継がれてきた。,char_003_kaltsn07_1
level_act18d0_05_end.json,WD-5,沁礁の地,act18d0,255,  （サルゴン語）あなたがその守り人だな？,char_003_kaltsn07_1
level_act18d0_05_end.json,WD-5,沁礁の地,act18d0,260,  サルゴンを去りたい、人知れずな。,char_003_kaltsn07_1
level_act18d0_05_end.json,WD-5,沁礁の地,act18d0,264,  パーディシャーであろうと、私たちの足跡をたどれないようにしてほしい。,char_003_kaltsn07_1
level_act18d0_05_end.json,WD-5,沁礁の地,act18d0,268,  ケルシーと呼んでくれ。,char_003_kaltsn07_1
level_act18d0_05_end.json,WD-5,沁礁の地,act18d0,273,  然るべき対価だ。,char_003_kaltsn07_1
level_act18d0_05_end.json,WD-5,沁礁の地,act18d0,280,  （サルゴン語）この百年……あなたたちは故郷の影を想いながら、今のサルゴンで過ごしてきたのだろう。,char_003_kaltsn07_1
level_act18d0_07_beg.json,WD-7,故郷,act18d0,17,  ……廃墟と化した庭園。ここが君たちの家か？,char_003_kaltsn07_1
level_act18d0_07_beg.json,WD-7,故郷,act18d0,33,  ……この庭園は何と呼ばれている？,char_003_kaltsn07_1
level_act18d0_07_beg.json,WD-7,故郷,act18d0,39,  沁礁……岩礁が取り囲む地。,char_003_kaltsn07_1
level_act18d0_07_beg.json,WD-7,故郷,act18d0,43,  パーディシャーと首長たちは、より資源の豊富な地域に都市を再建した……そこは忘れられた遺跡であり、無法の地でもある。,char_003_kaltsn07_1
level_act18d0_07_beg.json,WD-7,故郷,act18d0,44,  しかし、そこに住んでいた者たちとその末裔にとっては、捨て去ることのできない地だ……,char_003_kaltsn07_1
level_act18d0_07_beg.json,WD-7,故郷,act18d0,49,  エリオットの様子は？,char_003_kaltsn07_1
level_act18d0_07_beg.json,WD-7,故郷,act18d0,53,  ……もし彼がその言葉を聞けば、きっと文句を言うだろうな。,char_003_kaltsn07_1#2
level_act18d0_07_beg.json,WD-7,故郷,act18d0,57,  サルゴンでは内乱や衝突など日常茶飯事だ。君ならエリオットのような者はたくさん見てきたんじゃないか？,char_003_kaltsn07_1
level_act18d0_07_beg.json,WD-7,故郷,act18d0,61,  今回、たまたま私は彼の命を救ったが、それ以上のことはしてやれない。,char_003_kaltsn07_1
level_act18d0_07_beg.json,WD-7,故郷,act18d0,65,  なぜ二十二年後なんだ？,char_003_kaltsn07_1
level_act18d0_07_beg.json,WD-7,故郷,act18d0,69,  つまり……ん、どうしたMon3tr？,char_003_kaltsn07_1#3
level_act18d0_07_beg.json,WD-7,故郷,act18d0,80,  ……確認しよう。行くぞ、Mon3tr。,char_003_kaltsn07_1
level_act18d0_07_beg.json,WD-7,故郷,act18d0,87,  ……孤独かどうかは私の責務に何ら影響しない。,char_003_kaltsn07_1
level_act18d0_07_beg.json,WD-7,故郷,act18d0,88,  追っ手が来たようだ。対処してくる。君はここに残り、エリオットを守ってくれ。,char_003_kaltsn07_1
level_act18d0_07_beg.json,WD-7,故郷,act18d0,148,  ……,char_003_kaltsn07_1#3
level_act18d0_07_beg.json,WD-7,故郷,act18d0,158,  ……サルカズ、私はクルビア人ではない。,char_003_kaltsn07_1
level_act18d0_07_beg.json,WD-7,故郷,act18d0,159,  （サルカズのとある部族の言葉）,char_003_kaltsn07_1
level_act18d0_07_beg.json,WD-7,故郷,act18d0,170,  （サルカズのとある部族の言葉）,char_003_kaltsn07_1
level_act18d0_07_beg.json,WD-7,故郷,act18d0,193,  サルカズ人よ……お前たちはイバト首長に雇われたのか？,char_003_kaltsn07_1
level_act18d0_07_beg.json,WD-7,故郷,act18d0,197,  ……見間違いでなければ、さっきの矢はヴィクトリア式のものだ。だが、イバト首長は個人的な恨みからヴィクトリアをひどく憎んでいるはず。どうやら……,char_003_kaltsn07_1
level_act18d0_07_beg.json,WD-7,故郷,act18d0,198,  お前たちの真の雇い主、現任パーディシャーのムラドの手腕は、私の想像をはるかに上回っているようだ。,char_003_kaltsn07_1
level_act18d0_07_beg.json,WD-7,故郷,act18d0,199,  ただの忍耐強い統治者と思っていたが、こうも各勢力をやすやすと扇動するとは……まさかクルビアと地元の首長たちの計画は、初めからすべて彼の掌の上だったというのか？,char_003_kaltsn07_1
level_act18d0_07_beg.json,WD-7,故郷,act18d0,205,  私のものではないからな。,char_003_kaltsn07_1
level_act18d0_07_beg.json,WD-7,故郷,act18d0,211,  それが本当だとして、なぜ傲慢なサルゴンのパーディシャーは、自らの兵を送り込むのではなく、傭兵を雇った？,char_003_kaltsn07_1
level_act18d0_07_beg.json,WD-7,故郷,act18d0,223,  （サルカズのとある部族の言葉）,char_003_kaltsn07_1
level_act18d0_07_beg.json,WD-7,故郷,act18d0,234,  お前たちはカズデルから来たのか？,char_003_kaltsn07_1
level_act18d0_07_beg.json,WD-7,故郷,act18d0,240,  あれはサルゴンを滅亡に導く引き金だ。ムラドパーディシャーは科学者でも何でもない、あれがもたらす損害を彼が理解することはできない。,char_003_kaltsn07_1
level_act18d0_07_beg.json,WD-7,故郷,act18d0,244,  サルカズ……お前の故郷はサルゴンか？,char_003_kaltsn07_1
level_act18d0_07_beg.json,WD-7,故郷,act18d0,251,  あの言語は、サルカズ呪術の一種だ。強固な意志を持ったサルカズだけが古代語の暗示から逃れられる……お前の意志はどこから来ているんだ？　使命か？　あるいは欲望か？,char_003_kaltsn07_1
level_act18d0_07_beg.json,WD-7,故郷,act18d0,255,  私の目に映っているのはただ必死に生きているサルカズだ。自分が最も簡単だと思い込んでいる方法で、な。,char_003_kaltsn07_1
level_act18d0_07_beg.json,WD-7,故郷,act18d0,263,  ムラドパーディシャーは、己の最も汚れた秘密がサルカズに知られることを許さないだろう。,char_003_kaltsn07_1
level_act18d0_07_beg.json,WD-7,故郷,act18d0,264,  お前たちは、争奪戦に参加したすべての小隊を殲滅した。その中に傭兵を装った首長たちの部隊がなかったはずはない。,char_003_kaltsn07_1
level_act18d0_07_beg.json,WD-7,故郷,act18d0,265,  莫大な貢ぎ物や税金と、サルカズの殺し屋数名の命、両者を秤にかけたときムラドパーディシャーはどちらを選ぶと思う？,char_003_kaltsn07_1
level_act18d0_07_beg.json,WD-7,故郷,act18d0,270,  私なら、お前たちに選択肢を与えてやれるかもしれない。,char_003_kaltsn07_1
level_act18d0_07_beg.json,WD-7,故郷,act18d0,271,  （サルカズのとある部族の言葉）,char_003_kaltsn07_1
level_act18d0_07_beg.json,WD-7,故郷,act18d0,279,  残念だ、交渉決裂のようだな。,char_003_kaltsn07_1#3
level_act18d0_07_beg.json,WD-7,故郷,act18d0,324,  お前は本来、他人の道具などに落ちぶれなくとも済んだはずだ。,char_003_kaltsn07_1
level_act18d0_07_end.json,WD-7,故郷,act18d0,81,  名無き者。お前は本来、戦士になれた。サルカズの戦士に。,char_003_kaltsn07_1
level_act18d0_07_end.json,WD-7,故郷,act18d0,87,  私は――,char_003_kaltsn07_1
level_act18d0_07_end.json,WD-7,故郷,act18d0,109,  Mon3tr、もう十分だ。,char_003_kaltsn07_1#3
level_act18d0_07_end.json,WD-7,故郷,act18d0,110,  彼はもう瀕死だ。,char_003_kaltsn07_1#3
level_act18d0_07_end.json,WD-7,故郷,act18d0,119,  サルカズ、名は何と言う？,char_003_kaltsn07_1
level_act18d0_07_end.json,WD-7,故郷,act18d0,124,  まだひどい有り様だ。,char_003_kaltsn07_1
level_act18d0_07_end.json,WD-7,故郷,act18d0,125,  だが、サルカズたちは懸命に故郷を造り上げている。,char_003_kaltsn07_1
level_act18d0_07_end.json,WD-7,故郷,act18d0,130,  ……何百年何千年にわたって、サルカズは何度となく「カズデル」を建設しようとした。自分たちの故郷をな。しかし一度も成功したことはない。,char_003_kaltsn07_1
level_act18d0_07_end.json,WD-7,故郷,act18d0,131,  「故郷」の定義は人それぞれで異なる。だが、今作られようとしているカズデルは、この言葉の本来の意味に最も近いかもしれない。,char_003_kaltsn07_1
level_act18d0_07_end.json,WD-7,故郷,act18d0,132,  「ティカズ」たちには、己に属する家があるべきだ。,char_003_kaltsn07_1
level_act18d0_07_end.json,WD-7,故郷,act18d0,137,  ……,char_003_kaltsn07_1
level_act18d0_07_end.json,WD-7,故郷,act18d0,145,  なぜここに来たのだ？,char_003_kaltsn07_1
level_act18d0_07_end.json,WD-7,故郷,act18d0,157,  楽な相手ではなかった。もし彼らがMon3trに臆することがなければ、正直危うかっただろう。,char_003_kaltsn07_1
level_act18d0_07_end.json,WD-7,故郷,act18d0,158,  急ごう。レッドホーンを去ってからこれまで、すでに小規模の戦闘が七回も起きている。,char_003_kaltsn07_1
level_act18d0_07_end.json,WD-7,故郷,act18d0,159,  今でさえサルカズの傭兵小隊を丸ごと相手にしているんだ。次は首長の衛兵や、パーディシャーの精鋭部隊かもしれない。いずれにせよ、我々を追う勢力は大きくなっていくはずだ。,char_003_kaltsn07_1
level_act18d0_07_end.json,WD-7,故郷,act18d0,163,  否定はしない。,char_003_kaltsn07_1
level_act18d0_07_end.json,WD-7,故郷,act18d0,168,  わかった、急ごう。,char_003_kaltsn07_1
level_act18d0_07_end.json,WD-7,故郷,act18d0,214,  申し訳ない。非売品だ。,char_003_kaltsn07_1
level_act18d0_07_end.json,WD-7,故郷,act18d0,223,  もし本当に彼女が手に入れたいと思ったなら、これからはおちおち寝てもいられなくなるな。,char_003_kaltsn07_1
level_act18d0_07_end.json,WD-7,故郷,act18d0,233,  イシン、よろしく頼む。,char_003_kaltsn07_1
level_act18d0_07_end.json,WD-7,故郷,act18d0,237,  できるだけ早く準備してくれ。敵はまだ追ってきている。,char_003_kaltsn07_1
level_act18d0_07_end.json,WD-7,故郷,act18d0,241,  ……わかった。いつでも遠慮なく聞いてくれ、今でもいい。,char_003_kaltsn07_1
level_act18d0_07_end.json,WD-7,故郷,act18d0,247,  ……あなたは何を思い出したいのだ、年老いたサヴラよ。,char_003_kaltsn07_1
level_act18d0_07_end.json,WD-7,故郷,act18d0,252,  都市を破壊したあの災いで、君は人生の方向を見失ったのだな。,char_003_kaltsn07_1
level_act18d0_07_end.json,WD-7,故郷,act18d0,256,  ……沁礁の地を統治していたパーディシャーに関する歴史的文献は少ない。少なくとも成文化された歴史と童謡の中には、サヴラの占い師の姿は一つもない。,char_003_kaltsn07_1
level_act18d0_07_end.json,WD-7,故郷,act18d0,257,  もし君が、自分が誰であるかを知りたいのであれば、少し時間がかかるかもしれない。,char_003_kaltsn07_1
level_act18d0_07_end.json,WD-7,故郷,act18d0,262,  いいだろう。,char_003_kaltsn07_1
level_act18d0_07_end.json,WD-7,故郷,act18d0,282,  これほどの財産を所持しているのに、これまで誰にも狙われなかったのか？,char_003_kaltsn07_1
level_act18d0_07_end.json,WD-7,故郷,act18d0,287,  他に何を知りたい？,char_003_kaltsn07_1
level_act18d0_07_end.json,WD-7,故郷,act18d0,300,  ここは、闇市ができる前は普通のバザールだった。年中ひっきりなしに天災が猛威をふるうこの地域にとっては、よくあることだ。,char_003_kaltsn07_1
level_act18d0_07_end.json,WD-7,故郷,act18d0,301,  ……夜の帳が降り、灯火は地下へと移された。,char_003_kaltsn07_1
level_act18d0_07_end.json,WD-7,故郷,act18d0,305,  言いたいことがあるならば言えばいい。,char_003_kaltsn07_1
level_act18d0_07_end.json,WD-7,故郷,act18d0,309,  ……昔、ここにはある都市があった。イバトの広大な土地で唯一の移動都市だ。この砂漠に、都市がつつがなく作り上げられ、誕生したことはまさに奇跡だった。,char_003_kaltsn07_1
level_act18d0_07_end.json,WD-7,故郷,act18d0,310,  当時の沁礁パーディシャーは、政に熱心で自領をよく治めた。イバト地区はかつてないほどのまとまりをみせ――その団結の象徴こそが、空一面に砂が舞い上げるかの移動都市だったのだ。,char_003_kaltsn07_1
level_act18d0_07_end.json,WD-7,故郷,act18d0,311,  人々はパーディシャーを中心に強固な繋がりを築き上げた。これは遠い過去のことではない。いまだにかつての故郷の栄光に耽溺し、抜け出せずにいる者が数多く存在するくらいにはな。,char_003_kaltsn07_1
level_act18d0_07_end.json,WD-7,故郷,act18d0,312,  だが良い時代は長く続かず、天災が都市を襲った。パーディシャーは民を避難させた後、天災雲に向かって激しく罵声を浴びせたそうだ。大嵐に呑まれ、都市と命運を共にするまでな。,char_003_kaltsn07_1
level_act18d0_07_end.json,WD-7,故郷,act18d0,316,  記録にそう書かれている。だが事実はこれ以上に悲惨なものだったかもしれない。,char_003_kaltsn07_1
level_act18d0_07_end.json,WD-7,故郷,act18d0,317,  沁礁の偉業は瞬時に崩壊し、無数の者が一夜にして難民となった。彼らが造り上げるはずであった故郷の残骸と共に……砂嵐の中に置き去りにされたのだ。……イシンはその内の一人だ。,char_003_kaltsn07_1
level_act18d0_07_end.json,WD-7,故郷,act18d0,321,  あと少しで叶うはずだった。だが首長と新たなパーディシャーは、都市の再建に大枚をはたく気がない。つまり、あの都市の末裔に故郷を現実のものとする術は、もはや残されていないといっていい。,char_003_kaltsn07_1
level_act18d0_07_end.json,WD-7,故郷,act18d0,322,  遺された者たる彼らは怒りと悲しみによって、より強く繋がった。同時に……「沁礁の地」に敬意を払ういかなる者に対しても、等しく敬意を払うようになった。,char_003_kaltsn07_1
level_act18d0_07_end.json,WD-7,故郷,act18d0,327,  順調に事が運べば、今月中にサルゴンの国境を越えられるだろう。,char_003_kaltsn07_1
level_act18d0_07_end.json,WD-7,故郷,act18d0,331,  そうだ。,char_003_kaltsn07_1
level_act18d0_07_end.json,WD-7,故郷,act18d0,336,  君たちには一連の連鎖反応が招く恐ろしい結果を予想できない。,char_003_kaltsn07_1
level_act18d0_07_end.json,WD-7,故郷,act18d0,340,  もし、どうしても君が回答を求めるのであれば、「そうだ」と答えよう。,char_003_kaltsn07_1
level_act18d0_07_end.json,WD-7,故郷,act18d0,344,  私にそうしてほしいのか？,char_003_kaltsn07_1
level_act18d0_07_end.json,WD-7,故郷,act18d0,352,  ……君も知っているだろう。この件には、イバトの首長までもが巻き込まれている。サルゴンからクルビアまで、至る所にこの陰謀の共犯者がいるのだ。,char_003_kaltsn07_1
level_act18d0_07_end.json,WD-7,故郷,act18d0,357,  だがそれがなくなれば、君には何も残らない――,char_003_kaltsn07_1
level_act18d0_07_end.json,WD-7,故郷,act18d0,363,  君は……,char_003_kaltsn07_1
level_act18d0_07_end.json,WD-7,故郷,act18d0,369,  ……,char_003_kaltsn07_1
level_act18d0_07_end.json,WD-7,故郷,act18d0,373,  エリオット。確かに私は君の年齢から判断し、君の持つ可能性を軽視しすぎていたかもしれない。,char_003_kaltsn07_1
level_act18d0_07_end.json,WD-7,故郷,act18d0,379,  ……君はソーン教授のこの研究の根源たるものを理解していない。,char_003_kaltsn07_1
level_act18d0_07_end.json,WD-7,故郷,act18d0,383,  ――もう一度言おう。特定の方法で使用すれば、それはサルゴンの半分を容易く砂漠に沈めることができる。,char_003_kaltsn07_1
level_act18d0_07_end.json,WD-7,故郷,act18d0,390,  ……,char_003_kaltsn07_1
level_act18d0_07_end.json,WD-7,故郷,act18d0,398,  ……,char_003_kaltsn07_1
level_act18d0_07_end.json,WD-7,故郷,act18d0,399,  ……部屋へ戻ろう。,char_003_kaltsn07_1
level_act18d0_07_end.json,WD-7,故郷,act18d0,404,  強がりはよせ、エリオット。今の君ではまともな思考ができない。,char_003_kaltsn07_1#3
level_act18d0_07_end.json,WD-7,故郷,act18d0,405,  頭を冷やしてから考えろ、自分が一体どうするべきなのかを。,char_003_kaltsn07_1#3
level_act18d0_07_end.json,WD-7,故郷,act18d0,426,  イシン。,char_003_kaltsn07_1
level_act18d0_07_end.json,WD-7,故郷,act18d0,456,  今日はこの辺にしておこう、イシン。,char_003_kaltsn07_1
level_act18d0_07_end.json,WD-7,故郷,act18d0,474,  この地で財を持ち地位がある、それなのにどうしてイバトの他の地域を放浪しているんだ？,char_003_kaltsn07_1
level_act18d0_07_end.json,WD-7,故郷,act18d0,478,  ふむ。サヴラの平均寿命を鑑みれば、君は相当な長生きになるが、それはアーツの作用か？,char_003_kaltsn07_1
level_act18d0_07_end.json,WD-7,故郷,act18d0,482,  ただの生理的な疾病ではないな。おそらく君の脳と体は、何らかの術の影響を受けている。,char_003_kaltsn07_1
level_act18d0_07_end.json,WD-7,故郷,act18d0,487,  サルゴンの王都のことを言っているのか？,char_003_kaltsn07_1
level_act18d0_07_end.json,WD-7,故郷,act18d0,488,  産業基盤が徐々に発展してきた今日でも、サルゴンは依然として移動都市への遷都を選ぶ様子はない。,char_003_kaltsn07_1
level_act18d0_07_end.json,WD-7,故郷,act18d0,492,  たとえ天災でもサルゴンの中枢を揺り動かすことはできない。,char_003_kaltsn07_1
level_act18d0_07_end.json,WD-7,故郷,act18d0,496,  各地のパーディシャーと、王の寵愛を受ける少数の首長だけが、砂嵐の最深部にあるその都市を目にすることができる。,char_003_kaltsn07_1
level_act18d0_07_end.json,WD-7,故郷,act18d0,497,  君は言っていたな、答えが欲しいと。,char_003_kaltsn07_1
level_act18d0_07_end.json,WD-7,故郷,act18d0,502,  ――！,char_003_kaltsn07_1#3
level_act18d0_07_end.json,WD-7,故郷,act18d0,507,  待て、そんな――,char_003_kaltsn07_1#3
level_act18d0_07_end.json,WD-7,故郷,act18d0,508,  待ってくれ……,char_003_kaltsn07_1#3
level_act18d0_07_end.json,WD-7,故郷,act18d0,509,  君がそれを知っているはずがない……悪夢のケシクの遠征はもう千年以上も前の話だ……それが沁礁の町と何の関係がある？,char_003_kaltsn07_1#3
level_act18d0_07_end.json,WD-7,故郷,act18d0,513,  ……,char_003_kaltsn07_1#3
level_act18d0_07_end.json,WD-7,故郷,act18d0,514,  ……君は、悪夢の王の末裔に仕えたことがあるというのか？,char_003_kaltsn07_1#3
level_act18d0_07_end.json,WD-7,故郷,act18d0,515,  サルゴンの皇帝は、悪夢の血を引くクランタをパーディシャーに任命した？,char_003_kaltsn07_1#3
level_act18d0_07_end.json,WD-7,故郷,act18d0,520,  彼は君と共に番人の壁に向かい、彼が継承する血統の誇り高い偉業を君に告げた……,char_003_kaltsn07_1
level_act18d0_07_end.json,WD-7,故郷,act18d0,526,  ……悪夢。パーディシャーに任命された悪夢……イバト地区は、かつて彼の政治的偉業の中心であった。,char_003_kaltsn07_1
level_act18d0_07_end.json,WD-7,故郷,act18d0,527,  彼は黄金色の夢に溺れる生活を送る首長たちに囲まれて、大人しく暮らすことを選ばなかった。彼は、征服という欲望に駆られ――,char_003_kaltsn07_1
level_act18d0_07_end.json,WD-7,故郷,act18d0,531,  歴史書によれば、彼はあと一歩で成功していた。,char_003_kaltsn07_1
level_act18d0_07_end.json,WD-7,故郷,act18d0,532,  彼は君に褒美を与えた。だが彼の死後、長い時間を過ごす間に、君は彼のアーツが見せた夢の中で迷子になった。,char_003_kaltsn07_1
level_act18d0_07_end.json,WD-7,故郷,act18d0,538,  ……,char_003_kaltsn07_1
level_act18d0_07_end.json,WD-7,故郷,act18d0,543,  落ち着け。,char_003_kaltsn07_1
level_act18d0_07_end.json,WD-7,故郷,act18d0,550,  彼のアーツが君を苦しめているようだ……長い悪夢が君の記憶をねじ曲げている……だがこれは、彼が故意に君に与えたものではないだろう。,char_003_kaltsn07_1
level_act18d0_07_end.json,WD-7,故郷,act18d0,554,  君は、自分の夢の中で迷子になった。,char_003_kaltsn07_1
level_act18d0_07_end.json,WD-7,故郷,act18d0,559,  ……,char_003_kaltsn07_1
level_act18d0_07_end.json,WD-7,故郷,act18d0,571,  明日には出発できる。,char_003_kaltsn07_1
level_act18d0_07_end.json,WD-7,故郷,act18d0,575,  彼には頭を冷やす時間が必要だ。,char_003_kaltsn07_1
level_act18d0_07_end.json,WD-7,故郷,act18d0,576,  あまりに長い時間、悪夢が彼を苦しめていた。彼は夢の中で過去を抱きしめていたようなものだ。,char_003_kaltsn07_1
level_act18d0_07_end.json,WD-7,故郷,act18d0,580,  もうその箱は必要ない。,char_003_kaltsn07_1
level_act18d0_07_end.json,WD-7,故郷,act18d0,581,  最後の切り札になる予定だったが、すぐにでもサルゴンを去ろうとしている今、私たちにとって何の意味もなさなくなった。,char_003_kaltsn07_1
level_act18d0_07_end.json,WD-7,故郷,act18d0,586,  ……だから君に決定権をやろう。,char_003_kaltsn07_1#2
level_act18d0_07_end.json,WD-7,故郷,act18d0,587,  君はそれをどうする？,char_003_kaltsn07_1#2
level_act18d0_07_end.json,WD-7,故郷,act18d0,593,  そのつもりは欠片もない。たとえ君がこれらの技術を再現し、本来とは違う……形にしたとしても、現在の源石産業の基盤では、まだ脅威になり得ないからな。,char_003_kaltsn07_1
level_act18d0_07_end.json,WD-7,故郷,act18d0,613,  ……簡単なサンプルで推し量れることではない。その核心的原理を理解すれば、町一つを瞬時に更地にできるほどの榴弾を、簡単に作れるようになる。,char_003_kaltsn07_1
level_act18d0_07_end.json,WD-7,故郷,act18d0,614,  もし、イバト首長ないしはムラドパーディシャーがこの技術を手にしたら、一体何が起こると思う？,char_003_kaltsn07_1
level_act18d0_07_end.json,WD-7,故郷,act18d0,618,  ……実のところ、この源石結晶サンプルは唯一無二なのだ。,char_003_kaltsn07_1
level_act18d0_07_end.json,WD-7,故郷,act18d0,619,  それ自体の性質には、源石として何の特殊性もない。しかしその形になった要因は、古の時代を探究した行為にある。,char_003_kaltsn07_1
level_act18d0_07_end.json,WD-7,故郷,act18d0,623,  クルビアはこのような源石サンプルを三つしか発見できなかった。そしてそれらはすべて例外なく……とあるサルカズの遺跡付近から発見された。,char_003_kaltsn07_1
level_act18d0_07_end.json,WD-7,故郷,act18d0,627,  爆散する――がしかし、その規模はごく僅かで、すでに実験に投入された電気エネルギー装置に遠く及ばない。しかしその源石本来の性質から、結晶は別の危険を孕んでいる――鉱石病だ。,char_003_kaltsn07_1
level_act18d0_07_end.json,WD-7,故郷,act18d0,634,  ――待て！,char_003_kaltsn07_1#3
level_act18d0_07_end.json,WD-7,故郷,act18d0,636,  ダメだ――Mon3tr、彼を守れ！,char_003_kaltsn07_1#3
level_act18d0_07_end.json,WD-7,故郷,act18d0,663,  ……言っただろう！　これは源石なんだ！,char_003_kaltsn07_1#3
level_act18d0_07_end.json,WD-7,故郷,act18d0,664,  感染するぞ！,char_003_kaltsn07_1#3
level_act18d0_07_end.json,WD-7,故郷,act18d0,669,  ……,char_003_kaltsn07_1#3
level_act18d0_07_end.json,WD-7,故郷,act18d0,675,  ……私も感染者だ。,char_003_kaltsn07_1
level_act18d0_07_end.json,WD-7,故郷,act18d0,682,  急性の感染症状だな。応急処置が必要だ。,char_003_kaltsn07_1#3
level_act18d0_07_end.json,WD-7,故郷,act18d0,687,  私は君が数時間後に源石の塵となって四散することを防ぐだけだ。,char_003_kaltsn07_1
level_act18d0_07_end.json,WD-7,故郷,act18d0,688,  君は選択を誤った、エリオット。,char_003_kaltsn07_1
level_act18d0_07_end.json,WD-7,故郷,act18d0,689,  たとえ君がただ自分の運命を粉々にしたかったのだとしても、これは考えうる最悪の方法だ。,char_003_kaltsn07_1
level_act18d0_07_end.json,WD-7,故郷,act18d0,698,  ……エリオット・グラバー。,char_003_kaltsn07_1
level_act18d0_07_end.json,WD-7,故郷,act18d0,699,  君はもう感染者だ。君が自分自身で選んだ運命だ。,char_003_kaltsn07_1
level_act18d0_07_end.json,WD-7,故郷,act18d0,705,  もし君が一人だけ生き残るのが嫌だというなら、私は多くの方法を提供できる。,char_003_kaltsn07_1
level_act18d0_07_end.json,WD-7,故郷,act18d0,717,  君も謝罪を口にできたとはな。,char_003_kaltsn07_1
level_act18d0_07_end.json,WD-7,故郷,act18d0,721,  君はもう私をクルビア人として見ていないと思っていたのだが。,char_003_kaltsn07_1
level_act18d0_07_end.json,WD-7,故郷,act18d0,729,  そんなふうに思ったことはない。,char_003_kaltsn07_1
level_act18d0_07_end.json,WD-7,故郷,act18d0,738,  ……,char_003_kaltsn07_1
level_act18d0_07_end.json,WD-7,故郷,act18d0,742,  出発の時間は変更できない。君はすぐに休む必要がある。,char_003_kaltsn07_1
level_act18d0_07_end.json,WD-7,故郷,act18d0,746,  人による。,char_003_kaltsn07_1
level_act18d0_07_end.json,WD-7,故郷,act18d0,750,  君は体系的なアーツ教育を受けていない。そんなことしたら、君の死を早めてしまう。,char_003_kaltsn07_1
level_act18d0_07_end.json,WD-7,故郷,act18d0,754,  ……,char_003_kaltsn07_1
level_act18d0_07_end.json,WD-7,故郷,act18d0,771,  ……,char_003_kaltsn07_1
level_act18d0_07_end.json,WD-7,故郷,act18d0,782,  エリオット。,
level_act18d0_07_end.json,WD-7,故郷,act18d0,783,  私はウルサスに行く。,
level_act18d0_07_end.json,WD-7,故郷,act18d0,785,  もう一度君に問いたい……私と共に行くか？,
level_act18d0_07_end.json,WD-7,故郷,act18d0,786,  君は、クルビアに帰って自分の人生を続けることができたはずだ。少なくとも、あのような選択をするまでは。,
level_act18d0_07_end.json,WD-7,故郷,act18d0,788,  あるいは、ここに留まるか。,
level_act18d0_07_end.json,WD-7,故郷,act18d0,790,  君の言う通りだ。誰にも他人の運命を握ることなどできはしない。,
level_act18d0_07_end.json,WD-7,故郷,act18d0,791,  イシンが君を助けてくれる。,
level_act18d0_07_end.json,WD-7,故郷,act18d0,794,  私に君の未来を決める権利はない。君はあのように極端な方法で、過去と決別すると証明しようとしていたが――,
level_act18d0_07_end.json,WD-7,故郷,act18d0,795,  ――エリオット。本当は初めから、自分が何を考え、何を求めているか、君はよくわかっていたはずだ。,
level_act18d0_07_end.json,WD-7,故郷,act18d0,797,  戦争を阻止し、サルカズの巫術の遺産によりサルゴンの内乱、そして大規模な源石感染が引き起こされるのを防ぐこと――簡単に言えば、これが私の目的だ。,
level_act18d0_07_end.json,WD-7,故郷,act18d0,804,  ……君はサルゴン貴族と首長との間にある、利益と権力の関係を理解していない。彼らの腐敗と傲慢は彼ら自身の枷となる。,
level_act18d0_07_end.json,WD-7,故郷,act18d0,807,  君はどうしたい？,
level_act18d0_07_end.json,WD-7,故郷,act18d0,809,  ……,
level_act18d0_07_end.json,WD-7,故郷,act18d0,814,  ……,
level_act18d0_07_end.json,WD-7,故郷,act18d0,815,  これが彼の選択だ、イシン。,
level_act18d0_07_end.json,WD-7,故郷,act18d0,849,  ……,char_003_kaltsn07_1
level_act18d0_07_end.json,WD-7,故郷,act18d0,850,  Mon3tr、行こう。,char_003_kaltsn07_1
level_act18d0_08_beg.json,WD-8,大雪来たれり,act18d0,38,  ヴィクトリアは、最高統治者が不在のまま、十数年にわたって安定を維持してきた。,char_003_kaltsn08_1
level_act18d0_08_beg.json,WD-8,大雪来たれり,act18d0,43,  三年前、君のお父上もそれを身をもって経験したようだな。,char_003_kaltsn08_1
level_act18d0_08_beg.json,WD-8,大雪来たれり,act18d0,47,  彼は足に怪我を負った。それは事実だが、原因は表向きのものとは違うな。,char_003_kaltsn08_1
level_act18d0_08_beg.json,WD-8,大雪来たれり,act18d0,51,  上手く事故だと偽装したものだ。,char_003_kaltsn08_1
level_act18d0_08_beg.json,WD-8,大雪来たれり,act18d0,55,  現在この荘園に、トムソンの息のかかった者はどれほどいる？,char_003_kaltsn08_1
level_act18d0_08_beg.json,WD-8,大雪来たれり,act18d0,59,  ……リチャードは先ほど君のお父上の悪口を散々言っていたが。,char_003_kaltsn08_1
level_act18d0_08_beg.json,WD-8,大雪来たれり,act18d0,63,  だが彼らは依然としてトムソンの周囲に集まっている。君のお父上は良きリーダーだな。,char_003_kaltsn08_1
level_act18d0_08_beg.json,WD-8,大雪来たれり,act18d0,68,  私たちの目的は同じだ。,char_003_kaltsn08_1
level_act18d0_08_beg.json,WD-8,大雪来たれり,act18d0,72,  ……ハイディ。,char_003_kaltsn08_1
level_act18d0_08_beg.json,WD-8,大雪来たれり,act18d0,73,  自分の目で確かめるんだ。もしも君が外の大地に足を踏み出そうと決心したのなら……もう二度と文明の虚像に惑わされることなく、真実を知りたいというのなら、その目で見定めるんだ。,char_003_kaltsn08_1
level_act18d0_08_beg.json,WD-8,大雪来たれり,act18d0,74,  慰めの言葉はまったく無用のものだろう、君はきっと乗り越えて大きくなる。,char_003_kaltsn08_1
level_act18d0_08_beg.json,WD-8,大雪来たれり,act18d0,102,  それは君のお父上の意見ではないな。トムソンはそういった過激な雰囲気に流された発言をするほど愚かではない。,char_003_kaltsn08_1
level_act18d0_08_beg.json,WD-8,大雪来たれり,act18d0,106,  愚かな貴族が本物の大公爵から招かれることはない。,char_003_kaltsn08_1
level_act18d0_08_beg.json,WD-8,大雪来たれり,act18d0,107,  君は本当にノーマンディー公爵がヴィンセントに脅しを掛けたり、利益で釣ろうという行動を起こしていないと思うか？,char_003_kaltsn08_1
level_act18d0_08_beg.json,WD-8,大雪来たれり,act18d0,108,  辺境に位置し、土地が広大な割に人口が少ないということは、未だ誰もこのドルン郡に手を出そうとせず、いかなる巨大な勢力の影響下にもないことを意味している。,char_003_kaltsn08_1
level_act18d0_08_beg.json,WD-8,大雪来たれり,act18d0,112,  歌い踊ることしか知らなそうなこの貴族は、力を尽くしてドルン郡の平和を保っている。ここの平和は……触れればすぐにでも崩れ落ちそうな状態ではあるがな。,char_003_kaltsn08_1
level_act18d0_08_beg.json,WD-8,大雪来たれり,act18d0,113,  彼の考えを推し量れる者がほぼいないのは、ほど良い傲慢さと中立的立場が、彼の真意を他者の目から覆い隠しているからだろう。,char_003_kaltsn08_1
level_act18d0_08_beg.json,WD-8,大雪来たれり,act18d0,114,  本当に度胸や見識がまるでない伯爵なら、トムソンがこれほどまで信頼を寄せることはない。彼らは徐々に遠ざかっているように見えて、向かう先は同じだ。,char_003_kaltsn08_1
level_act18d0_08_beg.json,WD-8,大雪来たれり,act18d0,119,  ふむ……ロンディニウムからドルン郡まで、ほぼヴィクトリア全域を横断してきたようだな。,char_003_kaltsn08_1
level_act18d0_08_beg.json,WD-8,大雪来たれり,act18d0,120,  この手紙が、一体どれほどの者の手を経てきたと思う？,char_003_kaltsn08_1
level_act18d0_08_beg.json,WD-8,大雪来たれり,act18d0,124,  労働者、新聞配達員、ポップコーン売りに公園の庭師。だが彼らは手紙の内容を全く知らないし、これが最終的に誰の手に渡るかさえよくわかっていない。,char_003_kaltsn08_1
level_act18d0_08_beg.json,WD-8,大雪来たれり,act18d0,125,  それでもこの手紙はトムソンの手まで無事に到達し、そして今、彼から私の元へ届けられた。,char_003_kaltsn08_1
level_act18d0_08_beg.json,WD-8,大雪来たれり,act18d0,126,  つまり何も心配することはない。,char_003_kaltsn08_1
level_act18d0_08_beg.json,WD-8,大雪来たれり,act18d0,131,  サルカズのトランスポーターが、最後にトムソンに手渡したというこの手紙か……,char_003_kaltsn08_1
level_act18d0_08_beg.json,WD-8,大雪来たれり,act18d0,132,  たしかに彼にはトムソンの連絡先を伝えはしたが、当初の計画では彼が私に直接渡すはずだった。,char_003_kaltsn08_1
level_act18d0_08_beg.json,WD-8,大雪来たれり,act18d0,137,  ……彼の本名は明かせない。だがせめて、トランスポーターとして一生を終えた彼の物語を、私が彼の故郷に持ち帰ろう。,char_003_kaltsn08_1
level_act18d0_08_beg.json,WD-8,大雪来たれり,act18d0,138,  彼が忘れ去られることはない。,char_003_kaltsn08_1
level_act18d0_08_beg.json,WD-8,大雪来たれり,act18d0,142,  なぜ突然そんなことを聞く？,char_003_kaltsn08_1
level_act18d0_08_beg.json,WD-8,大雪来たれり,act18d0,154,  雪の勢いがまた強くなったみたいだ、中に入ろう。,char_003_kaltsn08_1
level_act18d0_08_beg.json,WD-8,大雪来たれり,act18d0,165,  このパーティーが終わったら、トムソンを訪ねるとしよう。,
level_act18d0_08_beg.json,WD-8,大雪来たれり,act18d0,169,  君がその必要があると感じるのなら。,
level_act18d0_08_beg.json,WD-8,大雪来たれり,act18d0,171,  ハイディ、君はまだまだ成長する。,
level_act18d0_08_beg.json,WD-8,大雪来たれり,act18d0,173,  そうだな、吹雪の訪れだ。,
level_act18d0_08_beg.json,WD-8,大雪来たれり,act18d0,196,  ……,char_003_kaltsn08_1#3
level_act18d0_08_beg.json,WD-8,大雪来たれり,act18d0,197,  …………,char_003_kaltsn08_1#3
level_act18d0_08_beg.json,WD-8,大雪来たれり,act18d0,198,  ……黒い雪。,char_003_kaltsn08_1#3
level_act18d0_08_beg.json,WD-8,大雪来たれり,act18d0,202,  ハイディ、仲間全員に伝えてくれ。ほかの者たちに気付かれないようにパーティー会場を掌握しろ。,char_003_kaltsn08_1
level_act18d0_08_beg.json,WD-8,大雪来たれり,act18d0,203,  私に一時間くれ。誰にも……庭園に近づけさせるな。,char_003_kaltsn08_1
level_act18d0_08_beg.json,WD-8,大雪来たれり,act18d0,207,  敵だ。,char_003_kaltsn08_1#3
level_act18d0_08_beg.json,WD-8,大雪来たれり,act18d0,214,  ――ハイディ、私が戻らなかった場合、君がトムソンと共に真相を隠せ。,char_003_kaltsn08_1
level_act18d0_08_beg.json,WD-8,大雪来たれり,act18d0,215,  そしてこの件に決して深入りするな。,char_003_kaltsn08_1
level_act18d0_08_beg.json,WD-8,大雪来たれり,act18d0,219,  これは警告であり、命令でもある。,char_003_kaltsn08_1#3
level_act18d0_08_beg.json,WD-8,大雪来たれり,act18d0,224,  気をつけて。,char_003_kaltsn08_1#2
level_act18d0_08_beg.json,WD-8,大雪来たれり,act18d0,235,  ……,char_003_kaltsn08_1
level_act18d0_08_beg.json,WD-8,大雪来たれり,act18d0,236,  サーミとウルサス以北、サルゴン以南、その他、人がまだ足を踏み入れていない土地……,char_003_kaltsn08_1
level_act18d0_08_beg.json,WD-8,大雪来たれり,act18d0,237,  悪魔、精霊、それらがありふれた生物なのかどうかはわからない。だがそれらの歴史は、今日のどの国々よりも古い。,char_003_kaltsn08_1
level_act18d0_08_beg.json,WD-8,大雪来たれり,act18d0,238,  人は長きにわたってそうしたものに対抗してきた。これは確かに留意すべき数々の命題のうちの一つだ――,char_003_kaltsn08_1
level_act18d0_08_beg.json,WD-8,大雪来たれり,act18d0,239,  ――今もなお。,char_003_kaltsn08_1
level_act18d0_08_beg.json,WD-8,大雪来たれり,act18d0,240,  人は、すでに自身の国土を治めることが可能となった。,char_003_kaltsn08_1
level_act18d0_08_beg.json,WD-8,大雪来たれり,act18d0,241,  古代のサルゴン王と強大なケシクは同盟を結んだ。悪夢のハガンは人類文明がいまだ探索したことのない土地の征服を決心した。,char_003_kaltsn08_1
level_act18d0_08_beg.json,WD-8,大雪来たれり,act18d0,242,  それは偉大な出来事であった。サルゴン文明が根を下ろす国土にあえて足を踏み入れようとする人外の脅威は完全になくなった。,char_003_kaltsn08_1
level_act18d0_08_beg.json,WD-8,大雪来たれり,act18d0,243,  サーミは無数の犠牲を伴った巫術実験の末、雪祭司を生み出した。それは何代にもわたって継承されているが、巫女たちは外界の敵に立ち向かう中でことごとく自我を失った。,char_003_kaltsn08_1
level_act18d0_08_beg.json,WD-8,大雪来たれり,act18d0,245,  そしてウルサス――お前たちは、強大な少数精鋭を用いることで、それらを引き裂いた。あるいは重装を身にまとうウェンディゴ、あるいは高位の戦争術師によって。,char_003_kaltsn08_1#3
level_act18d0_08_beg.json,WD-8,大雪来たれり,act18d0,246,  帝国の野心は確かにとどまるところを知らなかったようだ。お前たちは、それらを打ち破っただけではない……,char_003_kaltsn08_1#3
level_act18d0_08_beg.json,WD-8,大雪来たれり,act18d0,247,  ……人外のものが残した力の破片を利用したのだ。,char_003_kaltsn08_1#3
level_act18d0_08_beg.json,WD-8,大雪来たれり,act18d0,254,  ……姿を現わすがいい。,char_003_kaltsn08_1
level_act18d0_08_beg.json,WD-8,大雪来たれり,act18d0,255,  ウルサスの意志がお前をここまで運んだ。,char_003_kaltsn08_1
level_act18d0_08_beg.json,WD-8,大雪来たれり,act18d0,256,  だがお前はヴィクトリアの強大な力を見くびり過ぎているのではないか。お前は悪魔の性質を引き継いでいるようだが、自分の責任の所在を考えたことはあるのか？,char_003_kaltsn08_1
level_act18d0_08_beg.json,WD-8,大雪来たれり,act18d0,257,  悪魔に理性までも喰われたわけではないのだろう、近衛兵。,char_003_kaltsn08_1
level_act18d0_08_beg.json,WD-8,大雪来たれり,act18d0,270,  私を見つけるのに随分と時間をかけたようだ。,char_003_kaltsn08_1
level_act18d0_08_beg.json,WD-8,大雪来たれり,act18d0,275,  もう一度お前に言っておいた方がよさそうだな。吹雪は都市を丸ごと覆い隠せるがしかし、たった一人の近衛兵の足跡を消し去ることはできない。,char_003_kaltsn08_1
level_act18d0_08_beg.json,WD-8,大雪来たれり,act18d0,276,  お前は今ヴィクトリアにいる。そして私の百メートルほど後ろには、そのヴィクトリアの伯爵が所有する邸宅がある。,char_003_kaltsn08_1
level_act18d0_08_beg.json,WD-8,大雪来たれり,act18d0,278,  お前は本当に、自分の行為がどのような結果を招くかわかっているのか。,char_003_kaltsn08_1#3
level_act18d0_08_beg.json,WD-8,大雪来たれり,act18d0,287,  ……どうやら説得するのは無理そうだな、お互いに。,char_003_kaltsn08_1
level_act18d0_08_beg.json,WD-8,大雪来たれり,act18d0,288,  だがそれは……お前が現状をそう評価しているからにすぎないが。,char_003_kaltsn08_1
level_act18d0_08_beg.json,WD-8,大雪来たれり,act18d0,294,  ……Mon3tr。,char_003_kaltsn08_1#3
level_act18d0_08_beg.json,WD-8,大雪来たれり,act18d0,306,  Mon3tr、敵を甘く見るなよ。,
level_act18d0_08_beg.json,WD-8,大雪来たれり,act18d0,307,  あいつは普通の人間ではない。,
level_act18d0_08_beg.json,WD-8,大雪来たれり,act18d0,311,  どうやら一近衛兵にとっては、大きな衝撃だったようだな。,
level_act18d0_08_beg.json,WD-8,大雪来たれり,act18d0,318,  ……辺りが黒く染まってきているようだが？,
level_act18d0_08_beg.json,WD-8,大雪来たれり,act18d0,321,  ――Mon3tr！,
level_act18d0_08_beg.json,WD-8,大雪来たれり,act18d0,340,  Mon3tr、戻ってこい。深追いするな。,
level_act18d0_08_beg.json,WD-8,大雪来たれり,act18d0,341,  その黒い煙は避けろ。それはそもそも煙じゃない。,
level_act18d0_08_beg.json,WD-8,大雪来たれり,act18d0,342,  通常のアーツの範疇を越えているな……どうやらお前たちは、私が接触していなかった期間に驚くべき速さで進歩したようだ、「帝国の利刃」。,
level_act18d0_08_beg.json,WD-8,大雪来たれり,act18d0,346,  古代の儀式か……そうだろうな。解脱を謳う狂った集団の祭司どもこそ、お前たちの身に悪魔をまとわせるにふさわしいのだろうな。,
level_act18d0_08_beg.json,WD-8,大雪来たれり,act18d0,347,  お前は落陽の谷の生存者だった。,
level_act18d0_08_beg.json,WD-8,大雪来たれり,act18d0,349,  帝国の意志が複数の姿を持つことは絶対に有り得ない。しかしお前の場合は確かに少し異なるようだ。少なくとも、お前は若くない。,
level_act18d0_08_beg.json,WD-8,大雪来たれり,act18d0,350,  近衛兵、我々は互いに命をかけて対立すべきではない。お前は知っているはずだ。私が唯一行ったことは、本来はお前たちの責務であり、そして果たせなかったことであると。,
level_act18d0_08_beg.json,WD-8,大雪来たれり,act18d0,352,  一連の反乱をその身で経験したなら、よくわかっているはずだ。帝国の興廃はいつから尊厳と体裁に左右されるようになったのだ？,
level_act18d0_08_beg.json,WD-8,大雪来たれり,act18d0,354,  先帝はかつて……一瞬でも心の底からヴィクトリアを軽視したことがあったか？,
level_act18d0_08_beg.json,WD-8,大雪来たれり,act18d0,358,  残念ながら、己の意志と関係のない死には、尊厳などもとより存在しない。,
level_act18d0_08_beg.json,WD-8,大雪来たれり,act18d0,359,  Mon3tr。,
level_act18d0_08_end.json,WD-8,大雪来たれり,act18d0,36,  待て、Mon3tr！,char_003_kaltsn08_1#4
level_act18d0_08_end.json,WD-8,大雪来たれり,act18d0,56,  Mon3tr、態勢を整えろ。奴にもう力は残っていない。,char_003_kaltsn08_1#4
level_act18d0_08_end.json,WD-8,大雪来たれり,act18d0,61,  傷が深いな、近衛兵。,char_003_kaltsn08_1#4
level_act18d0_08_end.json,WD-8,大雪来たれり,act18d0,66,  ……戦闘の痕跡はまだ覆い隠すことができる。だが、お前が汚染させた土地は元には戻らない。これ以上の勝手な行動は慎むべきだ、近衛兵。,char_003_kaltsn08_1#4
level_act18d0_08_end.json,WD-8,大雪来たれり,act18d0,70,  「一近衛兵は一ウルサスである」、この言葉を知らないとは言わせないぞ。大仰な比喩表現だが、実際に示しているのは、ある単純な事実だ。,char_003_kaltsn08_1#4
level_act18d0_08_end.json,WD-8,大雪来たれり,act18d0,71,  再度指摘してやろう。近衛兵、お前の顔を覆うマスクに亀裂が入り始めているぞ。現実の次元が、お前の体内にある悪魔に干渉している。儀式が施した檻に亀裂が生じているのだ。,char_003_kaltsn08_1#4
level_act18d0_08_end.json,WD-8,大雪来たれり,act18d0,72,  これ以上長引けばお前の手に負えなくなるだろう。それとも、皇帝の近衛兵が伯爵の荘園で恐ろしい破滅をもたらして、本当にヴィクトリアが黙っていると思うか？,char_003_kaltsn08_1#4
level_act18d0_08_end.json,WD-8,大雪来たれり,act18d0,76,  責務を果たせ近衛兵。「一近衛兵は一ウルサスである」、ウルサスこそがお前たちの存在理由であり、その存続こそがお前たちの存在意義だ。私が教えるまでもないと思うがな。,char_003_kaltsn08_1#4
level_act18d0_08_end.json,WD-8,大雪来たれり,act18d0,80,  お前が今忠誠を誓っているのは、現在のウルサスか、それとも偉大なる幻影か、どちらなのだ？,char_003_kaltsn08_1#4
level_act18d0_08_end.json,WD-8,大雪来たれり,act18d0,84,  答えろ、近衛兵。お前の職位を汚すな。,char_003_kaltsn08_1#4
level_act18d0_08_end.json,WD-8,大雪来たれり,act18d0,85,  ――現ウルサス皇帝は、パインバレーの事件にどのような対処をしたのだ？,char_003_kaltsn08_1#4
level_act18d0_08_end.json,WD-8,大雪来たれり,act18d0,86,  まさか、あの反乱の種や騒動の原因はすべて現ウルサス皇帝の意図したものだと言うつもりではないだろうな。,char_003_kaltsn08_1#4
level_act18d0_08_end.json,WD-8,大雪来たれり,act18d0,100,  ――せいぜい自分を欺くがいい。若き皇帝はあそこで何が起きたのかさえ知らない……それが事実だ。,char_003_kaltsn08_1#4
level_act18d0_08_end.json,WD-8,大雪来たれり,act18d0,101,  お前たちは、皇帝はそれらを知る必要がないと考えている。,char_003_kaltsn08_1#4
level_act18d0_08_end.json,WD-8,大雪来たれり,act18d0,105,  お前は――お前たちは過ぎ去った時代を求めている。,char_003_kaltsn08_1#4
level_act18d0_08_end.json,WD-8,大雪来たれり,act18d0,106,  それが正しいかどうかは私の判断するところではない。だが一人の大公が政治的対立で命を落とすことは、新たな反乱の萌芽となる。,char_003_kaltsn08_1#4
level_act18d0_08_end.json,WD-8,大雪来たれり,act18d0,110,  私は大公の死がもたらす数々の結果を予想することができる。ある者は怒りから、公正さを求めて彼の死を望んだ。またある者は証拠を抹消し、関係を断ち切りたいがために彼の死を求めた。,char_003_kaltsn08_1#4
level_act18d0_08_end.json,WD-8,大雪来たれり,act18d0,111,  その一方で、彼が生きることを望む者もいた。彼が引き続き責務を果たすことを期待する者、あるいは彼を生き証人として、第三軍と関わりのあるあらゆる勢力に圧力をかけようと画策する者。,char_003_kaltsn08_1#4
level_act18d0_08_end.json,WD-8,大雪来たれり,act18d0,112,  連中にとっては大公の生死などどうでもいい。一触即発の対立をどう処理するかが、最も重要だったのだ。,char_003_kaltsn08_1#4
level_act18d0_08_end.json,WD-8,大雪来たれり,act18d0,116,  本来触れることのできない大公その人を、平凡なウルサスの刺客に個人的な怨恨から――処理させることだけが、駄獣が野草の種を飲み込むように罪をなかったことにする方法だ。,char_003_kaltsn08_1#4
level_act18d0_08_end.json,WD-8,大雪来たれり,act18d0,120,  ウルサスのさらなる内部抗争の激化を回避するために出した、最善の選択だ。,char_003_kaltsn08_1#4
level_act18d0_08_end.json,WD-8,大雪来たれり,act18d0,137,  ――己を制御しろ、近衛兵。,char_003_kaltsn08_1#4
level_act18d0_08_end.json,WD-8,大雪来たれり,act18d0,141,  （汚染が広がっている。あの装置に封じられている悪魔の破片だけでも、この荘園を滅ぼすのには十分だ。）,char_003_kaltsn08_1#4
level_act18d0_08_end.json,WD-8,大雪来たれり,act18d0,142,  ――落陽の谷はすでに恐怖の地と成り果てた！,char_003_kaltsn08_1#4
level_act18d0_08_end.json,WD-8,大雪来たれり,act18d0,143,  （Mon3tr……もし近衛兵が私の命を奪うことに固執するなら……先に奴を始末しろ。その方が私を守るより効果がある。）,char_003_kaltsn08_1#4
level_act18d0_08_end.json,WD-8,大雪来たれり,act18d0,144,  たとえ帝国の栄光がこの先絶えることがなくとも、あの漆黒に染められた土地はもはやウルサスのものではない！　この大地のものですらないんだ！,char_003_kaltsn08_1#4
level_act18d0_08_end.json,WD-8,大雪来たれり,act18d0,147,  まさかお前は、同じ轍を踏むつもりなのか！？　お前の軽挙が帝国を想定外の戦争に巻き込むんだぞ！,char_003_kaltsn08_1#4
level_act18d0_08_end.json,WD-8,大雪来たれり,act18d0,148,  お前は、先帝の掲げた壮大なる夢物語にのぼせ上がっただけの、ただのウルサス人にすぎない！,char_003_kaltsn08_1#4
level_act18d0_08_end.json,WD-8,大雪来たれり,act18d0,167,  Mon3tr、止まれ！,char_003_kaltsn08_1#4
level_act18d0_08_end.json,WD-8,大雪来たれり,act18d0,173,  お前のやり口はわかっている。もしMon3trに攻撃させれば、その漆黒の棘が私の胸を貫くだろう。,char_003_kaltsn08_1#4
level_act18d0_08_end.json,WD-8,大雪来たれり,act18d0,177,  ……もしお前に、いくらか人として認めるところがあるとしても、それはお前が今実行している意志とは関係ない。,char_003_kaltsn08_1#4
level_act18d0_08_end.json,WD-8,大雪来たれり,act18d0,178,  だが、お前が悪魔たちに立ち向かう瞬間、お前は人間の頼れる防壁の一つだ。お前が人として生まれてきた誇りを奪うことは、誰にもできない。,char_003_kaltsn08_1#4
level_act18d0_08_end.json,WD-8,大雪来たれり,act18d0,179,  少なくとも、結末が破滅しかないその幻にお前が騙されるまでは。,char_003_kaltsn08_1#4
level_act18d0_08_end.json,WD-8,大雪来たれり,act18d0,188,  責務を果たす者だ。,char_003_kaltsn08_1#4
level_act18d0_08_end.json,WD-8,大雪来たれり,act18d0,192,  お前の中ではすでに答えが出ているはずだ。私がしてきたことは、お前ほど多くない。,char_003_kaltsn08_1#4
level_act18d0_08_end.json,WD-8,大雪来たれり,act18d0,205,  ……互いに時間がないようだ。伯爵にお前の存在を気付かれれば、未だに内政の落ち着かないウルサスは、新たな災渦の中へと陥ることになるだろう。,char_003_kaltsn08_1#4
level_act18d0_08_end.json,WD-8,大雪来たれり,act18d0,206,  たとえ誰もそれを望んでいなくともな。,char_003_kaltsn08_1#4
level_act18d0_08_end.json,WD-8,大雪来たれり,act18d0,212,  お前の責務はワーニャ大公を見守ることだった。だが、今のお前に残された唯一の仕事は、大公の「不慮」の死亡原因を探ることだ。,char_003_kaltsn08_1#4
level_act18d0_08_end.json,WD-8,大雪来たれり,act18d0,213,  私は彼の死を安らかなものにしてやった。そして今、私はウルサスの国土を離れて遠くにいる。本当に私が……ウルサスの権益を侵したと言えるのか？,char_003_kaltsn08_1#4
level_act18d0_08_end.json,WD-8,大雪来たれり,act18d0,214,  私の生死のために、どれほどの犠牲を払うのが妥当か――近衛兵なら合理的な判断が可能だと私は信じている。,char_003_kaltsn08_1#4
level_act18d0_08_end.json,WD-8,大雪来たれり,act18d0,227,  それにお前は、今すぐウルサスに戻らなければならない。,char_003_kaltsn08_1#4
level_act18d0_08_end.json,WD-8,大雪来たれり,act18d0,228,  傷はお前にとって取るに足らないものだろうが、Mon3trに破壊されたパイプは窒息をもたらし――悪魔の影響下で死ぬことになる。それがたとえ死骸の欠片だとしても。,char_003_kaltsn08_1#4
level_act18d0_08_end.json,WD-8,大雪来たれり,act18d0,232,  急げ。そうすればお前は無事にウルサスへ帰れるかもしれない。,char_003_kaltsn08_1#4
level_act18d0_08_end.json,WD-8,大雪来たれり,act18d0,237,  私もこのように、帝国の利刃と膝を交えて話し合った経験はない。,char_003_kaltsn08_1#4
level_act18d0_08_end.json,WD-8,大雪来たれり,act18d0,241,  ただの大公お抱えの医師だ。,char_003_kaltsn08_1#4
level_act18d0_08_end.json,WD-8,大雪来たれり,act18d0,245,  あの時……私が車に乗って館を去る前に、お前は私を殺しておくべきだったな。,char_003_kaltsn08_1#4
level_act18d0_08_end.json,WD-8,大雪来たれり,act18d0,249,  健闘を祈ろう。,char_003_kaltsn08_1#4
level_act18d0_08_end.json,WD-8,大雪来たれり,act18d0,255,  その言葉通りなら、私は非常に残念に思うべきだな。,char_003_kaltsn08_1#4
level_act18d0_08_end.json,WD-8,大雪来たれり,act18d0,259,  お前は、あの頃の栄華を極めたウルサスを心から愛している。,char_003_kaltsn08_1#4
level_act18d0_08_end.json,WD-8,大雪来たれり,act18d0,260,  であれば、お前は照りつける日差しの陰で腐敗した部分も見えていたはずだ。,char_003_kaltsn08_1#4
level_act18d0_08_end.json,WD-8,大雪来たれり,act18d0,261,  新しい世代のウルサス人は忘れつつあるが、徐々に酷くなっていく現状に、ウルサスの老人たちは過去を……あの壮大な幻影の日々を懐かしんでいる。,char_003_kaltsn08_1#4
level_act18d0_08_end.json,WD-8,大雪来たれり,act18d0,262,  しかしあれは、本当にウルサスにとって利益のみで、害はなかったのだろうか？　戦争がもたらした利益を消費し尽くしたとき、我々は本当にウルサスに課せられた数多の難題を解決できていたか？,char_003_kaltsn08_1#4
level_act18d0_08_end.json,WD-8,大雪来たれり,act18d0,263,  栄光では民の腹を満たせない。,char_003_kaltsn08_1#4
level_act18d0_08_end.json,WD-8,大雪来たれり,act18d0,267,  独り言だと思ってくれていい。私はもうウルサスに属していない。,char_003_kaltsn08_1#4
level_act18d0_08_end.json,WD-8,大雪来たれり,act18d0,272,  お前がヴィクトリアの領土を無事に離れられることを願っている。,char_003_kaltsn08_1#4
level_act18d0_08_end.json,WD-8,大雪来たれり,act18d0,284,  ……,char_003_kaltsn08_1#4
level_act18d0_08_end.json,WD-8,大雪来たれり,act18d0,285,  …………,char_003_kaltsn08_1#4
level_act18d0_08_end.json,WD-8,大雪来たれり,act18d0,286,  ……Mon3tr、戻ってこい。彼はもう去った。,char_003_kaltsn08_1#4
level_act18d0_08_end.json,WD-8,大雪来たれり,act18d0,287,  これらの痕跡を……処理しなければ……うっ。,char_003_kaltsn08_1#4
level_act18d0_08_end.json,WD-8,大雪来たれり,act18d0,295,  なぜここへ来た、ハイディ。,char_003_kaltsn08_1#4
level_act18d0_08_end.json,WD-8,大雪来たれり,act18d0,299,  ……自分でやる。,char_003_kaltsn08_1#4
level_act18d0_08_end.json,WD-8,大雪来たれり,act18d0,303,  皇帝の利刃。この名をトムソンに伝えてくれればいい。今はまだ君が深く関わる必要はない。,char_003_kaltsn08_1#4
level_act18d0_08_end.json,WD-8,大雪来たれり,act18d0,307,  彼らはウルサスの影のようなものだ。,char_003_kaltsn08_1#4
level_act18d0_08_end.json,WD-8,大雪来たれり,act18d0,308,  そしてその広大な影が一体どこに差すのか……それは、帝国の太陽のみぞ知る。,char_003_kaltsn08_1#4
level_act18d0_08_end.json,WD-8,大雪来たれり,act18d0,309,  運良く影を退けたとしても無意味だ。どう足掻こうが我々の足元の道にまとわりつく。それにより建物が揺れ動くことは少しもない。,char_003_kaltsn08_1#4
level_act18d0_08_end.json,WD-8,大雪来たれり,act18d0,310,  ……これもウルサスだ、ハイディ。これもウルサスの一部だ。帝国の冬には、黒い雪が降る。,char_003_kaltsn08_1#4
level_act18d0_08_end.json,WD-8,大雪来たれり,act18d0,314,  しかし我々は、まず荘園内のほかの者たちの目に覆いをかける必要がある。,char_003_kaltsn08_1#4
level_act18d0_08_end.json,WD-8,大雪来たれり,act18d0,315,  最悪の事態は免れた。奴は本当に「ウルサス」をこの土地に振りまいたわけではない……だがその痕跡は、簡単にはごまかせないだろう。,char_003_kaltsn08_1#4
level_act18d0_08_end.json,WD-8,大雪来たれり,act18d0,317,  Mon3tr。,char_003_kaltsn08_1#4
level_act18d0_08_end.json,WD-8,大雪来たれり,act18d0,327,  できるだけ早く野獣を二匹探して殺し、ここまで運んでくるんだ。,char_003_kaltsn08_1#4
level_act18d0_08_end.json,WD-8,大雪来たれり,act18d0,332,  それから……ハイディ、すぐにトムソンに連絡を取ってくれ。真相を隠すためには、彼らの助けが必要だ。,char_003_kaltsn08_1#4
level_act18d0_08_end.json,WD-8,大雪来たれり,act18d0,336,  偽証、誘導、必要ならば賄賂も。恐らくトムソンよりもうまく騎馬警官に対応できる者はいない。,char_003_kaltsn08_1#4
level_act18d0_08_end.json,WD-8,大雪来たれり,act18d0,340,  体温を下げている。,char_003_kaltsn08_1#4
level_act18d0_08_end.json,WD-8,大雪来たれり,act18d0,341,  私はただ、二匹の野獣の争いに巻き込まれ、運よく逃れた。,char_003_kaltsn08_1#4
level_act18d0_08_end.json,WD-8,大雪来たれり,act18d0,342,  野獣を庭園に侵入させた守衛は、きっと重い罰を受けるだろうが、背に腹は変えられない。,char_003_kaltsn08_1#4
level_act18d0_08_end.json,WD-8,大雪来たれり,act18d0,347,  大丈夫、我々はすでに最悪の事態を免れた。,char_003_kaltsn08_1#4
level_act18d0_08_end.json,WD-8,大雪来たれり,act18d0,348,  もし奴が、自分の命と引き換えに事を成そうとしたなら……ここにいる誰もが無事では済まなかっただろう。,char_003_kaltsn08_1#4
level_act18d0_08_end.json,WD-8,大雪来たれり,act18d0,349,  ……それとすぐにトランスポーターの手配を頼む。サーミへ行けるトランスポーターだ。,char_003_kaltsn08_1#4
level_act18d0_08_end.json,WD-8,大雪来たれり,act18d0,353,  時間はある。彼女が生きてさえいれば、私は返事を受け取ることができる……受け取れればいいのだが。,char_003_kaltsn08_1#4
level_act18d0_08_end.json,WD-8,大雪来たれり,act18d0,358,  ……はぁ、手紙が血で汚れてしまったな……,char_003_kaltsn08_1#4
level_act18d0_08_end.json,WD-8,大雪来たれり,act18d0,359,  ……,char_003_kaltsn08_1#4
level_act18d0_08_end.json,WD-8,大雪来たれり,act18d0,397,  ……,char_003_kaltsn08_1#5
level_act18d0_08_end.json,WD-8,大雪来たれり,act18d0,412,  （これはテレジアの筆跡……）,char_003_kaltsn08_1#6
level_act18d0_08_end.json,WD-8,大雪来たれり,act18d0,433,  ……こんなに早いとは。,char_003_kaltsn08_1#4
level_act18d0_08_end.json,WD-8,大雪来たれり,act18d0,434,  ……,char_003_kaltsn08_1#4
level_act18d0_08_end.json,WD-8,大雪来たれり,act18d0,443,  ……ウルサスだ。,char_003_kaltsn07_1
level_act18d0_08_end.json,WD-8,大雪来たれり,act18d0,444,  チェルノボーグに行く。,char_003_kaltsn07_1
level_act18d0_08_end.json,WD-8,大雪来たれり,act18d0,456,  そうだ。私はリュドミラをシラクーザに連れて行く。,char_003_kaltsn09_1
level_act18d0_08_end.json,WD-8,大雪来たれり,act18d0,457,  それからヴィクトリアへ行く。,char_003_kaltsn09_1
level_act18d0_08_end.json,WD-8,大雪来たれり,act18d0,458,  これが君の願いではないのか？,char_003_kaltsn09_1
level_act18d0_08_end.json,WD-8,大雪来たれり,act18d0,470,  ……,char_003_kaltsn08_1#4
level_act18d0_08_end.json,WD-8,大雪来たれり,act18d0,474,  ……,char_003_kaltsn08_1#4
level_act18d0_08_end.json,WD-8,大雪来たれり,act18d0,475,  ハイディ……君は、君のお父上とともに、引き続きヴィクトリアで我々の為すべきことをしてほしい。,char_003_kaltsn08_1#4
level_act18d0_08_end.json,WD-8,大雪来たれり,act18d0,476,  我々の唯一の目的は、栄光を謳うこれらの都市が、公爵たちの内乱によって沈むのを避けることだ。どんな手を使ってでも……,char_003_kaltsn08_1#4
level_act18d0_08_end.json,WD-8,大雪来たれり,act18d0,481,  遅かれ早かれこうなる運命だ、ハイディ。,char_003_kaltsn08_1#5
level_act18d0_08_end.json,WD-8,大雪来たれり,act18d0,482,  伯爵に疑われてしまう。さぁ、パーティーに戻ろう。,char_003_kaltsn08_1#5
level_act18d0_08_end.json,WD-8,大雪来たれり,act18d0,504,  ……大丈夫です、皆さん。ただのかすり傷ですから。ハイディさんが手当てをしてくれました。,char_003_kaltsn08_1#5
level_act18d0_08_end.json,WD-8,大雪来たれり,act18d0,523,  申し訳ありません、伯爵、パーティーの興を削いでしまいました。,char_003_kaltsn08_1#5
level_act18d0_08_end.json,WD-8,大雪来たれり,act18d0,527,  伯爵、どうかこの件を深く追求なさらないでください。,char_003_kaltsn08_1#5
level_act18d0_08_end.json,WD-8,大雪来たれり,act18d0,533,  ……,char_003_kaltsn08_1#5
level_act18d0_08_end.json,WD-8,大雪来たれり,act18d0,538,  どうぞ。,char_003_kaltsn08_1#5
level_act18d0_08_end.json,WD-8,大雪来たれり,act18d0,545,  何一つご説明差し上げていないというのに、それでも我々を守っていただいたこと、感謝します。,char_003_kaltsn08_1#5
level_act18d0_08_end.json,WD-8,大雪来たれり,act18d0,552,  あなたを騙した者に感謝などする必要はありません。,char_003_kaltsn08_1#5
level_act18d0_08_end.json,WD-8,大雪来たれり,act18d0,564,  ええ。幸い、ただのかすり傷です。,char_003_kaltsn08_1#5
level_act18d0_08_end.json,WD-8,大雪来たれり,act18d0,565,  伯爵、「あの二匹の野獣」が残した痕跡は……,char_003_kaltsn08_1#5
level_act18d0_08_end.json,WD-8,大雪来たれり,act18d0,584,  伯爵の言う通りだ。準備ができているかどうかにかかわらず、若者は未来を担わなくてはならない。,char_003_kaltsn08_1#5
level_act18d0_08_end.json,WD-8,大雪来たれり,act18d0,588,  ヴィクトリアの最も辺鄙な土地をただ守るだけだとしても、平和そのものが嘘をつくことはない。,char_003_kaltsn08_1#5
level_act18d0_08_end.json,WD-8,大雪来たれり,act18d0,589,  故郷を守る――それは、何世代もにわたってヴィクトリア人が尊ぶべきとした真理だ。,char_003_kaltsn08_1#5
level_act18d0_08_end.json,WD-8,大雪来たれり,act18d0,593,  そして君のお父上はそれを実現しようとしている。だが――,char_003_kaltsn08_1#5
level_act18d0_08_end.json,WD-8,大雪来たれり,act18d0,594,  大雪がやってきた。,char_003_kaltsn08_1#5
level_act18d0_08_end.json,WD-8,大雪来たれり,act18d0,595,  君は準備ができたか？,char_003_kaltsn08_1#5
level_act18d0_08_end.json,WD-8,大雪来たれり,act18d0,596,  ――君に準備ができるか？,char_003_kaltsn08_1#5
level_act18d0_08_end.json,WD-8,大雪来たれり,act18d0,602,  ……お父上に尋ねるといい。彼は、どうやって私を見つければいいかを知っている。,char_003_kaltsn08_1#5
level_act18d0_08_end.json,WD-8,大雪来たれり,act18d0,603,  いつの日か、私たちはまた別の場所で会うかもしれないな。,char_003_kaltsn08_1#5
level_act18d0_st01.json,WD-ST-1,パインリリー,act18d0,43,  今日？,char_003_kaltsn09_1
level_act18d0_st01.json,WD-ST-1,パインリリー,act18d0,48,  彼は恐れている。そしてその恐怖によって彼は隙を見せる。,char_003_kaltsn09_1
level_act18d0_st01.json,WD-ST-1,パインリリー,act18d0,53,  だが、我々にはまだ十分な勝算がない。,char_003_kaltsn09_1
level_act18d0_st01.json,WD-ST-1,パインリリー,act18d0,61,  ……,char_003_kaltsn09_1#2
level_act18d0_st01.json,WD-ST-1,パインリリー,act18d0,67,  リリア。,char_003_kaltsn09_1#2
level_act18d0_st01.json,WD-ST-1,パインリリー,act18d0,68,  私の最大の心配事は、この計画における君の生死についてだ。,char_003_kaltsn09_1#2
level_act18d0_st01.json,WD-ST-1,パインリリー,act18d0,69,  チェルノボーグの事故で……理想と熱意を持った若い科学者たちが犠牲となったことは認めなければならない。君が次の私の言葉をどう受け止めるかはわからないが――,char_003_kaltsn09_1#2
level_act18d0_st01.json,WD-ST-1,パインリリー,act18d0,70,  彼らが死へと向かうのを知りながら、ただ眺めているのは心地いいものではなかった。それは今の君に対しても同じだ、リリア。,char_003_kaltsn09_1#2
level_act18d0_st01.json,WD-ST-1,パインリリー,act18d0,76,  この件が終われば、私はシラクーザへ行き、そしてヴィクトリアへ向かう。,char_003_kaltsn09_1
level_act18d0_st01.json,WD-ST-1,パインリリー,act18d0,77,  もしチェルノボーグでの計画を中止し、私と一緒に来るならば……君は死ぬ必要などないかもしれない。,char_003_kaltsn09_1
level_act18d0_st01.json,WD-ST-1,パインリリー,act18d0,81,  ……君は身勝手だな。,char_003_kaltsn09_1
level_act18d0_st01.json,WD-ST-1,パインリリー,act18d0,132,  永遠の眠りに就く薬だ。これが最も安全かつ有効な方法だ。遅効性だから、すぐに発覚することはないだろう。,char_003_kaltsn09_1
level_act18d0_st01.json,WD-ST-1,パインリリー,act18d0,133,  逃げる手はずはすべて整っているのか？,char_003_kaltsn09_1
level_act18d0_st01.json,WD-ST-1,パインリリー,act18d0,137,  時間の余裕はあまりないかもしれないな。,char_003_kaltsn09_1
level_act18d0_st01.json,WD-ST-1,パインリリー,act18d0,141,  いや。,char_003_kaltsn09_1#3
level_act18d0_st01.json,WD-ST-1,パインリリー,act18d0,142,  我々は、この療養所をあまりに単純に考え過ぎている。,char_003_kaltsn09_1#3
level_act18d0_st01.json,WD-ST-1,パインリリー,act18d0,143,  君の計画に変更の必要はない。あとのことは私に任せてくれ。,char_003_kaltsn09_1#3
level_act18d0_st01.json,WD-ST-1,パインリリー,act18d0,147,  ……,char_003_kaltsn09_1#3
level_act18d0_st01.json,WD-ST-1,パインリリー,act18d0,148,  潜伏させていたMon3trが敵の痕跡を発見した。大公が、他のウルサスの権力者とやり取りしていると聞いたことは？,char_003_kaltsn09_1#3
level_act18d0_st01.json,WD-ST-1,パインリリー,act18d0,152,  ……,char_003_kaltsn09_1#3
level_act18d0_st01.json,WD-ST-1,パインリリー,act18d0,156,  詳しく伝えることはできない。我々の生存確率を大幅に下げるだけだからな。,char_003_kaltsn09_1
level_act18d0_st01.json,WD-ST-1,パインリリー,act18d0,160,  恐れは隙を生む。この件を深追いしても、君の判断に悪影響を及ぼすだけだ。私を信じろ。,char_003_kaltsn09_1
level_act18d0_st01.json,WD-ST-1,パインリリー,act18d0,164,  よし、そろそろ時間だ。,char_003_kaltsn09_1
level_act18d0_st01.json,WD-ST-1,パインリリー,act18d0,165,  カバンを持った金髪のフェリーンが見えるか？　あれが大公お抱えの医師だ。,char_003_kaltsn09_1
level_act18d0_st01.json,WD-ST-1,パインリリー,act18d0,201,  ……,char_003_kaltsn09_1
level_act18d0_st01.json,WD-ST-1,パインリリー,act18d0,244,  あ……はい、ありがとうございます。,char_003_kaltsn09_1
level_act18d0_st01.json,WD-ST-1,パインリリー,act18d0,268,  ……かしこまりました。,char_003_kaltsn09_1#3
level_act18d0_st01.json,WD-ST-1,パインリリー,act18d0,277,  ……,char_003_kaltsn09_1
level_act18d0_st01.json,WD-ST-1,パインリリー,act18d0,278,  ……大公閣下。,char_003_kaltsn09_1
level_act18d0_st01.json,WD-ST-1,パインリリー,act18d0,291,  いえ、ただの使用人でございます。,char_003_kaltsn09_1
level_act18d0_st01.json,WD-ST-1,パインリリー,act18d0,295,  ……かしこまりました。,char_003_kaltsn09_1
level_act18d0_st01.json,WD-ST-1,パインリリー,act18d0,302,  いえ。,char_003_kaltsn09_1
level_act18d0_st01.json,WD-ST-1,パインリリー,act18d0,306,  ……はい。,char_003_kaltsn09_1
level_act18d0_st01.json,WD-ST-1,パインリリー,act18d0,310,  目が……視えないのですか？,char_003_kaltsn09_1
level_act18d0_st01.json,WD-ST-1,パインリリー,act18d0,315,  ……,char_003_kaltsn09_1
level_act18d0_st01.json,WD-ST-1,パインリリー,act18d0,319,  抗議なさらないのですか？　あなたは大公なのですよ。,char_003_kaltsn09_1
level_act18d0_st01.json,WD-ST-1,パインリリー,act18d0,324,  雲一つありません、大公閣下。,char_003_kaltsn09_1
level_act18d0_st01.json,WD-ST-1,パインリリー,act18d0,328,  ……絶望を感じますか？,char_003_kaltsn09_1
level_act18d0_st01.json,WD-ST-1,パインリリー,act18d0,335,  もうお気づきでいらっしゃるのですね。,char_003_kaltsn09_1
level_act18d0_st01.json,WD-ST-1,パインリリー,act18d0,339,  私はこれまでに、どんな人間だろうと見下したことはありません。ましてやあなたはウルサスの大公ですから。,char_003_kaltsn09_1
level_act18d0_st01.json,WD-ST-1,パインリリー,act18d0,348,  ここにおります。,char_003_kaltsn09_1
level_act18d0_st01.json,WD-ST-1,パインリリー,act18d0,354,  つまり、失明しても恐怖は覆い隠せないと？,char_003_kaltsn09_1
level_act18d0_st01.json,WD-ST-1,パインリリー,act18d0,510,  ケルシーです。,char_003_kaltsn09_1
level_act18d0_st01.json,WD-ST-1,パインリリー,act18d0,515,  どうでしょう。,char_003_kaltsn09_1
level_act18d0_st01.json,WD-ST-1,パインリリー,act18d0,516,  時間がありません、大公閣下。これ以上遅くなれば、あなたの護衛がここに入ってきます。,char_003_kaltsn09_1
level_act18d0_st01.json,WD-ST-1,パインリリー,act18d0,521,  ここです。,char_003_kaltsn09_1
level_act18d0_st01.json,WD-ST-1,パインリリー,act18d0,526,  ……どうぞ。,char_003_kaltsn09_1
level_act18d0_st01.json,WD-ST-1,パインリリー,act18d0,540,  ……あなたの故郷はどちらですか？,char_003_kaltsn09_1
level_act18d0_st01.json,WD-ST-1,パインリリー,act18d0,545,  聞いたところで私は答えません。,char_003_kaltsn09_1
level_act18d0_st01.json,WD-ST-1,パインリリー,act18d0,552,  ……職責を果たすために。,char_003_kaltsn09_1
level_act18d0_st01.json,WD-ST-1,パインリリー,act18d0,556,  いいえ。薬はゆっくりと神経に作用して、あなたは眠るように静かに意識を落とし、そして永遠に目覚めることはありません。,char_003_kaltsn09_1
level_act18d0_st01.json,WD-ST-1,パインリリー,act18d0,561,  ……,char_003_kaltsn09_1
level_act18d0_st01.json,WD-ST-1,パインリリー,act18d0,569,  もしあなたが本当に犠牲者全員を覚えていたのなら、私はウルサスの掌から逃れられなかったかもしれません。,char_003_kaltsn09_1
level_act18d0_st01.json,WD-ST-1,パインリリー,act18d0,575,  手段などいくらでもあるのですよ、大公閣下。,char_003_kaltsn09_1
level_act18d0_st01.json,WD-ST-1,パインリリー,act18d0,580,  何も言うつもりはありません、大公閣下。,char_003_kaltsn09_1
level_act18d0_st01.json,WD-ST-1,パインリリー,act18d0,581,  今から、あなたに注射を打ちます。,char_003_kaltsn09_1
level_act18d0_st01.json,WD-ST-1,パインリリー,act18d0,587,  終わりました、閣下。,char_003_kaltsn09_1
level_act18d0_st01.json,WD-ST-1,パインリリー,act18d0,591,  十五分です、閣下。,char_003_kaltsn09_1
level_act18d0_st01.json,WD-ST-1,パインリリー,act18d0,604,  芽吹きの時を迎え、陽射しがいっぱいに注がれ、大地はたくさんの希望に満ちています。,
level_act18d0_st01.json,WD-ST-1,パインリリー,act18d0,606,  美しく雄大な景色です。しかしその美しさはウルサスにとってごくありふれたものです。,
level_act18d0_st01.json,WD-ST-1,パインリリー,act18d0,609,  ……残念ながら、今のところは。,
level_act18d0_st01.json,WD-ST-1,パインリリー,act18d0,610,  帝国の冬は、観賞用の植物を育てるには寒すぎるようです。,
level_act18d0_st01.json,WD-ST-1,パインリリー,act18d0,612,  この長い冬が続く地に、一体何を植えたんです？,
level_act18d0_st01.json,WD-ST-1,パインリリー,act18d0,614,  ……,
level_act18d0_st01.json,WD-ST-1,パインリリー,act18d0,618,  ……パインリリーですね。,
level_act18d0_st01.json,WD-ST-1,パインリリー,act18d0,623,  春が来るにはまだ早いですよ、大公閣下。,
level_act18d0_st01.json,WD-ST-1,パインリリー,act18d0,625,  しかし、ウルサスは貧民や感染者で溢れてもいます。,
level_act18d0_st01.json,WD-ST-1,パインリリー,act18d0,627,  それは説得力のある言い訳ではないように思えます。,
level_act18d0_st01.json,WD-ST-1,パインリリー,act18d0,635,  人生の最後に自身を許す資格などあなたにはないかもしれません。しかし――,
level_act18d0_st01.json,WD-ST-1,パインリリー,act18d0,636,  （ウルサス語）どうかウルサスがあなたを忘れ去りますように、大公閣下。,
level_act18d0_st01.json,WD-ST-1,パインリリー,act18d0,647,  ……大公閣下がお休みになられました。,char_003_kaltsn09_1
level_act18d0_st01.json,WD-ST-1,パインリリー,act18d0,654,  いえ、そんな……申し訳ございません。すぐに立ち去りますので……,char_003_kaltsn09_1
level_act18d0_st01.json,WD-ST-1,パインリリー,act18d0,675,  ……,char_003_kaltsn09_1
level_act18d0_st01.json,WD-ST-1,パインリリー,act18d0,685,  （すぐにここを去ろう。）,char_003_kaltsn09_1
level_act18d0_st01.json,WD-ST-1,パインリリー,act18d0,686,  （あの金魚のフンのような官僚どもは、財務大臣に畏縮している。これは我々にとって絶好の機会だ。）,char_003_kaltsn09_1
level_act18d0_st01.json,WD-ST-1,パインリリー,act18d0,690,  （効果が出る時間が予想よりも短かった。もともと彼の体は限界を迎えていたのだろう。）,char_003_kaltsn09_1
level_act18d0_st01.json,WD-ST-1,パインリリー,act18d0,694,  （行こう。）,char_003_kaltsn09_1
level_act18d0_st01.json,WD-ST-1,パインリリー,act18d0,711,  まだ終わっていない。,char_003_kaltsn09_1
level_act18d0_st01.json,WD-ST-1,パインリリー,act18d0,712,  ウルサスがどんな姿に変わろうと……我々はいつかまたこの帝国に向き合う日が来るかもしれない。,char_003_kaltsn09_1
level_act18d0_st02.json,WD-ST-2,異郷より来る者,act18d0,155,  ……,char_003_kalts_1
level_act18d0_st02.json,WD-ST-2,異郷より来る者,act18d0,162,  どうやら、あの金貨は確かに君の手に渡ったようだ。,char_003_kalts_1
level_act18d0_st02.json,WD-ST-2,異郷より来る者,act18d0,163,  イシンは元気か？,char_003_kalts_1
level_act18d0_st02.json,WD-ST-2,異郷より来る者,act18d0,171,  君はまだ、あの「サンドソルジャー」なのか？,char_003_kalts_1
level_act18d0_st02.json,WD-ST-2,異郷より来る者,act18d0,175,  ……自分を騙すことはできても、私は騙せないぞ。,char_003_kalts_1
level_act18d0_st02.json,WD-ST-2,異郷より来る者,act18d0,179,  君は今でもいい記憶力をしているな、エリオット。,char_003_kalts_1
level_act18d0_st02.json,WD-ST-2,異郷より来る者,act18d0,188,  構わない。,char_003_kalts_1
level_act18d0_st02.json,WD-ST-2,異郷より来る者,act18d0,198,  ああ、必要な情報伝達にすぎない。そこに置いておいてくれ。,char_003_kalts_1
level_act18d0_st02.json,WD-ST-2,異郷より来る者,act18d0,211,  言葉には気を付けろ。たとえまだ正式なオペレーターでなくても、君はもう契約書にサインしたのだ。,char_003_kalts_1
level_act18d0_st02.json,WD-ST-2,異郷より来る者,act18d0,218,  ……その前に、君はある人物に会う必要がある。,char_003_kalts_1
level_act18d0_st02.json,WD-ST-2,異郷より来る者,act18d0,222,  違う。,char_003_kalts_1
level_act18d0_st02.json,WD-ST-2,異郷より来る者,act18d0,223,  君の指揮官だ。,char_003_kalts_1
level_act18d0_st02.json,WD-ST-2,異郷より来る者,act18d0,229,  君に関与する権利はない。,char_003_kalts_1
level_act18d0_st02.json,WD-ST-2,異郷より来る者,act18d0,235,  ……君には疑う権利はある。,char_003_kalts_1
level_act18d0_st02.json,WD-ST-2,異郷より来る者,act18d0,241,  もしその回答が、君のロドスに対する忠誠心を左右するのなら、私は君との契約について見直すべきかもしれない。,char_003_kalts_1
level_act18d0_st02.json,WD-ST-2,異郷より来る者,act18d0,245,  単に答えが欲しいだけなら、いくらでも用意はある。,char_003_kalts_1
level_act18d0_st02.json,WD-ST-2,異郷より来る者,act18d0,249,  ……,char_003_kalts_1
level_act18d0_st02.json,WD-ST-2,異郷より来る者,act18d0,250,  私は――,char_003_kalts_1
level_act18d0_st02.json,WD-ST-2,異郷より来る者,act18d0,259,  Dr.{@nickname}、ここにいたのか。,char_003_kalts_1
level_act18d0_st02.json,WD-ST-2,異郷より来る者,act18d0,262,  クロージャがすでに補給を完了したが、現地で君の対応が必要な突発的事態が起きたようだ。アーミヤはもう向かっている。,char_003_kalts_1
level_act18d0_st02.json,WD-ST-2,異郷より来る者,act18d0,263,  あの子をあまり待たせないでやってくれ。最近の彼女はよくやっている。アーミヤが君を必要としている時には、そばにいてやるべきだ。,char_003_kalts_1
level_act18d0_st02.json,WD-ST-2,異郷より来る者,act18d0,264,  ……もちろん、君自身にも注意を払うべきだがな。,char_003_kalts_1
level_act18d0_st02.json,WD-ST-2,異郷より来る者,act18d0,265,  あまり無理はするな、ロドスには君が必要だ。,char_003_kalts_1
level_act18d0_st02.json,WD-ST-2,異郷より来る者,act18d0,268,  これから私は臨時の診察がある。その件は君とアーミヤに任せるしかない。,char_003_kalts_1
level_act18d0_st02.json,WD-ST-2,異郷より来る者,act18d0,269,  もし順調にいけば、日没前にロドス全艦に通達しよう――,char_003_kalts_1
level_act18d0_st02.json,WD-ST-2,異郷より来る者,act18d0,271,  ――出航だと。,char_003_kalts_1#4
level_act18d3_09_end.json,SV-9,信仰者,act18d3,187,走れ、ハンターたち！,char_003_kalts_1
level_act18d3_09_end.json,SV-9,信仰者,act18d3,191,話はあとだ！　Mon3tr、行け！,char_003_kalts_1
level_act18d3_st02.json,SV-ST-2,出国の許し,act18d3,14,イベリア人が一般的に「知るべき」とされる物事と比較して、裁判所が隠蔽している秘密はあまりにも多岐に渡るものだ。,char_003_kalts_1
level_act18d3_st02.json,SV-ST-2,出国の許し,act18d3,18,審問官殿。あなたはその隠匿された秘密を知る人間だ。私がこうした発言をするのはそのためだと、ご理解いただきたい。,char_003_kalts_1
level_act18d3_st02.json,SV-ST-2,出国の許し,act18d3,19,深海教会は既にイベリアへと侵入し、秘密裏にその国土へ根を下ろしている。,char_003_kalts_1
level_act18d3_st02.json,SV-ST-2,出国の許し,act18d3,20,かつて存在した繋がりを――あなた方と海との繋がりを利用し、イベリアの廃都市は彼らが陸へと触手を伸ばす拠点となったのだ。,char_003_kalts_1
level_act18d3_st02.json,SV-ST-2,出国の許し,act18d3,21,彼らはあなた方の経典を用いて、そこへ都合良く詳説し、国民の見解を歪め、そしてより深くへと身を潜めた……あなた方には捕らえられようのない深みへと。,char_003_kalts_1
level_act18d3_st02.json,SV-ST-2,出国の許し,act18d3,22,……助けを求めるべきだ。これ以上、国土と信仰の間にある浅はかな争いが紛糾すれば、我々は最後の機会を逃すことになるだろう。,char_003_kalts_1
level_act18d3_st02.json,SV-ST-2,出国の許し,act18d3,33,大審問官殿、イベリア人は他とは違う。,char_003_kalts_1
level_act18d3_st02.json,SV-ST-2,出国の許し,act18d3,34,あなた方が日々、目にしている空の果ては……この大地に生きる他の人々が見ているそれとは異なるものだ。,char_003_kalts_1
level_act18d3_st02.json,SV-ST-2,出国の許し,act18d3,35,あなた方は、自らが住む土地を何と呼ぶ？　――「海辺」だろう。,char_003_kalts_1
level_act18d3_st02.json,SV-ST-2,出国の許し,act18d3,36,他の者たちは陸地に住むが、イベリア人はその海辺で生活する。,char_003_kalts_1
level_act18d3_st02.json,SV-ST-2,出国の許し,act18d3,37,大多数の人間は、荒野に住もうが都市に住もうが、得てして空を見上げるものだ。しかし、ひとたび視線を下ろせば……見えるものといえば果てなき大地と、連なる山脈ばかり。,char_003_kalts_1
level_act18d3_st02.json,SV-ST-2,出国の許し,act18d3,38,雲の上で起きる物事、その一切は彼らとは無縁の事象なのだ。,char_003_kalts_1
level_act18d3_st02.json,SV-ST-2,出国の許し,act18d3,39,従って、彼らが持ちうるものは「この大地」しか存在しない。,char_003_kalts_1
level_act18d3_st02.json,SV-ST-2,出国の許し,act18d3,40,彼らは自らが生活している場所を「大地」と呼んでいる。なぜならこの世界には、陸地の他に何も存在しないというのが彼らの認識だからだ。,char_003_kalts_1
level_act18d3_st02.json,SV-ST-2,出国の許し,act18d3,41,封鎖された都市、閉鎖的な村、容易に落命するだろう過酷な荒野……そこで生活する人々は、目に見えるもの以外、何も信用しない。,char_003_kalts_1
level_act18d3_st02.json,SV-ST-2,出国の許し,act18d3,42,さて、改めて彼女たちをご覧いただこう。彼女たちは、深海より来たるハンター……エーギル。,char_003_kalts_1
level_act18d3_st02.json,SV-ST-2,出国の許し,act18d3,43,この陸地より広大な、海からの来訪者だ。,char_003_kalts_1
level_act18d3_st02.json,SV-ST-2,出国の許し,act18d3,44,イベリアは、他の国とは違う。,char_003_kalts_1
level_act18d3_st02.json,SV-ST-2,出国の許し,act18d3,45,陸地に生きる人々は自らが取った航路と権力に心酔し、無限の可能性を無視している。本来探索可能であるはずのその陸と海との境界が、盲目的な彼らの目には入らないのだ。,char_003_kalts_1
level_act18d3_st02.json,SV-ST-2,出国の許し,act18d3,46,一方、あなた方の世界は、それに比すれば遙かに完全だ。陸と海の両方を認識しているのだから。自らの立つ場所はどこなのかという一つの事実について、イベリアは最も基礎的な認識を持っている。,char_003_kalts_1
level_act18d3_st02.json,SV-ST-2,出国の許し,act18d3,47,それこそがかつて、あなた方が他を大きくリードする立場にいた理由だった……,char_003_kalts_1
level_act18d3_st02.json,SV-ST-2,出国の許し,act18d3,58,おや、これは驚いた。審問官殿、あなたはそれらを避けて語らないと思っていたのだが……,
level_act18d3_st02.json,SV-ST-2,出国の許し,act18d3,79,では、あなたには尚のこと、他者の支援が必要となるだろう。,char_003_kalts_1
level_act18d3_st02.json,SV-ST-2,出国の許し,act18d3,83,イベリアはかつて破滅の危機に瀕したから、か？,char_003_kalts_1
level_act18d3_st02.json,SV-ST-2,出国の許し,act18d3,87,まだ、あなた方がここにいる。イベリアの民がここにいる。,char_003_kalts_1
level_act18d3_st02.json,SV-ST-2,出国の許し,act18d3,89,私は信じている。イベリアの民は、たとえ国土に一つとして都市が存在しなくなったとしても――,char_003_kalts_1
level_act18d3_st02.json,SV-ST-2,出国の許し,act18d3,97,――そう易々と死ぬことはない。,
level_act18d3_st02.json,SV-ST-2,出国の許し,act18d3,98,……審問官殿、どうか聞いてほしい。,
level_act18d3_st02.json,SV-ST-2,出国の許し,act18d3,99,傲慢と偏見がエーギルを滅ぼした。故にこの土地は、深海の住民たちの二の舞を演じてはならない。,
level_act18d3_st02.json,SV-ST-2,出国の許し,act18d3,100,もしイベリアまでもがこの災難の余波に倒れてしまえば、ここには誰一人として、海の持つ真の姿を知る者も、その恐ろしい脅威を知る者もいなくなるだろう。,
level_act18d3_st02.json,SV-ST-2,出国の許し,act18d3,101,凍原に於ける百年に一度の狩りのように……我々は今、海の怪物に直面しているか否かに関わらず、一国の栄辱ではなく、人類の領土をこそ守っているのだ。,
level_act18d3_st02.json,SV-ST-2,出国の許し,act18d3,102,もしイベリアが今のように、ただ辛うじて生き長らえるばかりであるならば――,
level_act18d3_st02.json,SV-ST-2,出国の許し,act18d3,113,――この国は、いずれ滅びることだろう。,char_003_kalts_1
level_act18d3_st02.json,SV-ST-2,出国の許し,act18d3,114,だが、今ならまだ間に合う。あなた方は故郷を、イベリアを再建することができる。,char_003_kalts_1
level_act18d3_st02.json,SV-ST-2,出国の許し,act18d3,118,審問官殿。私の目的は、あなたにそう信じさせることではない。私はただ、あなたに知ってもらうために発言したのだ。,char_003_kalts_1
level_act18d3_st02.json,SV-ST-2,出国の許し,act18d3,119,この問題に対する回答及び決定は、あなたの手で与えられる必要はない。また、今この時に与えられる必要もない。,char_003_kalts_1
level_act18d3_st02.json,SV-ST-2,出国の許し,act18d3,148,……,char_003_kalts_1
level_act18d3_st02.json,SV-ST-2,出国の許し,act18d3,149,大審問官殿、私は「資格」を持ち合わせているだろうか？,char_003_kalts_1
level_act18d3_st02.json,SV-ST-2,出国の許し,act18d3,150,私が、彼女たちの代わりに審問を受ける。私であれば、事態の経緯を整理して提示することも可能だろう。あなたは、必要とする情報を恙なく得ることができる。,char_003_kalts_1
level_act18d3_st02.json,SV-ST-2,出国の許し,act18d3,151,加えて言うなら、私であればイベリアの牢獄に耐えられる。,char_003_kalts_1
level_act18d3_st02.json,SV-ST-2,出国の許し,act18d3,162,今のところは。少なくとも、「今」ばかりは、という話だ。,char_003_kalts_1
level_act18d3_st02.json,SV-ST-2,出国の許し,act18d3,165,そして、君たちは――,
level_act18d3_st02.json,SV-ST-2,出国の許し,act18d3,166,ロドスに帰るんだ。イベリア北東の国境へ、Miseryが迎えに来る。今回は、水路を使わないように。,
level_act18d3_st02.json,SV-ST-2,出国の許し,act18d3,170,終点がロドスであるならば、我々はいかなる経路も受け入れよう。,char_003_kalts_1
level_act18d3_st02.json,SV-ST-2,出国の許し,act18d3,178,グレイディーア、よせ。,char_003_kalts_1
level_act18d3_st02.json,SV-ST-2,出国の許し,act18d3,182,ああ。,char_003_kalts_1
level_act18d3_st02.json,SV-ST-2,出国の許し,act18d3,183,心配無用だ、グレイディーア。,char_003_kalts_1
level_act18d3_st02.json,SV-ST-2,出国の許し,act18d3,185,さあ行け、ハンターたち。君たちには恐らく、スペクターに伝えたいことが少なからずあるだろう。そして正気の彼女なら、それに答える言葉を持っている。彼女自身の言葉をな。,char_003_kalts_1
level_act18d3_st02.json,SV-ST-2,出国の許し,act18d3,189,ふむ……,char_003_kalts_1#2
level_act18d3_st02.json,SV-ST-2,出国の許し,act18d3,190,私の助言は、君のようなハンターには適さない。,char_003_kalts_1#2
level_act18d3_st02.json,SV-ST-2,出国の許し,act18d3,194,いいや。この理由はごく当然のことに起因している。言うなれば、君自身の方が私よりも正確に、己がいかなる状態にあるかを理解しているからだ。,char_003_kalts_1#2
level_act18d3_st02.json,SV-ST-2,出国の許し,act18d3,195,要するに、君が現在の状態をどれほど長く維持しうるのかは、私には見当が付かないということだ……まあ君にとって、そう重要なことでもないだろうが。,char_003_kalts_1#2
level_act18d3_st02.json,SV-ST-2,出国の許し,act18d3,199,機嫌の良い君の様子から導き出した、単なる推測だ。今の君からすれば、己が正気であるか否かなど重要事に非ずというところか、スペクター？　現状はそれほど悪いものではないのだろうからな。,char_003_kalts_1
level_act18d3_st02.json,SV-ST-2,出国の許し,act18d3,204,君の言う通りかもしれないな。,char_003_kalts_1
level_act18d3_st02.json,SV-ST-2,出国の許し,act18d3,209,以前の君は、そんな性格だったのか？,char_003_kalts_1
level_act18d3_st02.json,SV-ST-2,出国の許し,act18d3,214,君なら、彼らに海藻の何たるかを教えてやれるだろう。,char_003_kalts_1
level_act18d3_st02.json,SV-ST-2,出国の許し,act18d3,215,そこには……今君に帰ることがかなうその場所には、君の新しい友が多くいる。,char_003_kalts_1
level_act18d3_st02.json,SV-ST-2,出国の許し,act18d3,219,将来的に、君の僚友たちが君を必要とすることだろう。そして私にもまた、君たちが必要となる。,char_003_kalts_1#4
level_act18d3_st02.json,SV-ST-2,出国の許し,act18d3,220,我々には、君が必要なのだ。,char_003_kalts_1#4
level_act18d3_st02.json,SV-ST-2,出国の許し,act18d3,222,それに――,char_003_kalts_1
level_act18d3_st02.json,SV-ST-2,出国の許し,act18d3,234,私は常に時間通り行動している。,char_003_kalts_1
level_act18d3_st02.json,SV-ST-2,出国の許し,act18d3,245,また無断で行動したな、スカジ。,char_003_kalts_1
level_act18d3_st02.json,SV-ST-2,出国の許し,act18d3,246,だが幸いなことに、今回の君は不十分ながらも連絡はした。エンジニアオペレーター宛に、そのケースを渡すよう依頼していたな。彼らはすぐ私に報告してくれたよ。,char_003_kalts_1
level_act18d3_st02.json,SV-ST-2,出国の許し,act18d3,247,以前に比すれば、君も随分やるようになったものだ。,char_003_kalts_1
level_act18d3_st02.json,SV-ST-2,出国の許し,act18d3,251,言ったはずだ。「口にしたことは守る」とな。君が何をしようとも私の言葉に変わりはない。,char_003_kalts_1
level_act18d3_st02.json,SV-ST-2,出国の許し,act18d3,252,さあ、ロドスに戻るといい。そして暫く休暇を楽しめ。,char_003_kalts_1
level_act18d3_st02.json,SV-ST-2,出国の許し,act18d3,265,我々には誰しも力の及ばない事象が存在する。それはたとえDr.{@nickname}でも手の施しようがないものだ。,
level_act18d3_st02.json,SV-ST-2,出国の許し,act18d3,266,我々の持ちうる技術では、君の感染問題を解決するには未だ不十分であり……君自身にも、それをどうすることもできない。,
level_act18d3_st02.json,SV-ST-2,出国の許し,act18d3,267,だが、スペクター。それを消し去ることができずとも、君がそれに打ち勝つことまでもが不可能とはなり得ない。,
level_act18d3_st02.json,SV-ST-2,出国の許し,act18d3,268,己の足下に落ちる影を消すことなどできない。しかし、その影と共に生きていくことはできるだろう。,
level_act18d3_st02.json,SV-ST-2,出国の許し,act18d3,269,スカジ……,
level_act18d3_st02.json,SV-ST-2,出国の許し,act18d3,270,君たちの暗き運命に解決策はない……しかし、君たちはそれと渡り合うことができる。,
level_act18d3_st02.json,SV-ST-2,出国の許し,act18d3,271,君たちだけが最後までそれと戦うことができるんだ。,
level_act18mini_st04.json,,河畔の船たち,act18mini,37,君たちの親王が去り、「船」たちが散り散りとなったことで、ローズ河畔は解散したものと思っていたが。,avg_003_kalts_1#1$1
level_act18mini_st04.json,,河畔の船たち,act18mini,39,かつての船の中には、今や軍事委員会に仕えている者も多い。,avg_003_kalts_1#2$1
level_act18mini_st04.json,,河畔の船たち,act18mini,41,そして君は、軍事委員会が劣勢に立たされたこのタイミングで、長年連絡を絶っていた我々へと通信を入れた。君の求めるものを私が差し出すとは限らんぞ。,avg_003_kalts_1#1$1
level_act18mini_st04.json,,河畔の船たち,act18mini,47,必要な準備だ。,avg_003_kalts_1#2$1
level_act18mini_st04.json,,河畔の船たち,act18mini,49,それに、Logosも君の出現に警鐘を鳴らしていたからな。,avg_003_kalts_1#1$1
level_act18mini_st04.json,,河畔の船たち,act18mini,50,墜落した飛空船を離れて以降、我々の臨時拠点にコンタクトを取ってきた外部の人間は、君が一人目だ。,avg_003_kalts_1#1$1
level_act18mini_st04.json,,河畔の船たち,act18mini,55,エンテレケイア、ここはバベルの臨時拠点のように無駄口を叩ける場所ではないぞ。,avg_003_kalts_1#2$1
level_act18mini_st04.json,,河畔の船たち,act18mini,70,君は感傷的なタイプではなかったと記憶しているが。,avg_003_kalts_1#1$1
level_act18mini_st04.json,,河畔の船たち,act18mini,77,エンテレケイア、なぜヴィクトリアの戦場に飛び込むリスクを冒してまで会いに来た？,avg_003_kalts_1#1$1
level_act18mini_st04.json,,河畔の船たち,act18mini,78,助けが必要ならば、テレシスの方が賢明な選択だったはずだ。,avg_003_kalts_1#1$1
level_act18mini_st04.json,,河畔の船たち,act18mini,86,……何が目的だ？,avg_003_kalts_1#1$1
level_act18mini_st04.json,,河畔の船たち,act18mini,90,我々が受け取った情報によれば、都市内では軍事委員会が統制を強めているという。,avg_003_kalts_1#3$1
level_act18mini_st04.json,,河畔の船たち,act18mini,92,一方城壁部では、ナハツェーラーの軍隊とヴィクトリア公爵の大軍が壁を隔てて睨み合っている。情勢は刻一刻と変化しているんだ。,avg_003_kalts_1#1$1
level_act18mini_st04.json,,河畔の船たち,act18mini,96,いいや。私が言いたいのは、このような情勢下で、お前がアスカロンの状況を把握しているのは不自然ということだ。彼女の手腕については私もよく知っているからな。,avg_003_kalts_1#1$1
level_act18mini_st04.json,,河畔の船たち,act18mini,100,……,avg_003_kalts_1#2$1
level_act18mini_st04.json,,河畔の船たち,act18mini,101,彼女が怪我を理由に警戒を緩めることなど決してない。,avg_003_kalts_1#2$1
level_act18mini_st04.json,,河畔の船たち,act18mini,105,協力者がいるのだろう。誰だ？,avg_003_kalts_1#1$1
level_act18mini_st04.json,,河畔の船たち,act18mini,109,あの彼女が……？　彼女は君たちの寵愛を受けていて、戦場の最前線に送られることなどなかったはずだ。それに船同士の取り決めがある以上、ここに船が現れること自体が問題ではないのか？,avg_003_kalts_1#6$1
level_act18mini_st04.json,,河畔の船たち,act18mini,117,……いいや、ロドスは君の助力に感謝する。バベル時代にテレジアがそうしていたように、我々も船たちの貢献に報いたい。,avg_003_kalts_1#1$1
level_act18mini_st04.json,,河畔の船たち,act18mini,118,かの親王に関しても、私の知る手がかりを渡そう。,avg_003_kalts_1#1$1
level_act18mini_st04.json,,河畔の船たち,act18mini,125,都市内においては、現状ロドスの人員を捻出することはできない。,avg_003_kalts_1#1$1
level_act18mini_st04.json,,河畔の船たち,act18mini,127,……,avg_003_kalts_1#3$1
level_act18mini_st04.json,,河畔の船たち,act18mini,129,だが、「ミルスカー」という勢力なら力になってくれるはずだ。君ならば、難なく探し出せるだろう。,avg_003_kalts_1#1$1
level_act18mini_st04.json,,河畔の船たち,act18mini,130,嵐の中心部に限りなく近いところにいながら、あらゆる勢力に肩入れすることを避けている者たちだ。彼らのそうした姿勢は、君も馴染み深いのではないか？,avg_003_kalts_1#1$1
level_act18mini_st04.json,,河畔の船たち,act18mini,134,今はまだ、ロドスと利益を同じくする部分があるからな。,avg_003_kalts_1#2$1
level_act18mini_st04.json,,河畔の船たち,act18mini,136,もし軍事委員会がドゥカレの布陣を利用して他の策を打てば、公爵連合軍の行動に影響を及ぼすことは必至……模範軍の都市入り計画すら頓挫しかねない。,avg_003_kalts_1#1$1
level_act18mini_st04.json,,河畔の船たち,act18mini,138,それはロドスと「ミルスカー」双方にとって望ましくない結果だ。,avg_003_kalts_1#3$1
level_act18mini_st04.json,,河畔の船たち,act18mini,142,ロドスの計画だ。,avg_003_kalts_1#1$1
level_act18mini_st04.json,,河畔の船たち,act18mini,151,内心では結論が出ているはずだ。改めて確認する意味があるのか？,avg_003_kalts_1#4$1
level_act18mini_st04.json,,河畔の船たち,act18mini,517,――エンテレケイア。,avg_003_kalts_1#1$1
level_act18mini_st04.json,,河畔の船たち,act18mini,521,最終攻撃計画の策定に少し時間が取られてな。それにしても、声を掛けるまで気付かないとは、珍しいな。,avg_003_kalts_1#1$1
level_act18mini_st04.json,,河畔の船たち,act18mini,523,……ロドスの医療オペレーターによる医療支援は必要か？　ブラッドブルードが止血を拒めば、彼らにも手の施しようはないがな。,avg_003_kalts_1#1$1
level_act18mini_st04.json,,河畔の船たち,act18mini,529,……君がドゥカレの残した法陣を破壊し、ロンディニウムをもう一つの滅びから救ったことについては、これまでと同じように、一個人として感謝することしかできない。すまない。,avg_003_kalts_1#2$1
level_act18mini_st04.json,,河畔の船たち,act18mini,534,だが、それに加えてウィシャデルたちのためにかなりの障害を排除してくれただろう。,avg_003_kalts_1#1$1
level_act18mini_st04.json,,河畔の船たち,act18mini,538,当然だ。それで、鮮血の法陣から得た情報は、「ミルスカー」に伝えたのか？,avg_003_kalts_1#3$1
level_act18mini_st04.json,,河畔の船たち,act18mini,542,そうか。ならば、ヴィクトリア人とサルカズが戦争を始めれば、利益目的で協力者を募る者が現れるということにも思い至るだろう。,avg_003_kalts_1#2$1
level_act18mini_st04.json,,河畔の船たち,act18mini,543,戦争はもう終わるべきだ。残りの問題はロンディニウムに……ヴィクトリア自身に委ねるほかない。,avg_003_kalts_1#2$1
level_act18mini_st04.json,,河畔の船たち,act18mini,545,現在、アーミヤとドクターがヴィクトリアの代表と平和的な収束案を協議しているところだ。,avg_003_kalts_1#3$1
level_act18mini_st04.json,,河畔の船たち,act18mini,547,もし理想的な結論に至れば、サルカズは皆この都市を立ち去ることになる。それによって、ロンディニウムの災難もまた収束するだろう。,avg_003_kalts_1#1$1
level_act18mini_st04.json,,河畔の船たち,act18mini,548,過去のことについては……今は多くを知る必要もなかろう。人々が物事を詳しく知れば知るほど、それは悩みに変わるものだからな。,avg_003_kalts_1#1$1
level_act18mini_st04.json,,河畔の船たち,act18mini,555,……エンテレケイア。親王の手がかりは、君が指定した通信回線に共有してある。断片的な情報であることに変わりはないが、役には立つはずだ。,avg_003_kalts_1#1$1
level_act18mini_st04.json,,河畔の船たち,act18mini,560,それよりも、伝えておくべきことがある――手がかりを受け取ったはずの受信者から、一切返事が返ってきていない。,avg_003_kalts_1#5$1
level_act18mini_st04.json,,河畔の船たち,act18mini,564,それに加えて、クロージャがなんとか大まかな受信者の位置を特定したが、我々が近づくことを妨害している者がいる。,avg_003_kalts_1#5$1
level_act18mini_st04.json,,河畔の船たち,act18mini,565,いや、妨害というよりは、意図的に我々の注意を引こうとしているように思える。別の目的を持つ者が関わっているのかもしれん。,avg_003_kalts_1#5$1
level_act18mini_st04.json,,河畔の船たち,act18mini,686,ロンディニウムを去るのか？,avg_003_kalts_1#1$1
level_act18mini_st04.json,,河畔の船たち,act18mini,690,親王はやはりロンディニウムに来ていたのか。,avg_003_kalts_1#2$1
level_act18mini_st04.json,,河畔の船たち,act18mini,692,軍事委員会の情報網でも、我々の敷いたロンディニウムの地下ネットワークをもってしても、彼女は捕捉できなかった。不確定因子が増えたのはいい知らせとは言い難いな。,avg_003_kalts_1#1$1
level_act18mini_st04.json,,河畔の船たち,act18mini,699,エンテレケイア、親王がバベル崩壊の直後に失踪したということ自体、疑問に満ちているんだ。それがテレシスによる指令でないことさえ、確かめられていない。,avg_003_kalts_1#3$1
level_act18mini_st04.json,,河畔の船たち,act18mini,700,彼女の立場が明らかになるまで、ロドスは彼女が我々の計画をかき乱す可能性を排除できない。,avg_003_kalts_1#3$1
level_act18mini_st04.json,,河畔の船たち,act18mini,702,たとえ私自身が、彼女がただ別れを告げるためだけに来たのだと信じたくてもだ。,avg_003_kalts_1#2$1
level_act18mini_st04.json,,河畔の船たち,act18mini,707,もし協力が必要ならば、我々は引き続き――,avg_003_kalts_1#1$1
level_act18mini_st04.json,,河畔の船たち,act18mini,712,使命は名が変わったからといって変わりはしない。,avg_003_kalts_1#2$1
level_act18mini_st04.json,,河畔の船たち,act18mini,714,ロドスはバベルが歩んだ失敗の道を歩むつもりはないが、バベルが描いた理想を否定するつもりもない。,avg_003_kalts_1#3$1
level_act18mini_st04.json,,河畔の船たち,act18mini,716,加えて、私もまた、在りし日のすべての真相を知りたいと思っているんだ。,avg_003_kalts_1#1$1
level_act18mini_st04.json,,河畔の船たち,act18mini,727,だが、船たちを説得するのはそう簡単にはいかないだろう。親王もまだ行方知れずだというのに……,avg_003_kalts_1#1$1
level_act18mini_st04.json,,河畔の船たち,act18mini,736,わかった。私とロドスが約束しよう。,avg_003_kalts_1#1$1
level_act18mini_st04.json,,河畔の船たち,act18mini,740,ロドスは君が思うほど脆弱ではない。,avg_003_kalts_1#1$1
level_act18mini_st05.json,,腐敗の最期,act18mini,529,ともあれ、外の戦場で踏み入った弔旗よりも危険と見て間違いないだろう。,avg_003_kalts_1#1$1
level_act18mini_st05.json,,腐敗の最期,act18mini,530,他の部隊も恐らく同じ妨害を受けている。通信もほとんど繋がらない状況だ。,avg_003_kalts_1#1$1
level_act18mini_st05.json,,腐敗の最期,act18mini,531,たった三百メートルの大広間でも、数千人規模の部隊を数日間は足止めできるだろうな。,avg_003_kalts_1#1$1
level_act18mini_st05.json,,腐敗の最期,act18mini,968,随分と霧が薄まったな。,avg_003_kalts_1#1$1
level_act18mini_st05.json,,腐敗の最期,act18mini,982,だが、この状態はそう長くは続かない。シャイニングの報告によれば、他エリアに散らした霧も、こちらへと戻り始めているそうだ。,avg_003_kalts_1#5$1
level_act18mini_st05.json,,腐敗の最期,act18mini,983,急ごう――,avg_003_kalts_1#5$1
level_act18mini_st05.json,,腐敗の最期,act18mini,996,Mon3tr！,avg_003_kalts_1#7$1
level_act18mini_st05.json,,腐敗の最期,act18mini,1028,Mon3tr、構造強化！　ドクターを守れ！,avg_003_kalts_1#7$1
level_act18mini_st05.json,,腐敗の最期,act18mini,1035,ここが戦場であるとしてもか？,avg_003_kalts_1#6$1
level_act18mini_st05.json,,腐敗の最期,act18mini,1052,テレシスの手にある「アナンナ」は……,avg_003_kalts_1#6$1
level_act18mini_st05.json,,腐敗の最期,act18mini,1090,……ドクター,avg_003_kalts_1#4$1
level_act18mini_st05.json,,腐敗の最期,act18mini,1100,ロドスがこの混乱のために準備したすべては、この瞬間のためにある。迷う必要はない。,avg_003_kalts_1#2$1
level_act25side_01_beg.json,CW-1,深い霧,act25side,145,久しぶりだな、Dr.{@nickname}。,char_003_kalts_1
level_act25side_01_beg.json,CW-1,深い霧,act25side,147,フィリオプシスはすでにエレナを伴い、機能検査と治療のため本艦へ戻った。Mechanistも新たな任務に向かっている。今後は、私が君に同行しよう。,char_003_kalts_1
level_act25side_01_beg.json,CW-1,深い霧,act25side,164,詳細は後程説明しよう。テレビをつけているのなら、十三区の状況はすでに把握しているだろう。,char_003_kalts_1
level_act25side_01_beg.json,CW-1,深い霧,act25side,165,あの爆発を起こしたのは不注意な研究員などではなく、上空からの落下物だ。,char_003_kalts_1
level_act25side_01_beg.json,CW-1,深い霧,act25side,171,ああ。サリアはすでに事件現場へ向かい、調査にあたっている。,char_003_kalts_1
level_act25side_01_beg.json,CW-1,深い霧,act25side,173,今の君が何よりも先にすべきことは、起きて顔を洗うことだ。,char_003_kalts_1#2
level_act25side_01_beg.json,CW-1,深い霧,act25side,621,トリマウンツの拠点へ向かっている。サリアと会う約束を取り付けたのでな。,char_003_kalts_1
level_act25side_01_beg.json,CW-1,深い霧,act25side,627,君とロスモンティスは、ひとまずドクターのそばを離れないようにするのが得策だ。,char_003_kalts_1
level_act25side_02_beg.json,CW-2,追跡不能,act25side,222,軍の反応を見る限り、おおむね筋は通っているだろうな。,char_003_kalts_1#1
level_act25side_02_beg.json,CW-2,追跡不能,act25side,223,国防部が絶対兵器の助けを借りて発言権を取り戻そうとしているにしても、クリステン本人にほかに意図があるにしても……,char_003_kalts_1#1
level_act25side_02_beg.json,CW-2,追跡不能,act25side,224,トリマウンツでエネルギーを中核とした大規模なプロジェクトが秘密裏に進められているのは確かだ。想像を絶する破壊力を持つそれは、科学検証を終えてこそいないが……完成に近付きつつある。,char_003_kalts_1#1
level_act25side_02_beg.json,CW-2,追跡不能,act25side,228,サリア、トリマウンツで大規模な停電が起きたことはあるか？,char_003_kalts_1#1
level_act25side_02_beg.json,CW-2,追跡不能,act25side,243,それが軍の求める絶対兵器であるにせよ、クリステンの意図をはらんだ未知なるものであるにせよ……,char_003_kalts_1#1
level_act25side_02_beg.json,CW-2,追跡不能,act25side,244,「ホライズンアーク計画」に必要なエネルギー量と操作精度は計り知れない。,char_003_kalts_1#1
level_act25side_02_beg.json,CW-2,追跡不能,act25side,245,エネルギー確保とナビゲーションの正確性の担保は絶対に回避できない問題となるだろう。,char_003_kalts_1#1
level_act25side_02_beg.json,CW-2,追跡不能,act25side,249,クルビア軍がどのような評価を下したのか、そしてクリステンがどのように彼らを言いくるめたかはわからない。,char_003_kalts_1#1
level_act25side_02_beg.json,CW-2,追跡不能,act25side,250,だが、仮にクリステンが操作精度の問題を解決できたところで、トリマウンツの全リソースを注ぎ込んだとしても、この規模のエネルギーの集中には耐えられないというのが私の判断だ。,char_003_kalts_1#1
level_act25side_02_beg.json,CW-2,追跡不能,act25side,251,計画が実行されれば、水の入ったコップに大きなスポンジを投げ入れるかのようにして、極めて短期間のうちにトリマウンツのエネルギーが吸い尽くされてしまうだろう。,char_003_kalts_1#1
level_act25side_02_beg.json,CW-2,追跡不能,act25side,252,クリステンの才能とビジョンがどれほど先進的であっても、現在の科学技術ではこうした構想を実現することは不可能だ。,char_003_kalts_1#1
level_act25side_02_beg.json,CW-2,追跡不能,act25side,256,……ああ。これはクリステンがこの問題を解決している場合を除いて不可能という話だ。,char_003_kalts_1#1
level_act25side_02_beg.json,CW-2,追跡不能,act25side,333,頼んだ資料は持ってきてくれたか？,char_003_kalts_1#1
level_act25side_02_beg.json,CW-2,追跡不能,act25side,343,過去十年分のライン生命エンジニア課で立案及び実行したプロジェクトの記録とその結果レポート、そしてエネルギー課とアーツ応用課での実験記録と……,char_003_kalts_1#1
level_act25side_02_beg.json,CW-2,追跡不能,act25side,344,……科学考察課の調査報告およびデータファイルか。,char_003_kalts_1#1
level_act25side_02_beg.json,CW-2,追跡不能,act25side,345,想像よりずっと分厚いな。,char_003_kalts_1#1
level_act25side_02_beg.json,CW-2,追跡不能,act25side,353,科学考察課は、カジミエーシュの環山高地平原で地震データを定期収集して分析を行い、またサーミの果てなき氷原には十基近くの観測ステーションを建設しているようだな。,char_003_kalts_1#1
level_act25side_02_beg.json,CW-2,追跡不能,act25side,354,加えて、調査のため頻繁にクルビアのグレートレイクスや南部の低地砂漠に向かっている。それどころかボーンヤードの廃都市遺跡深部に立ち入ることまで考えているようだ……,char_003_kalts_1#1
level_act25side_02_beg.json,CW-2,追跡不能,act25side,355,クルビアという若き開拓者の蹴り上げる砂が、サルゴンの黄砂より古いことを知る者はほとんどいない。,char_003_kalts_1#1
level_act25side_02_beg.json,CW-2,追跡不能,act25side,356,科学者が探検精神から大地の果てを探っているというよりも、具体的な目的を持って何かを探しているというほうが適切だろう。,char_003_kalts_1#1
level_act25side_02_beg.json,CW-2,追跡不能,act25side,364,最後の数ページは、トリマウンツに関するものか……,char_003_kalts_1#1
level_act25side_02_beg.json,CW-2,追跡不能,act25side,368,今のところ、私が見たすべての調査プロジェクトには、ライン生命統括による直筆のサインが入っていた。,char_003_kalts_1#1
level_act25side_02_beg.json,CW-2,追跡不能,act25side,372,果たして、この騒動は偶然トリマウンツで発生したのか、あるいはトリマウンツでなければならなかったのか……,char_003_kalts_1#1
level_act25side_02_beg.json,CW-2,追跡不能,act25side,376,一定の推測は可能だが、情報があまりにも入り乱れていて、現状手元にある資料だけでは、明確な証拠を提示するには不十分だな。,char_003_kalts_1#1
level_act25side_02_beg.json,CW-2,追跡不能,act25side,377,少し休憩を取ろう。,char_003_kalts_1#1
level_act25side_02_beg.json,CW-2,追跡不能,act25side,378,イフリータと話してくるといい。,char_003_kalts_1#1
level_act25side_02_beg.json,CW-2,追跡不能,act25side,652,だが、資料がすべてやられた。,char_003_kalts_1#1
level_act25side_02_beg.json,CW-2,追跡不能,act25side,653,注意をそらし、即座に撤退か。向こうの目的は明白だな。,char_003_kalts_1#1
level_act25side_02_beg.json,CW-2,追跡不能,act25side,659,つまりライン生命内部の者の犯行か？,char_003_kalts_1#1
level_act25side_02_beg.json,CW-2,追跡不能,act25side,664,あるいは、間違った方向へ進ませるためにあえて邪魔をしてこちらが正しいと誤認させ、我々を誘導しているという線も否定できないが。,char_003_kalts_1#1
level_act25side_02_beg.json,CW-2,追跡不能,act25side,669,怒りが見えるな、サリア。,char_003_kalts_1#1
level_act25side_02_beg.json,CW-2,追跡不能,act25side,670,その怒りで判断を曇らせないようにすることだ。,char_003_kalts_1#1
level_act25side_02_beg.json,CW-2,追跡不能,act25side,674,仮にクリステンがエネルギーの問題を解決したために、軍との繋がりを断ち切ったのであれば、我々は急ぎ、彼女が頼りにしているエネルギー源を見つけなければならない。,char_003_kalts_1#1
level_act25side_02_beg.json,CW-2,追跡不能,act25side,675,おそらく軍が管理するエネルギーウェルからそう遠くはないだろう……,char_003_kalts_1#1
level_act25side_02_beg.json,CW-2,追跡不能,act25side,676,先ほどの推論に基づいて、ある程度の見当はついている。ひとまず探してはみるが、より多くの資料が必要になるな。,char_003_kalts_1#1
level_act25side_06_end.json,CW-6,集う者たち,act25side,641,Mon3tr！,char_003_kalts_1#3
level_act25side_06_end.json,CW-6,集う者たち,act25side,659,掴まっていろ、ドクター。,char_003_kalts_1#3
level_act25side_06_end.json,CW-6,集う者たち,act25side,667,わかっている。,char_003_kalts_1#1
level_act25side_06_end.json,CW-6,集う者たち,act25side,679,――わかっている。,char_003_kalts_1#1
level_act25side_07_end.json,CW-7,空に浮かぶ城,act25side,12,ドクター、すぐにこの場を離脱するぞ。,char_003_kalts_1#1
level_act25side_07_end.json,CW-7,空に浮かぶ城,act25side,13,クリステンのエネルギー供給源を見つけた。,char_003_kalts_1#1
level_act25side_07_end.json,CW-7,空に浮かぶ城,act25side,15,すべてが取り返しのつかない事態に至る前に……そして、想定しうる最悪の可能性が実現してしまう前に……,char_003_kalts_1#3
level_act25side_07_end.json,CW-7,空に浮かぶ城,act25side,16,彼女を止めなければならない。まだチャンスは残っている。,char_003_kalts_1#3
level_act25side_07_end.json,CW-7,空に浮かぶ城,act25side,22,クリステンの計画には膨大なエネルギーが必要なのだが、その規模と純度はどちらも、現代のテラ人では掌握することはおろか、想像することさえもできない量でな。,char_003_kalts_1#1
level_act25side_07_end.json,CW-7,空に浮かぶ城,act25side,28,ここまで膨大なエネルギーとなると、およそ一つの石棺では賄えないだろう。,char_003_kalts_1#1
level_act25side_07_end.json,CW-7,空に浮かぶ城,act25side,34,私は、「一つの」石棺では賄えないと言ったんだ。,char_003_kalts_1#1
level_act25side_07_end.json,CW-7,空に浮かぶ城,act25side,35,しかし……私も、クルビアにあるとは思いもしていなかった。,char_003_kalts_1#1
level_act25side_07_end.json,CW-7,空に浮かぶ城,act25side,36,まさかこの荒野の下に眠っているとは。,char_003_kalts_1#1
level_act25side_07_end.json,CW-7,空に浮かぶ城,act25side,37,――ドクター、君の助けが必要だ。,char_003_kalts_1#1
level_act25side_07_end.json,CW-7,空に浮かぶ城,act25side,38,私に助力をできるのも……君くらいしかいない。,char_003_kalts_1#1
level_act25side_07_end.json,CW-7,空に浮かぶ城,act25side,44,……,char_003_kalts_1#1
level_act25side_07_end.json,CW-7,空に浮かぶ城,act25side,45,戦闘はすでに収束し、彼女は危機を脱した。,char_003_kalts_1#1
level_act25side_07_end.json,CW-7,空に浮かぶ城,act25side,46,ロスモンティスを信じてやれ。彼女はまだ子供ではあるが、他方でロドスのエリートオペレーターでもある。,char_003_kalts_1#1
level_act25side_07_end.json,CW-7,空に浮かぶ城,act25side,47,どうか……彼女と過ごした歳月を信じてほしい。,char_003_kalts_1#1
level_act25side_07_end.json,CW-7,空に浮かぶ城,act25side,48,チェルノボーグでの作戦行動にせよ、ロドスで彼女が過ごした日々にせよ、その時間はいずれも有用だ。ああいった経験もまた、彼女を形作るものとなっている。,char_003_kalts_1#1
level_act25side_07_end.json,CW-7,空に浮かぶ城,act25side,49,ロスモンティスは、自らの意思で選択をすることだろう。我々はそれを尊重するしかない。,char_003_kalts_1#1
level_act25side_07_end.json,CW-7,空に浮かぶ城,act25side,50,ただ……今は我々にも同様に、選択の時が来ているがな。,char_003_kalts_1#1
level_act25side_07_end.json,CW-7,空に浮かぶ城,act25side,399,……,char_003_kalts_1#1
level_act25side_07_end.json,CW-7,空に浮かぶ城,act25side,402,私はこのところ、以前ライン生命がトリマウンツで調査していたという多数の地点を調べていた。そうして見つけたのがこの場所だ。,char_003_kalts_1#1
level_act25side_07_end.json,CW-7,空に浮かぶ城,act25side,403,事実は私の想像と大差ないものだった。,char_003_kalts_1#1
level_act25side_07_end.json,CW-7,空に浮かぶ城,act25side,409,「ホライズンアーク計画」のエネルギーウェルは、現在地からたった数百メートルの位置にある。観光を望むのなら、恐らくクリステンはそのための道まで用意していることだろう。,char_003_kalts_1#1
level_act25side_07_end.json,CW-7,空に浮かぶ城,act25side,420,……Dr.{@nickname}。,
level_act25side_07_end.json,CW-7,空に浮かぶ城,act25side,421,すでに察しているだろうが、ロドスがこれほど積極的にトリマウンツでの事件に介入している理由は、そのすべてが君の見てきた人や物事にあるわけではない。,
level_act25side_07_end.json,CW-7,空に浮かぶ城,act25side,425,サイレンス、イフリータ、サリア、ローキャンにロスモンティス――さらにはブリキと名乗るレヴァナントですらも、真相からはほど遠い常人にすぎない。,
level_act25side_07_end.json,CW-7,空に浮かぶ城,act25side,426,ライン生命の騒動、そしてクリステンの暴走に関して、軍とマイレンダー基金はもう片方の天秤に乗せられた分銅の如くバランスを保ち、文明国家としての表層を維持しようとしている。,
level_act25side_07_end.json,CW-7,空に浮かぶ城,act25side,427,……だがそれはいずれも、最重要事項でもなければ、最も懸念すべきことでもない。,
level_act25side_07_end.json,CW-7,空に浮かぶ城,act25side,428,クリステンは初めから人々の想像をはるかに超えたものに触れ、それを基にして、空への挑戦を開始した。,
level_act25side_07_end.json,CW-7,空に浮かぶ城,act25side,429,私の懸念は、彼女の行動がテラに予期せぬ事態をもたらすのではないかということだ。本来ならその前に彼女を止めたかったのだが……一足遅かったな。,
level_act25side_07_end.json,CW-7,空に浮かぶ城,act25side,430,今のテラでは、こうした問題に干渉するのはもはや簡単なことではない。文明は私の想像よりはるかに発展しているようだ。,
level_act25side_07_end.json,CW-7,空に浮かぶ城,act25side,431,人々はいずれ、この地点まで到達するだろう。,
level_act25side_07_end.json,CW-7,空に浮かぶ城,act25side,436,そうしたことがないわけでもない。ただ、結果は往々にしてあまり良くないものになった。,
level_act25side_07_end.json,CW-7,空に浮かぶ城,act25side,437,現在のロドスにおいて、アーミヤとクロージャ、そしてエーギルと関係の深いハンターたちが……すでに多くを知り、それを自らの問題解決の手助けとしていても。,
level_act25side_07_end.json,CW-7,空に浮かぶ城,act25side,438,たとえば畑を耕すとして、空で雲や雨や稲妻が形成される理由は気にならないが、次の嵐がいつ訪れるかは知りたいと思うかもしれない。,
level_act25side_07_end.json,CW-7,空に浮かぶ城,act25side,439,しかし本来生活の根底にある問題は、為政者の傲慢な振る舞い、頻発する天災、農作物の収穫量や新たな税制などだろう。だというのに、実際には多くの人間がそんなことを気にもしていない。,
level_act25side_07_end.json,CW-7,空に浮かぶ城,act25side,440,彼らは他人の運命に目を向けてなどいないのだ。,
level_act25side_07_end.json,CW-7,空に浮かぶ城,act25side,441,テラ人の視点に立ってみれば、はるか遠くにある知識や情報を信じることにしたとして、それに何ができ、何の役に立つ？,
level_act25side_07_end.json,CW-7,空に浮かぶ城,act25side,442,そんな中で思考を保っているのは、周囲のすべてに関心を持つごく一部の知者に限られる。,
level_act25side_07_end.json,CW-7,空に浮かぶ城,act25side,443,残りの人々は、己が理解を超える物事に直面した時に無知という居心地の良い空間を守るため、嘲笑や迫害を選択し続けるのだ。,
level_act25side_07_end.json,CW-7,空に浮かぶ城,act25side,444,彼らは「哀れ」なだけだ。しかし、それゆえに真理から遠ざかっている。,
level_act25side_07_end.json,CW-7,空に浮かぶ城,act25side,448,「突き破る」か。この表現自体は深い意味を持つものではないが、君の潜在意識はやはり「空」に限界などあるはずがないと認識しているようだな。,
level_act25side_07_end.json,CW-7,空に浮かぶ城,act25side,449,この大地のいかなる学者にとっても、空で起こることはすべて天災や海と同じく、説明のつかない自然現象だ。,
level_act25side_07_end.json,CW-7,空に浮かぶ城,act25side,450,疑問を抱いた人々は探求を重ね、知識や哲学を駆使してそれを分析する――「空はこうあるべきではない」と考えるのではなく、空で起こる種々の現象を研究するのだ。,
level_act25side_07_end.json,CW-7,空に浮かぶ城,act25side,451,多くの子供たちが空を飛ぶことを夢見ながらも、空は自由に飛び回れる場所ではないことをすぐに認識する。,
level_act25side_07_end.json,CW-7,空に浮かぶ城,act25side,452,ドローンと飛行ユニットの高度は厳しく制限されており、すべての羽獣は本能的に限界を超えぬよう翼を広げている。,
level_act25side_07_end.json,CW-7,空に浮かぶ城,act25side,453,これが今の大地における人々の常識というものだ。日が昇り月が沈むことに疑問を抱く者もいなければ、万物の成長に疑問を抱く者もいない。,
level_act25side_07_end.json,CW-7,空に浮かぶ城,act25side,454,だがクリステンは、夢が偽りであることを信じようとしない詩人の如く、頑なに「信じない」ことを選び続けた。,
level_act25side_07_end.json,CW-7,空に浮かぶ城,act25side,464,一つ約束してくれ、ドクター。,char_003_kalts_1#1
level_act25side_07_end.json,CW-7,空に浮かぶ城,act25side,470,この先何に遭遇し、何を思い出しても動じるな。私がそばにいる。,char_003_kalts_1#1
level_act25side_07_end.json,CW-7,空に浮かぶ城,act25side,471,仮に君が選ぶのが……いや。決してそうはならない。,char_003_kalts_1#1
level_act25side_07_end.json,CW-7,空に浮かぶ城,act25side,472,アーミヤと、ロドスと共に今日まで歩んできた君を信じよう。君はもう心構えができているはずだ。,char_003_kalts_1#1
level_act25side_07_end.json,CW-7,空に浮かぶ城,act25side,473,……とにかく、今は時間がない。,char_003_kalts_1#1
level_act25side_07_end.json,CW-7,空に浮かぶ城,act25side,480,――待て。,
level_act25side_07_end.json,CW-7,空に浮かぶ城,act25side,481,下がれ、ドクター。話はまた後程としよう。,
level_act25side_07_end.json,CW-7,空に浮かぶ城,act25side,496,ククルカン……,char_003_kalts_1#1
level_act25side_07_end.json,CW-7,空に浮かぶ城,act25side,500,マイレンダー基金を裏切れば、クルビアにおける君の未来は葬り去られるに等しい。となれば、クリステンの約束したものは、恐らくマイレンダー基金が君にもたらすものより豊かなのだろう。,char_003_kalts_1#1
level_act25side_07_end.json,CW-7,空に浮かぶ城,act25side,501,君とその一族は、引き返すことのできない道を選択した。そして君はクリステンとローキャンの研究から、種族の力の源を見つけようとしているのだな。,char_003_kalts_1#1
level_act25side_07_end.json,CW-7,空に浮かぶ城,act25side,502,だが、手を引くことを勧めよう。それは古の己を追及する行為ではなく、単なる自滅だ。神民は長い時を経て神の如き力を失って久しく、ほかの先民種族と何ら――,char_003_kalts_1#1
level_act25side_07_end.json,CW-7,空に浮かぶ城,act25side,511,……,char_003_kalts_1#1
level_act25side_07_end.json,CW-7,空に浮かぶ城,act25side,536,君は……彼女に説得されたのか？,char_003_kalts_1#1
level_act25side_07_end.json,CW-7,空に浮かぶ城,act25side,537,では、君の望みは何だ？,char_003_kalts_1#1
level_act25side_08_beg.json,CW-8,交差する今昔,act25side,12,……,char_003_kalts_1#1
level_act25side_08_beg.json,CW-8,交差する今昔,act25side,20,……ドクターを解放しろ。,char_003_kalts_1#1
level_act25side_08_beg.json,CW-8,交差する今昔,act25side,21,求めるものを探しに行くといい。それで本当に君の疑問が解決するのならな。,char_003_kalts_1#1
level_act25side_08_beg.json,CW-8,交差する今昔,act25side,27,君の行動に対して一切動かないということも約束しよう。,char_003_kalts_1#1
level_act25side_08_beg.json,CW-8,交差する今昔,act25side,32,想像にお任せしよう。,char_003_kalts_1#1
level_act25side_08_beg.json,CW-8,交差する今昔,act25side,34,だが、ドクターの安全のためならば、私は危険を冒さないということはわかっているだろう。,char_003_kalts_1#1
level_act25side_08_beg.json,CW-8,交差する今昔,act25side,62,君はそう愚かな人間ではない。あえてホルハイヤを野放しにし、行動の機会をうかがっていたのだろう。,char_003_kalts_1#1
level_act25side_08_beg.json,CW-8,交差する今昔,act25side,68,……「この場所」では、いかなる武器も使うことはできない。,char_003_kalts_1#1
level_act25side_08_beg.json,CW-8,交差する今昔,act25side,69,我々はすでに「真上」にいるんだ。,char_003_kalts_1#1
level_act25side_08_beg.json,CW-8,交差する今昔,act25side,112,「武器」として検出される範囲には含まれないからな。,char_003_kalts_1#1
level_act25side_08_beg.json,CW-8,交差する今昔,act25side,113,さらにいえば、たとえレヴァナントの全力を以てしても、重要な部分には少しの損傷も与えることはできない。,char_003_kalts_1#1
level_act25side_08_beg.json,CW-8,交差する今昔,act25side,117,あまりに原始的だな。,char_003_kalts_1#1
level_act25side_08_beg.json,CW-8,交差する今昔,act25side,123,……,char_003_kalts_1#1
level_act25side_08_beg.json,CW-8,交差する今昔,act25side,127,私は初めから、あの場所へ行くのはドクターただ一人であってほしいと思っている。,char_003_kalts_1#1
level_act25side_08_beg.json,CW-8,交差する今昔,act25side,128,ライン生命の統括が増えただけでも、想定外だ。,char_003_kalts_1#1
level_act25side_08_beg.json,CW-8,交差する今昔,act25side,180,それを、サルカズとしての君はどう思っている？,char_003_kalts_1#1
level_act25side_08_beg.json,CW-8,交差する今昔,act25side,186,……わかった、約束しよう。,char_003_kalts_1#1
level_act25side_08_beg.json,CW-8,交差する今昔,act25side,187,行くぞ、ドクター。,char_003_kalts_1#1
level_act25side_08_beg.json,CW-8,交差する今昔,act25side,508,……,char_003_kalts_1#1
level_act25side_08_beg.json,CW-8,交差する今昔,act25side,526,ドクター。,
level_act25side_08_beg.json,CW-8,交差する今昔,act25side,527,私の様子が平時と違っていても、それは別の要因から来るものだ。この先にはそれほどの危険はないだろうし、緊張する必要はない。,
level_act25side_08_beg.json,CW-8,交差する今昔,act25side,528,ただ……,
level_act25side_08_beg.json,CW-8,交差する今昔,act25side,529,君はこれまで、私に多くの質問をしてきたが、私はそれに正面から答えることはしなかった。,
level_act25side_08_beg.json,CW-8,交差する今昔,act25side,530,あるいは今日、君はその答えを得るのかもしれない。,
level_act25side_08_beg.json,CW-8,交差する今昔,act25side,546,サリアが私に接触し、クリステンについて言及した時から、彼女がどんな手段を用いてでもそうするつもりなのだろうということは想定していた。,char_003_kalts_1#1
level_act25side_08_beg.json,CW-8,交差する今昔,act25side,547,しかし、空への挑戦は、人々の予想をはるかに上回る危険を伴うものだ。ゆえにサリアでさえ、その全容は知らなかった。,char_003_kalts_1#1
level_act25side_08_beg.json,CW-8,交差する今昔,act25side,548,トリマウンツでの事件が起き、フィリオプシスとサイレンスが一見無関係に思える事件に巻き込まれるまでは――,char_003_kalts_1#1
level_act25side_08_beg.json,CW-8,交差する今昔,act25side,549,クリステンが再び空に挑まんとしていることは予想をしていても、今の状況に至ることまでは予測できていなかったと認めざるを得まい。,char_003_kalts_1#1
level_act25side_08_beg.json,CW-8,交差する今昔,act25side,550,事態が発展し、エネルギーウェルの規模や空へ浮かび上がるフォーカスジェネレーター、そして……ローキャン・ウィリアムズが試みている研究をこの目で見るにつれ――,char_003_kalts_1#1
level_act25side_08_beg.json,CW-8,交差する今昔,act25side,551,私はようやく気付いた。クリステン・ライトの望みは本来ならば実現不可能であり、何か外部の力が彼女を助け、とてつもない影響を与えていたのだろうということに。,char_003_kalts_1#1
level_act25side_08_beg.json,CW-8,交差する今昔,act25side,552,若き天才は軍の資金と人脈を用いて両親が残した研究を続け、ライン生命という殻で全員を欺いて、彼女の人生において最も確固たる望みをまっすぐに目指し続けていた。,char_003_kalts_1#1
level_act25side_08_beg.json,CW-8,交差する今昔,act25side,556,彼女は空を引き裂くつもりなんだ。,char_003_kalts_1#3
level_act25side_08_beg.json,CW-8,交差する今昔,act25side,562,彼女はただその真実を目にしようと、そして全人類にそれを目撃させようとしているだけだ。,char_003_kalts_1#1
level_act25side_08_beg.json,CW-8,交差する今昔,act25side,563,そのあとは……視野は広がりを見せ、科学技術は急速に発展し、広がる空は可能性へと変化して、戦争の形さえも一変することになるだろう。,char_003_kalts_1#1
level_act25side_08_beg.json,CW-8,交差する今昔,act25side,564,ほかの都市へ到達するのに要する時間は数十分の一に短縮されるかもしれないし、貴重だった空を飛ぶ乗り物は一夜にして普通の交通手段になるかもしれない。,char_003_kalts_1#1
level_act25side_08_beg.json,CW-8,交差する今昔,act25side,565,だが、クリステンはそうしたすべてを、次の世代に任せることを選んだ。,char_003_kalts_1#1
level_act25side_08_beg.json,CW-8,交差する今昔,act25side,567,彼女はこの問題を損得の観点で考えたことがない。彼女個人の損益についても、全人類の損益についても同じだ。それがもたらす危険すらも無視している。,char_003_kalts_1#3
level_act25side_08_beg.json,CW-8,交差する今昔,act25side,568,……彼女の行動原理について、可能性はもう一つある。幼くして両親を亡くし、疑いの目と罵りを向けられながら成長したクリステンは、ただ世の人々にこの真実を証明したいだけなのかもしれない。,char_003_kalts_1#3
level_act25side_08_beg.json,CW-8,交差する今昔,act25side,572,……それはまさに、クリステンの学友であり、彼女の理想を初めに支持した人間として、サリアが考えていることでもあるかもしれないな……,char_003_kalts_1#3
level_act25side_08_beg.json,CW-8,交差する今昔,act25side,573,クリステン・ライトがどれほど悲惨な過去と純粋な理想を持っていようとも、そしてこれまでに起きた多くのことが彼女自身の手によるものではなかったとしても……,char_003_kalts_1#3
level_act25side_08_beg.json,CW-8,交差する今昔,act25side,574,その責任から逃れる権利など、彼女にはない。,char_003_kalts_1#3
level_act25side_08_beg.json,CW-8,交差する今昔,act25side,575,イフリータとサイレンスの身に起きたことを思えば、ライン生命統括が利己的な人物であることは疑いの余地がないことだ。,char_003_kalts_1#3
level_act25side_08_beg.json,CW-8,交差する今昔,act25side,576,サリアはクリステンがそうした責任を負うことを望み、常に空へと向けている視線をライン生命の人間一人一人に向けるよう説得したいと思っている……,char_003_kalts_1#3
level_act25side_08_beg.json,CW-8,交差する今昔,act25side,577,本来であれば、サリアはクリステンに代わって理想を担う最初の人間となるはずだった。だがライン生命では、道徳と倫理の不一致から、すべてが制御不能になってしまった。,char_003_kalts_1#3
level_act25side_08_beg.json,CW-8,交差する今昔,act25side,580,どうあれ、サリアも私も一歩遅かったんだ。,char_003_kalts_1#1
level_act25side_08_beg.json,CW-8,交差する今昔,act25side,581,現在のテラの源石技術を鑑みるに、空を切り裂くためには、テラ全土で長期にわたって作られる電力すべてに等しい力が必要となる。,char_003_kalts_1#1
level_act25side_08_beg.json,CW-8,交差する今昔,act25side,582,さらにはそれすらも単なる数値上の比較でしかなく、そこまで膨大なエネルギーを一箇所に集められる者などいない。ましてや、それを何ら支障なく空へと打ち上げられる者などな。,char_003_kalts_1#1
level_act25side_08_beg.json,CW-8,交差する今昔,act25side,583,だが……チェルノボーグの中枢区画では、一つの石棺を巡り、多くのことが起きたのを覚えているか？,char_003_kalts_1#1
level_act25side_08_beg.json,CW-8,交差する今昔,act25side,589,当時のウルサスにおける浅い研究によってすら、石棺からは相当のエネルギーを得ることができた。となれば、目の前にあるものは……クリステンの狂った理想を実現するには十分だろう。,char_003_kalts_1#1
level_act25side_08_beg.json,CW-8,交差する今昔,act25side,590,とはいえ彼女は軍やマイレンダー基金にこの情報を共有することはしなかった。これは国家機関の理性を失わせるに足るものであり、彼らをすぐさま新たな覇者にさせることすら可能だろうからな。,char_003_kalts_1#1
level_act25side_08_beg.json,CW-8,交差する今昔,act25side,609,……Dr.{@nickname}。,char_003_kalts_1#1
level_act25side_08_beg.json,CW-8,交差する今昔,act25side,610,今から言うことを覚えておいてくれ。そして、できれば、ロドスでの日々を思い出しながらこのあとの時間を過ごしてほしい。,char_003_kalts_1#1
level_act25side_08_beg.json,CW-8,交差する今昔,act25side,611,心を強く持つんだ。,char_003_kalts_1#1
level_act25side_08_end.json,CW-8,交差する今昔,act25side,17,……Dr.{@nickname}は記憶を失っており、あなたの知るあの者たちの誰でもありません。もはやそうではなくなったのです。,char_003_kalts_1#1
level_act25side_08_end.json,CW-8,交差する今昔,act25side,18,今のドクターはテラの一員であり、ロドスの一員です。,char_003_kalts_1#1
level_act25side_08_end.json,CW-8,交差する今昔,act25side,19,我々は今日まで、共に多くを経験してきました。,char_003_kalts_1#1
level_act25side_08_end.json,CW-8,交差する今昔,act25side,26,……,char_003_kalts_1#1
level_act25side_08_end.json,CW-8,交差する今昔,act25side,252,……「保存者」。,char_003_kalts_1#3
level_act25side_08_end.json,CW-8,交差する今昔,act25side,253,よもや、本当にあなただったとは。,char_003_kalts_1#3
level_act25side_08_end.json,CW-8,交差する今昔,act25side,254,ですが、あなたであったなら、なぜ……,char_003_kalts_1#3
level_act25side_08_end.json,CW-8,交差する今昔,act25side,265,クリステンを助けているのはあなたです。つまり、彼女は何らかの手段であなたと接触したことになります。,char_003_kalts_1#3
level_act25side_08_end.json,CW-8,交差する今昔,act25side,270,テラで取られている方式はあまりにも原始的かつ、源石に依存したもの。この程度の変換効率でクリステンの試みを実現するには――必要なエネルギーもまた想像を絶するものになるでしょう。,char_003_kalts_1#1
level_act25side_08_end.json,CW-8,交差する今昔,act25side,272,この難題を解決する方法など、テラには存在しえないものです。とある手段を除いては。,char_003_kalts_1#3
level_act25side_08_end.json,CW-8,交差する今昔,act25side,277,……,char_003_kalts_1#3
level_act25side_08_end.json,CW-8,交差する今昔,act25side,278,あなたは、本気で――,char_003_kalts_1#3
level_act25side_08_end.json,CW-8,交差する今昔,act25side,279,……なぜそこまでなさったのですか？　長きにわたるあなたの努力すべてが……無駄になってしまうというのに。,char_003_kalts_1#3
level_act25side_09_end.json,CW-9,渦巻く恩讐,act25side,254,――ドクター！,char_003_kalts_1#2
level_act25side_09_end.json,CW-9,渦巻く恩讐,act25side,283,……ドクター。,char_003_kalts_1#3
level_act25side_09_end.json,CW-9,渦巻く恩讐,act25side,284,……,char_003_kalts_1#3
level_act25side_09_end.json,CW-9,渦巻く恩讐,act25side,303,いいえ。,char_003_kalts_1#1
level_act25side_09_end.json,CW-9,渦巻く恩讐,act25side,304,我々は災いが訪れる前に答えを出さなければなりません。できることなら、あなた本人の協力を得たいとさえ考えています。,char_003_kalts_1#1
level_act25side_09_end.json,CW-9,渦巻く恩讐,act25side,305,今あなたがなさっていることは、ただ事態の暴走を加速させるだけです。この土地が一つに団結することなど、現時点では不可能なのですから。,char_003_kalts_1#1
level_act25side_09_end.json,CW-9,渦巻く恩讐,act25side,311,では、あなたは本当にこの大地を理解していらっしゃるのですか？,char_003_kalts_1#3
level_act25side_09_end.json,CW-9,渦巻く恩讐,act25side,312,海の脅威は日ごとに増していますが、強大なエーギル文明はいまだその傲慢な性質を保っています。彼らに今なお余力があるのは事実ですが、依然として海を見くびりすぎているのです。,char_003_kalts_1#3
level_act25side_09_end.json,CW-9,渦巻く恩讐,act25side,313,他方で、悪魔とサーミの深層にある未知の空洞に拡大の傾向はありませんが、無視することはできません。氷上の亀裂の如く、いつ訪れるかわからない崩壊の予兆となっているのです。,char_003_kalts_1#3
level_act25side_09_end.json,CW-9,渦巻く恩讐,act25side,314,そして今挙げたような例は、あくまで文明の土壌の外にあるものでしかなく、未来を圧殺する直接的な原因ではありません。,char_003_kalts_1#3
level_act25side_09_end.json,CW-9,渦巻く恩讐,act25side,315,隔たりや偏見、戦争や軋轢。人々はいまだ団結の重要性を悟るにほど遠く、差異やかつての恨みを根本から捨て去り、平和や未来を語るには至っていないのです。,char_003_kalts_1#3
level_act25side_09_end.json,CW-9,渦巻く恩讐,act25side,316,天災が訪れた時であっても変わらず、ウルサスの軍事工場は片時も止まらず、カジミエーシュの農民は重い刑罰や徴税に苦しんでいます。,char_003_kalts_1#3
level_act25side_09_end.json,CW-9,渦巻く恩讐,act25side,317,団結は永遠の難題です。これまで「歴史の中の戦争」を使って騒ぎ立てる者はいても、彼らにはその意味が見えておらず、その苦しみや無駄死にした人間を直視しようとはしませんでした。,char_003_kalts_1#3
level_act25side_09_end.json,CW-9,渦巻く恩讐,act25side,318,ですから時期尚早です……彼らは未だに脆弱なのです。たった数人の悟った人々だけでは国全体を代表することなどできません。,char_003_kalts_1#3
level_act25side_09_end.json,CW-9,渦巻く恩讐,act25side,319,このままでは、クルビアはすぐにもクリステンの手から望む利益をかすめ取り、食欲を膨らませ、欲望にまみれたナイフとフォークをボリバルやサーミ、サルゴンにまで伸ばすことでしょう。,char_003_kalts_1#3
level_act25side_09_end.json,CW-9,渦巻く恩讐,act25side,320,クリステンの行いは、人類の未来の追求などといった快挙では決してありません。これが少しでも逸脱すれば、次の征服を呼ぶ角笛の音にしかならないものなのです。,char_003_kalts_1#3
level_act25side_09_end.json,CW-9,渦巻く恩讐,act25side,451,アーミヤ。,char_003_kalts_1
level_act25side_09_end.json,CW-9,渦巻く恩讐,act25side,455,ドクターは疲れている。休ませてやれ。まだやらなければならないことがたくさんあるからな。,char_003_kalts_1
level_act25side_09_end.json,CW-9,渦巻く恩讐,act25side,456,何かあればまた明日聞くといい。ロドスの未来はまだ長く続いていくのだから、急ぐ必要はない。,char_003_kalts_1
level_act25side_09_end.json,CW-9,渦巻く恩讐,act25side,464,あまり考えすぎるな。ロンディニウム到着まで、時間はそう多くないんだ。,char_003_kalts_1
level_act25side_09_end.json,CW-9,渦巻く恩讐,act25side,470,この後はエリートオペレーターの会議がある。君にも横で聞いていてもらいたい。,char_003_kalts_1
level_act25side_09_end.json,CW-9,渦巻く恩讐,act25side,471,ついてきてくれ。,char_003_kalts_1
level_act25side_10_end.json,CW-10,星間に散る,act25side,197,君はいつも少し遅れて来るな。,char_003_kalts_1#1
level_act25side_10_end.json,CW-10,星間に散る,act25side,205,いいや、それほどでもない。,char_003_kalts_1#1
level_act25side_10_end.json,CW-10,星間に散る,act25side,206,……,char_003_kalts_1#1
level_act25side_10_end.json,CW-10,星間に散る,act25side,207,次は君だろうと思っていた。ウルサスでは多くのことが起きたが、君はその縮図のようなものだからな。,char_003_kalts_1#1
level_act25side_10_end.json,CW-10,星間に散る,act25side,208,本当に、本当にすまなかった。,char_003_kalts_1#1
level_act25side_10_end.json,CW-10,星間に散る,act25side,215,いいや。,char_003_kalts_1#1
level_act25side_10_end.json,CW-10,星間に散る,act25side,216,君たちの件について、私は遺憾にも思い、後悔をしたこともある。だが、それほど強い悲しみを覚えてはいない。,char_003_kalts_1#1
level_act25side_10_end.json,CW-10,星間に散る,act25side,217,私が言っているのは、君の娘のことだ。ルイーサは君の望んだようなより良い時代に――憎しみも暴力も忘れ去られた時代には生きていない。リュドミラもまたそうだ。,char_003_kalts_1#1
level_act25side_10_end.json,CW-10,星間に散る,act25side,221,先ほど述べた通り、君はまさしく縮図のような存在だ。,char_003_kalts_1#1
level_act25side_10_end.json,CW-10,星間に散る,act25side,222,君とルイーサの、憎しみと血縁によって形成されたこの断ち切りようのない絆もまた、縮図と言えるだろう。私は、あまりにもたくさんの無意味な破滅を目にしてきた。,char_003_kalts_1#1
level_act25side_10_end.json,CW-10,星間に散る,act25side,229,……そう願った者もいるかもしれないな。,char_003_kalts_1#1
level_act25side_10_end.json,CW-10,星間に散る,act25side,230,私が未来をもたらしてくれたら。私の国で生きられたら。私の指揮下で勝利を収められたらと、そう願った者が。,char_003_kalts_1#1
level_act25side_10_end.json,CW-10,星間に散る,act25side,234,……我々の対話では、答えを得ることはできないな。,char_003_kalts_1#3
level_act25side_10_end.json,CW-10,星間に散る,act25side,243,わかっている。,char_003_kalts_1#1
level_act25side_10_end.json,CW-10,星間に散る,act25side,245,わかっているさ……,char_003_kalts_1#1
level_act25side_10_end.json,CW-10,星間に散る,act25side,252,……,char_003_kalts_1#1
level_act25side_10_end.json,CW-10,星間に散る,act25side,257,……ああ。,char_003_kalts_1#1
level_act25side_10_end.json,CW-10,星間に散る,act25side,267,雪……？,char_003_kalts_1#1
level_act25side_10_end.json,CW-10,星間に散る,act25side,277,聖山？　ここはイェラグか？,char_003_kalts_1#1
level_act25side_10_end.json,CW-10,星間に散る,act25side,282,いいや。,char_003_kalts_1#1
level_act25side_10_end.json,CW-10,星間に散る,act25side,283,テラ有数の壮観な雪山のことだ。私はかつて、行き場のない難民たちがそこにたどり着き、天災なきその楽園で再び生活を築き上げていく様を見たことがあってな。,char_003_kalts_1#1
level_act25side_10_end.json,CW-10,星間に散る,act25side,288,そうだ。,char_003_kalts_1#1
level_act25side_10_end.json,CW-10,星間に散る,act25side,289,……私は、テラから来た……,char_003_kalts_1#1
level_act25side_10_end.json,CW-10,星間に散る,act25side,290,あなたは？,char_003_kalts_1#1
level_act25side_10_end.json,CW-10,星間に散る,act25side,294,「生来」？,char_003_kalts_1#1
level_act25side_10_end.json,CW-10,星間に散る,act25side,301,ここまでたどり着くのは、恐らく大変な道のりだったのだろうな。,char_003_kalts_1#1
level_act25side_10_end.json,CW-10,星間に散る,act25side,306,この聖山の名は？　あなたのことは何と呼べばいい？,char_003_kalts_1#1
level_act25side_10_end.json,CW-10,星間に散る,act25side,311,この山は変わるのだろうか？　頂に到達した者はいるのだろうか？,char_003_kalts_1#1
level_act25side_10_end.json,CW-10,星間に散る,act25side,319,……,char_003_kalts_1#1
level_act25side_10_end.json,CW-10,星間に散る,act25side,324,そうさせてもらおう……ご老人。,char_003_kalts_1#1
level_act25side_10_end.json,CW-10,星間に散る,act25side,325,この辺りでは、何で空腹を満たすんだ？,char_003_kalts_1#1
level_act25side_10_end.json,CW-10,星間に散る,act25side,332,……,char_003_kalts_1#1
level_act25side_10_end.json,CW-10,星間に散る,act25side,333,私は……,char_003_kalts_1#1
level_act25side_10_end.json,CW-10,星間に散る,act25side,337,私は――,char_003_kalts_1#3
level_act25side_10_end.json,CW-10,星間に散る,act25side,347,なぜ謝る？,char_003_kalts_1#1
level_act25side_10_end.json,CW-10,星間に散る,act25side,348,すべては私自身が……,char_003_kalts_1#1
level_act25side_10_end.json,CW-10,星間に散る,act25side,370,……,char_003_kalts_1#1
level_act25side_10_end.json,CW-10,星間に散る,act25side,372,…………,char_003_kalts_1#3
level_act25side_10_end.json,CW-10,星間に散る,act25side,373,……この辺りにしておこう。,char_003_kalts_1#3
level_act25side_10_end.json,CW-10,星間に散る,act25side,387,ドクターは？,char_003_kalts_1#1
level_act25side_10_end.json,CW-10,星間に散る,act25side,393,はい。,char_003_kalts_1#1
level_act25side_10_end.json,CW-10,星間に散る,act25side,398,私は数千年にわたる戦争を、国家の勃興を、諸国が並び立つ姿を、隔たりと衝突の中で起きる人々の変容を見てきました。,char_003_kalts_1#1
level_act25side_10_end.json,CW-10,星間に散る,act25side,399,……ですが最終的に、すべてはサルゴンの砂の如く風と共に去っていきました。それでも瞬く間に、歴史はまた新たな子を生み出しているのです。,char_003_kalts_1#1
level_act25side_10_end.json,CW-10,星間に散る,act25side,400,私はあまりに多くの循環を目にしました。この循環自体は偉大で重厚なものですが、時間が差し迫っていることは理解していました。,char_003_kalts_1#1
level_act25side_10_end.json,CW-10,星間に散る,act25side,401,そんな時私は、またとないチャンスに出会ったのです。,char_003_kalts_1#1
level_act25side_10_end.json,CW-10,星間に散る,act25side,402,――いつの時代のどの生物よりも、文明の存続の真実に近付いていた二人のティカズがいました。,char_003_kalts_1#1
level_act25side_10_end.json,CW-10,星間に散る,act25side,408,「魔王」と、古のティカズ人はそう呼んでいました。,char_003_kalts_1#1
level_act25side_10_end.json,CW-10,星間に散る,act25side,421,ドクター、大丈夫か？,char_003_kalts_1#1
level_act25side_10_end.json,CW-10,星間に散る,act25side,430,遠い祖先が道具と火の扱いを学んで以来、「継承」は人類唯一の偉業となりました。,char_003_kalts_1#1
level_act25side_10_end.json,CW-10,星間に散る,act25side,431,知識、文化、歴史――いわゆる文明とは、それ以外の何物でもありません。,char_003_kalts_1#1
level_act25side_10_end.json,CW-10,星間に散る,act25side,432,いつの日か黒い王冠はアーミヤ一人のものではなくなるでしょう。そして我々は、敵が誰であろうとも、生き残るために戦うのです。,char_003_kalts_1#1
level_act25side_10_end.json,CW-10,星間に散る,act25side,438,ロドス行動予備隊のオペレーターでさえも、自分のために戦うことと他人のために戦うことの違いを知っているものです。,char_003_kalts_1#1
level_act25side_10_end.json,CW-10,星間に散る,act25side,439,さらに言えば、我々は準備ができていますし、テラの大地は私が生まれ育った場所でもあります。,char_003_kalts_1#1
level_act25side_10_end.json,CW-10,星間に散る,act25side,440,私はロドスの一員なのです。,char_003_kalts_1#1
level_act25side_10_end.json,CW-10,星間に散る,act25side,441,テラの大地を行く、あの船に乗る一人なのです。,char_003_kalts_1#1
level_act25side_10_end.json,CW-10,星間に散る,act25side,452,――トレバー・フリストン。私もあなたに質問がある。,char_003_kalts_1#1
level_act25side_10_end.json,CW-10,星間に散る,act25side,453,この長きにわたる時間を……あなたはどう過ごしてきたんだ？,char_003_kalts_1#1
level_act25side_10_end.json,CW-10,星間に散る,act25side,515,……,
level_act25side_10_end.json,CW-10,星間に散る,act25side,528,ゆえに、クリステンとの接触を経てあなたはもう一つの大きな賭けを選んだのか。,char_003_kalts_1#1
level_act25side_10_end.json,CW-10,星間に散る,act25side,529,同胞が永遠に目を覚まさないのなら、いっそ……,char_003_kalts_1#1
level_act25side_10_end.json,CW-10,星間に散る,act25side,546,だが、現実はおとぎ話とは異なるものだ。その点については、バベルがすでに証明している。,char_003_kalts_1#1
level_act25side_10_end.json,CW-10,星間に散る,act25side,551,……あなたの言うことももっともだ。,char_003_kalts_1#1
level_act25side_10_end.json,CW-10,星間に散る,act25side,556,それならば、いわゆる「希望」について話し合うとしよう。,char_003_kalts_1#1
level_act25side_10_end.json,CW-10,星間に散る,act25side,561,ローキャンの研究は効果的に制御されている。クルビアという国自体は信用できないが、マイレンダー基金の背後には交渉に値する相手がいる。,char_003_kalts_1#1
level_act25side_10_end.json,CW-10,星間に散る,act25side,565,クリステンがあなたに何を伝えたかは知らないが、事実はその内容に勝りこそすれ劣らないと言っていいだろう。,char_003_kalts_1#1
level_act25side_10_end.json,CW-10,星間に散る,act25side,572,……力は傲慢をもたらすものだ。エーギルはそう簡単に説得できる相手ではない。,char_003_kalts_1#1
level_act25side_10_end.json,CW-10,星間に散る,act25side,573,しかし幸い、いくつかの偶然のおかげで、私は何人かのエーギル人と貴重な友好関係を築くに至っている。,char_003_kalts_1#1
level_act25side_10_end.json,CW-10,星間に散る,act25side,574,これは有力な突破口になることだろう。大いなる静謐のあと、エーギルも沈黙を保ってはいられなくなったのだから。,char_003_kalts_1#1
level_act25side_10_end.json,CW-10,星間に散る,act25side,590,いいや。さらに北方にある……果てなき氷原の端のことだ。,char_003_kalts_1#1
level_act25side_10_end.json,CW-10,星間に散る,act25side,591,幾度も試みはしたものの、私の力の及ぶ限りでは、何も見つけられなかった。,char_003_kalts_1#1
level_act25side_10_end.json,CW-10,星間に散る,act25side,595,……ああ。,char_003_kalts_1#1
level_act25side_10_end.json,CW-10,星間に散る,act25side,599,だが、その扉を押し開けるだけのことが、人々の力の及ぶ範囲をはるかに超えたものなんだ。,char_003_kalts_1#1
level_act25side_10_end.json,CW-10,星間に散る,act25side,604,あなたは、思っていた以上に、この大地の人々を信頼しているようだな。,char_003_kalts_1#1
level_act25side_10_end.json,CW-10,星間に散る,act25side,611,……,char_003_kalts_1#1
level_act25side_st01.json,CW-ST-1,立ち込める暗雲,act25side,686,最初期のボリビア移民は、このファストフードの販売にペッローの売り子を用いた。布地の少ない服を身に着けた女性と、頑健で体格の良い男性にカートを預け、騎士競技会場へ向かわせたんだ。,char_003_kalts_1#1
level_act25side_st01.json,CW-ST-1,立ち込める暗雲,act25side,688,そうした状況が長く続き、時が経つにつれて、「ホットドッグ」はクルビア語でこの料理を指す俗称となっていった。,char_003_kalts_1#1
level_act25side_st01.json,CW-ST-1,立ち込める暗雲,act25side,694,いいや、結構だ。,char_003_kalts_1#1
level_act25side_st01.json,CW-ST-1,立ち込める暗雲,act25side,700,……,char_003_kalts_1#1
level_act25side_st01.json,CW-ST-1,立ち込める暗雲,act25side,704,その答えを述べるなら、当然「すべて」となる。,char_003_kalts_1#1
level_act25side_st01.json,CW-ST-1,立ち込める暗雲,act25side,710,戦争が終わり、テレジアが戴冠式を行ったあの日だ。当時はカズデルになおも思いを寄せていたサルカズのほとんどが、あの場に注目をしていた。君も例外ではない。,char_003_kalts_1#1
level_act25side_st01.json,CW-ST-1,立ち込める暗雲,act25side,712,今は何と呼べばいい？,char_003_kalts_1#1
level_act25side_st01.json,CW-ST-1,立ち込める暗雲,act25side,716,マイレンダー基金の代表をしているそうだな。,char_003_kalts_1#1
level_act25side_st01.json,CW-ST-1,立ち込める暗雲,act25side,720,そして君は、強大なレヴァナントの一人でもある。,char_003_kalts_1#1
level_act25side_st01.json,CW-ST-1,立ち込める暗雲,act25side,726,……いいや。であれば、マイレンダー基金は早くからロドスに注目していたということか。,char_003_kalts_1#1
level_act25side_st01.json,CW-ST-1,立ち込める暗雲,act25side,732,君はロドスがかつて誰のもので、どのように歩んできたかを知っているはずだ。,char_003_kalts_1#1
level_act25side_st01.json,CW-ST-1,立ち込める暗雲,act25side,738,我々が耳を傾けねばならないのは、そちらの「考え」か？　それとも「命令」か？,char_003_kalts_1#1
level_act25side_st01.json,CW-ST-1,立ち込める暗雲,act25side,742,わかった。,char_003_kalts_1#1
level_act25side_st01.json,CW-ST-1,立ち込める暗雲,act25side,785,……,char_003_kalts_1#1
level_act25side_st01.json,CW-ST-1,立ち込める暗雲,act25side,787,それを決めるのは彼女たち自身だ。私に口出しする権利はない。,char_003_kalts_1#1
level_act25side_st02.json,CW-ST-2,迫る荒波,act25side,602,……浄水循環システムか。,char_003_kalts_1#1
level_act25side_st02.json,CW-ST-2,迫る荒波,act25side,606,かつては「ローカスオブソーサリー」と呼ばれたこともあったな。あれはティカズの最も原始的な巫術武器だった。,char_003_kalts_1#1
level_act25side_st02.json,CW-ST-2,迫る荒波,act25side,610,この装置の核心部がもはや失われていることには、疑いの余地などない。,char_003_kalts_1#1
level_act25side_st02.json,CW-ST-2,迫る荒波,act25side,611,今残されているのは最も外側にあったパイプだけだが、君たちは……これを再利用する方法について、合理的な考えを持っているようだ。,char_003_kalts_1#1
level_act25side_st02.json,CW-ST-2,迫る荒波,act25side,618,人々の認識というものは、身を置く時間と空間に縛られるものだ。君や私とて例外ではない……無論、クリステン・ライトもな。,char_003_kalts_1#1
level_act25side_st02.json,CW-ST-2,迫る荒波,act25side,619,……彼女がこうしたティカズの遺産から力を引き出すことは不可能であり、察するに彼女の頼る外力はより強いものであるはずだ。,char_003_kalts_1#1
level_act25side_st02.json,CW-ST-2,迫る荒波,act25side,620,その外力として用いられる可能性の高い技術の候補が、まだ三十二個存在している。そしてこの技術の大半は、マイレンダー歴史協会の地下探査記録に載っていなかった。,char_003_kalts_1#1
level_act25side_st02.json,CW-ST-2,迫る荒波,act25side,624,……そうなる。だが、このことが我々とマイレンダーの協力関係に影響を与えることはない。,char_003_kalts_1#1
level_act25side_st02.json,CW-ST-2,迫る荒波,act25side,629,それと、もう一つ君に頼みたいことがある。,char_003_kalts_1#1
level_act25side_st02.json,CW-ST-2,迫る荒波,act25side,633,Dr.{@nickname}……そして子供たちのことだ。,char_003_kalts_1#1
level_act25side_st02.json,CW-ST-2,迫る荒波,act25side,634,君の言うように、私一人でしか行けない道もある。私の都合がつかない時は、代わりに彼らの面倒を見てやってほしい。,char_003_kalts_1#1
level_act25side_st02.json,CW-ST-2,迫る荒波,act25side,638,人間にせよ、事物にせよ、不変のものなどないんだ。レヴァナント……ブリキよ。我々にできるのは、こうした変化を受け入れることだけだ。,char_003_kalts_1#1
level_act25side_st03.json,CW-ST-3,残された人,act25side,559,慰めの言葉をかければ、私があなたの使命をさげすんでいるように見えかねないな、フリストン。,char_003_kalts_1#1
level_act25side_st03.json,CW-ST-3,残された人,act25side,560,私は、一度きりではないこのような命を持てたことを幸いに思う。,char_003_kalts_1#1
level_act25side_st03.json,CW-ST-3,残された人,act25side,561,そして、自分が単なる機械ではないことを幸いに思う。このすでに滅んだ塵の上を歩き始めた瞬間から、私は一番初めに抱いた問いの答えを探してきた。,char_003_kalts_1#1
level_act25side_st03.json,CW-ST-3,残された人,act25side,562,あなたに比べて、私はより直接的な喪失を経験してきたが、同時により多くのものを得てきたことも認めよう。,char_003_kalts_1#1
level_act25side_st03.json,CW-ST-3,残された人,act25side,563,このすべてが起こっていなければ、あなたにも、現在のテラの大地を巡ることができたかもしれないな。,char_003_kalts_1#1
level_act25side_st03.json,CW-ST-3,残された人,act25side,564,これまで、Dr.{@nickname}がそうしてきたように。,char_003_kalts_1#1
level_act25side_st03.json,CW-ST-3,残された人,act25side,571,あなたの決定は理解できるが、そのプロセスには相応に多くの時間がかかってしまう。加えて、あなたは――,char_003_kalts_1#1
level_act25side_st03.json,CW-ST-3,残された人,act25side,589,……あなたの決定を尊重しよう。,char_003_kalts_1#1
level_act25side_st03.json,CW-ST-3,残された人,act25side,590,少し待っていてくれ。,char_003_kalts_1#1
level_act25side_st03.json,CW-ST-3,残された人,act25side,639,……ドクター。,char_003_kalts_1#1
level_act25side_st03.json,CW-ST-3,残された人,act25side,645,……君はすでに大きな一歩を踏み出した。,char_003_kalts_1#1
level_act25side_st03.json,CW-ST-3,残された人,act25side,646,だが、振り返って我々が直面したものを見てほしい。,char_003_kalts_1#1
level_act25side_st03.json,CW-ST-3,残された人,act25side,647,ヴィクトリアでも、クルビアでも、感染者はいまだ不当な扱いを受けており、戦火はいつテラの各地で燃え上がってもおかしくない。,char_003_kalts_1#1
level_act25side_st03.json,CW-ST-3,残された人,act25side,648,我々には、やるべきことがまだ多くある。,char_003_kalts_1#1
level_act25side_st03.json,CW-ST-3,残された人,act25side,649,未来が危険であるほど、現在の状況もより憂慮すべきものになる。,char_003_kalts_1#1
level_act25side_st03.json,CW-ST-3,残された人,act25side,655,君はロドスの指揮官であり、アーミヤが信頼するドクターだ。,char_003_kalts_1#1
level_act25side_st03.json,CW-ST-3,残された人,act25side,656,我々は必ず方法を見つけ出す。,char_003_kalts_1#1
level_act25side_st03.json,CW-ST-3,残された人,act25side,661,……データベースのサポートを失えば、あなたの感情モジュールは数万年分の孤独を再び体験することになる。,char_003_kalts_1#1
level_act25side_st03.json,CW-ST-3,残された人,act25side,662,それはわずか数分に凝縮され、長きにわたる感情が圧縮された後に何が起こるかは誰にもわからない。,char_003_kalts_1#1
level_act25side_st03.json,CW-ST-3,残された人,act25side,685,……わからない。,char_003_kalts_1#1
level_act25side_st03.json,CW-ST-3,残された人,act25side,686,今の叫びが過去の記憶によるものか、短時間で感情モジュールが大きなショックを受けたことによるストレス反応なのかは、部外者には判断しようがない。,char_003_kalts_1#1
level_act25side_st03.json,CW-ST-3,残された人,act25side,687,私はただ、同情を覚え、そして尊敬の念を抱くばかりだ。,char_003_kalts_1#1
level_act25side_st03.json,CW-ST-3,残された人,act25side,693,……,char_003_kalts_1#1
level_act25side_st03.json,CW-ST-3,残された人,act25side,710,ドクター、これ以上見るな。,char_003_kalts_1#1
level_act25side_st03.json,CW-ST-3,残された人,act25side,711,立ち去ることが、彼に対する最後の尊重かもしれない。,char_003_kalts_1#1
level_act25side_st03.json,CW-ST-3,残された人,act25side,712,出口を見つけなければ。,char_003_kalts_1#1
level_act25side_st03.json,CW-ST-3,残された人,act25side,720,まずはここを離れよう。これはクリステンが残した工事用通路か？,char_003_kalts_1#1
level_act25side_st03.json,CW-ST-3,残された人,act25side,724,「保存者」がシステムをシャットダウンしていなければ、君にもこの通路を見つけることはできなかっただろうな。,char_003_kalts_1#1
level_act25side_st03.json,CW-ST-3,残された人,act25side,733,あの場所には、死へと向かう老人がいるだけだ。,char_003_kalts_1#1
level_act25side_st03.json,CW-ST-3,残された人,act25side,734,その死の意味するところも、カズデルとはまったくの無関係だと言うほかない。,char_003_kalts_1#1
level_act25side_st03.json,CW-ST-3,残された人,act25side,891,……すまなかった。,char_003_kalts_1#1
level_act25side_st03.json,CW-ST-3,残された人,act25side,892,一度正式にマイレンダー基金と交渉しなければならないな。後程説明を行おう。,char_003_kalts_1#1
level_act25side_st03.json,CW-ST-3,残された人,act25side,903,好きにしてくれ。,char_003_kalts_1#1
level_act25side_st03.json,CW-ST-3,残された人,act25side,945,一体何をした？,char_003_kalts_1#1
level_act25side_st03.json,CW-ST-3,残された人,act25side,946,君の特殊なアーツは、記憶を保存することができるもの……まさか……,char_003_kalts_1#1
level_act25side_st03.json,CW-ST-3,残された人,act25side,962,……,char_003_kalts_1#1
level_act25side_st03.json,CW-ST-3,残された人,act25side,970,察するに――,char_003_kalts_1#1
level_act25side_st03.json,CW-ST-3,残された人,act25side,971,――現状、君に決定権はないのだろう、ブリキ。,char_003_kalts_1#1
level_act25side_st03.json,CW-ST-3,残された人,act25side,977,君が下で起こったすべてを追及してこないのは、より上の人物がそう決定を下したからだ。,char_003_kalts_1#1
level_act25side_st03.json,CW-ST-3,残された人,act25side,978,そしてその人物は遠い未来を見通すことができ、あらゆる出来事を予測している。,char_003_kalts_1#1
level_act25side_st03.json,CW-ST-3,残された人,act25side,982,であればその人物は、それを復元する手段を有しているのが誰なのかも知っているのだろう。,char_003_kalts_1#1
level_act25side_st03.json,CW-ST-3,残された人,act25side,983,ホルハイヤのアーツユニットを奪ったところで、マイレンダー歴史協会は偉大な考古学的発見を一つ得るだけだ。,char_003_kalts_1#1
level_act25side_st03.json,CW-ST-3,残された人,act25side,987,さらに言えば、かの人物は、マイレンダーがロドスに手を出すことを許さないだろう。,char_003_kalts_1#1
level_act25side_st03.json,CW-ST-3,残された人,act25side,988,無論君の脅迫も成立しないぞ、ホルハイヤ。それを私に渡すか、あるいは、私が君をブリキに引き渡すかどちらかだ。,char_003_kalts_1#1
level_act25side_st03.json,CW-ST-3,残された人,act25side,996,ここで争い続けたところで何の意味もない。ひとまずトリマウンツに戻り――,char_003_kalts_1#1
level_act25side_st03.json,CW-ST-3,残された人,act25side,997,その後、互いに誠意を持って交渉のテーブルにつくとしよう。,char_003_kalts_1#1
level_act25side_st03.json,CW-ST-3,残された人,act25side,1017,……,char_003_kalts_1#1
level_act25side_st03.json,CW-ST-3,残された人,act25side,1025,人類はとうとうここまで到達したのか。,char_003_kalts_1#1
level_act25side_st03.json,CW-ST-3,残された人,act25side,1026,……クリステン。君がテラに災いをもたらさないよう祈っている。,char_003_kalts_1#1
level_act25side_st03.json,CW-ST-3,残された人,act25side,1060,……,char_003_kalts_1#1
level_act25side_st03.json,CW-ST-3,残された人,act25side,1066,……急ぎ、ロスモンティスに連絡してくれ。あらゆる想定外の状況に警戒しなければならない。,char_003_kalts_1#1
level_act25side_st03.json,CW-ST-3,残された人,act25side,1067,ホルハイヤ。君の選択には感謝するが、まずはブリキが去った方向にある別のルートを見つけてもらいたい。,char_003_kalts_1#1
level_act25side_st03.json,CW-ST-3,残された人,act25side,1071,これは君を警戒してのことではなく……,char_003_kalts_1#1
level_act25side_st03.json,CW-ST-3,残された人,act25side,1072,……純粋に別ルートの確保を頼みたいと思ってのことだ。,char_003_kalts_1#1
level_act25side_st03.json,CW-ST-3,残された人,act25side,1076,ブリキの目の前でデータをこちらに渡した時点で、ロドスとしては君を見捨てるわけにはいかなくなった。違うか？,char_003_kalts_1#1
level_act25side_st03.json,CW-ST-3,残された人,act25side,1080,君なら想像できるだろう。,char_003_kalts_1#1
level_act25side_st03.json,CW-ST-3,残された人,act25side,1129,……大統領。,
level_act25side_st03.json,CW-ST-3,残された人,act25side,1137,挨拶をしにきたわけではないでしょう、大統領閣下。,
level_act25side_st03.json,CW-ST-3,残された人,act25side,1147,彼は逝った。,
level_act25side_st03.json,CW-ST-3,残された人,act25side,1148,トレバー・フリストンは死んだんだ。,
level_act25side_st03.json,CW-ST-3,残された人,act25side,1151,ああ。,
level_act25side_st03.json,CW-ST-3,残された人,act25side,1162,フリストンは暴君の誕生を望んだことなどなかったぞ、マックス。,char_003_kalts_1#1
level_act25side_st03.json,CW-ST-3,残された人,act25side,1164,Mon3tr、カメラを破壊しろ！,char_003_kalts_1#3
level_act25side_st03.json,CW-ST-3,残された人,act25side,1170,行くぞ！,char_003_kalts_1#3
level_act25side_st03.json,CW-ST-3,残された人,act25side,1261,外へ着いたぞ。,char_003_kalts_1#1
level_act25side_st03.json,CW-ST-3,残された人,act25side,1262,大丈夫か、ドクター？,char_003_kalts_1#1
level_act25side_st03.json,CW-ST-3,残された人,act25side,1268,深呼吸しろ――我々は地下に長居をしすぎたからな。,char_003_kalts_1#1
level_act25side_st03.json,CW-ST-3,残された人,act25side,1269,あれほど多くの情報を一気に受け取る経験をすれば、大きな負担となるのは確かだ。,char_003_kalts_1#1
level_act25side_st03.json,CW-ST-3,残された人,act25side,1270,すまない、ドクター。本来ならもう少しあとに、君の準備ができてから彼と向き合い、様々な疑問や質問に答えてもらおうと思っていたのだが……,char_003_kalts_1#1
level_act25side_st03.json,CW-ST-3,残された人,act25side,1276,……,char_003_kalts_1#1
level_act25side_st03.json,CW-ST-3,残された人,act25side,1288,それは取引か？,char_003_kalts_1#1
level_act25side_st03.json,CW-ST-3,残された人,act25side,1300,……ロドスには彼女の助けが必要になるはずだ。,char_003_kalts_1#1
level_act25side_st03.json,CW-ST-3,残された人,act25side,1301,彼女も真相に触れた者である以上、放置するわけにはいかない。,char_003_kalts_1#1
level_act25side_st03.json,CW-ST-3,残された人,act25side,1312,さて、二人とも。,char_003_kalts_1#1
level_act25side_st03.json,CW-ST-3,残された人,act25side,1313,ロスモンティスとイフリータの二人と合流しに行こう。そののち、トリマウンツを離脱する。,char_003_kalts_1#1
level_act25side_st03.json,CW-ST-3,残された人,act25side,1319,ドクター、何を見ている？,char_003_kalts_1#1
level_act33side_01_end.json,BB-1,壮大な未来図,act33side,500,計画したルートから勝手に離れるなと言ったはずだ。たとえ道すがら負傷者を治療するためであってもだ。,avg_003_kalts_1#1$1
level_act33side_01_end.json,BB-1,壮大な未来図,act33side,504,いいや、責めているわけではない。君はうまく対処した。それに目的地は目の前だ……,avg_003_kalts_1#1$1
level_act33side_01_end.json,BB-1,壮大な未来図,act33side,506,ようこそ、バベルへ。,avg_003_kalts_1#11$1
level_act33side_01_end.json,BB-1,壮大な未来図,act33side,522,ああ、皆問題ない。,
level_act33side_01_end.json,BB-1,壮大な未来図,act33side,523,バベルが現在建設中の各施設も順調に作業が進んでいる。君が最も気にかけていた学校も完成した。,
level_act33side_01_end.json,BB-1,壮大な未来図,act33side,527,確かに、これほどまで……断固とした拒絶を受けたのは想定外だった。,
level_act33side_01_end.json,BB-1,壮大な未来図,act33side,531,だが、サルゴンとレム・ビリトンの「関係者」の方は順調に進んでいる。クルビアも……技術交換を提案してきた科学者がいる。,
level_act33side_01_end.json,BB-1,壮大な未来図,act33side,533,彼らはサルカズの古の巫術に興味があるらしい。それに対して我々が欲するものは最新の移動農場だ。,
level_act33side_01_end.json,BB-1,壮大な未来図,act33side,537,いずれも素晴らしい成果だと言えるだろう。君は今まさに歴史を転換させているんだ。,
level_act33side_01_end.json,BB-1,壮大な未来図,act33side,542,……軍事委員会が正式に成立したのでな。,
level_act33side_01_end.json,BB-1,壮大な未来図,act33side,543,バベルの存在は、相容れない矛盾を再びカズデルに突きつけることとなるだろう。,
level_act33side_01_end.json,BB-1,壮大な未来図,act33side,544,異なる種族、異なる国家の仲間たちは、いかにしてサルカズと共に暮らすべきなのか？,
level_act33side_01_end.json,BB-1,壮大な未来図,act33side,545,恨みと偏見を調和しようという希望が……新たな導火線となってしまったらどうするつもりだ？,
level_act33side_01_end.json,BB-1,壮大な未来図,act33side,554,……,
level_act33side_01_end.json,BB-1,壮大な未来図,act33side,558,……サンクタは基本的にカズデルの境界には近づかないはずだが。午後に姿を消していた理由はこれか？,
level_act33side_01_end.json,BB-1,壮大な未来図,act33side,562,結果を見るに、残念ながらバンシーの主は書類仕事の適任者ではないようだ。,
level_act33side_01_end.json,BB-1,壮大な未来図,act33side,563,それで、サンクタのトランスポーターというのは？,
level_act33side_01_end.json,BB-1,壮大な未来図,act33side,571,サンクタに魔王の力を使ったのか？,
level_act33side_01_end.json,BB-1,壮大な未来図,act33side,575,そうか……それで答えは？,
level_act33side_04_end.json,BB-4,長き旅路,act33side,14,クロージャ、進捗はどうだ？,avg_003_kalts_1#1$1
level_act33side_04_end.json,BB-4,長き旅路,act33side,15,また今回も本艦のメインコアシステムが制御不能となるのは避けてほしいものだが。,avg_003_kalts_1#1$1
level_act33side_04_end.json,BB-4,長き旅路,act33side,24,もう一度試してみてくれ。,
level_act33side_04_end.json,BB-4,長き旅路,act33side,25,それでも難しそうであれば、緊急プランに切り替えよう……本艦のすべてのエネルギーを完全に遮断する。,
level_act33side_04_end.json,BB-4,長き旅路,act33side,31,……それはさして重要ではない。,
level_act33side_04_end.json,BB-4,長き旅路,act33side,32,なにより重要なのは、この船にいかなる予想外の事態も起きてはならないということだ。,
level_act33side_04_end.json,BB-4,長き旅路,act33side,37,ドクター自身が脅威となるわけではない。,
level_act33side_04_end.json,BB-4,長き旅路,act33side,41,君が知る必要はまだない。,
level_act33side_04_end.json,BB-4,長き旅路,act33side,42,それと、ドクターの安全のため、そしてバベルのメンバーたちの安全のためにも、ドクターの乗船記録を抹消しておくように。,
level_act33side_04_end.json,BB-4,長き旅路,act33side,43,ドクターとテレジアが結論を出すまで、他のメンバーに存在を知らせる必要はない。,
level_act33side_04_end.json,BB-4,長き旅路,act33side,49,探っても何も出ないぞ。,
level_act33side_04_end.json,BB-4,長き旅路,act33side,53,それと……例のドクターによって助けられた子だが、彼女の生い立ちについては？,
level_act33side_04_end.json,BB-4,長き旅路,act33side,62,彼女の乗船後の検査と治療プランは私自ら受け持とう。,
level_act33side_04_end.json,BB-4,長き旅路,act33side,66,できない。,
level_act33side_04_end.json,BB-4,長き旅路,act33side,67,彼女は幼すぎる。それに、感染後まともな治療を受けていない。,
level_act33side_04_end.json,BB-4,長き旅路,act33side,71,ドクターの善意が彼女の治療を遅らせる元凶になったとでもなれば忍びないのでな。それに……,
level_act33side_04_end.json,BB-4,長き旅路,act33side,72,……テレジアであれば、「あの子は善良な子で、未来を選択する権利がある」などと言うだろう。,
level_act33side_04_end.json,BB-4,長き旅路,act33side,232,君がアーミヤだな？,avg_003_kalts_1#11$1
level_act33side_04_end.json,BB-4,長き旅路,act33side,239,アーミヤ、ここまでドクターを守ってくれてありがとう。,
level_act33side_04_end.json,BB-4,長き旅路,act33side,243,一旦テレジアのところに向かってくれるか？　君の検査をしなければならないのでな。,
level_act33side_04_end.json,BB-4,長き旅路,act33side,247,まったく痛みがないとは言えない。だがドクターからの手紙で、君は強い子だと聞いている。,
level_act33side_04_end.json,BB-4,長き旅路,act33side,251,もちろんだ。だがドクターには先に処理しなければならない仕事があるから、少し遅れてくるかもしれない。,
level_act33side_04_end.json,BB-4,長き旅路,act33side,266,ドクター、後ほど君も総合的な検査をする必要がある。,
level_act33side_04_end.json,BB-4,長き旅路,act33side,271,……ドクター。,avg_003_kalts_1#11$1
level_act33side_04_end.json,BB-4,長き旅路,act33side,275,今後、再びバベルを離れる予定はあるか？,avg_003_kalts_1#11$1
level_act33side_04_end.json,BB-4,長き旅路,act33side,279,そう決めたのであれば、君の選択を尊重しよう。,avg_003_kalts_1#11$1
level_act33side_04_end.json,BB-4,長き旅路,act33side,280,少なくとも、君はアーミヤの健康をとても気にかけていることが見て取れる……たとえ、彼女が本来君と関わる運命になかったとしても。,avg_003_kalts_1#11$1
level_act33side_04_end.json,BB-4,長き旅路,act33side,284,……その言葉を嬉しく思う。,avg_003_kalts_1#11$1
level_act33side_04_end.json,BB-4,長き旅路,act33side,285,君は変わらず希望を選び取った。,avg_003_kalts_1#11$1
level_act33side_04_end.json,BB-4,長き旅路,act33side,287,おかえり、Dr.{@nickname}。,avg_003_kalts_1#11$1
level_act33side_04_end.json,BB-4,長き旅路,act33side,445,テレジア、聞こえるか？,
level_act33side_04_end.json,BB-4,長き旅路,act33side,447,カズデルから緊急の情報が入った。今すぐ、君に知らせる必要がある。,
level_act33side_04_end.json,BB-4,長き旅路,act33side,448,……ヴィクトリアに関することだ。,
level_act33side_05_beg.json,BB-5,激変する烽煙,act33side,69,今のところ、「鍛えた」ところでテラ人の身体能力に並ぶことは不可能だ。,avg_003_kalts_1#11$1
level_act33side_05_beg.json,BB-5,激変する烽煙,act33side,70,肉体労働よりも、君の長所を発揮できる仕事はほかにある。,avg_003_kalts_1#11$1
level_act33side_05_beg.json,BB-5,激変する烽煙,act33side,74,あの日以降、君は少し焦っているように見える。,avg_003_kalts_1#4$1
level_act33side_05_beg.json,BB-5,激変する烽煙,act33side,80,サルカズの伝統における魔王の地位は想像をはるかに上回る。加えてテレジアの功績も衆目が認めるところだ。軍事委員会はむしろ矛を収めざるを得ないだろう。,avg_003_kalts_1#1$1
level_act33side_05_beg.json,BB-5,激変する烽煙,act33side,82,だが、ヴィクトリアがカズデルへ送った招待は、決して友好的なサインではない。テラ諸国の視野が再びカズデルを捉えたことを意味するものだ。,avg_003_kalts_1#5$1
level_act33side_05_beg.json,BB-5,激変する烽煙,act33side,83,ゆえにテレジアはカズデルに向かい、カズデルが再び戦争に巻き込まれることに決して同意しないという態度を表明する必要がある。,avg_003_kalts_1#5$1
level_act33side_05_beg.json,BB-5,激変する烽煙,act33side,88,サルカズの複雑な歴史が、サルカズ間での異族に対する態度の多様性を生んでいるんだ。,avg_003_kalts_1#1$1
level_act33side_05_beg.json,BB-5,激変する烽煙,act33side,89,テレシスとテレジアは二つの旗のようなもの。どちらの旗の下に集うかは、サルカズたちに選ぶ権利がある。,avg_003_kalts_1#1$1
level_act33side_05_beg.json,BB-5,激変する烽煙,act33side,95,……もちろんだ。,avg_003_kalts_1#11$1
level_act33side_05_beg.json,BB-5,激変する烽煙,act33side,114,敵襲？　このタイミングで？,avg_003_kalts_1#14$1
level_act33side_05_beg.json,BB-5,激変する烽煙,act33side,265,敵はどれだけいる？,avg_003_kalts_1#5$1
level_act33side_05_beg.json,BB-5,激変する烽煙,act33side,269,テレシス本人の意思でなくとも、軍事委員会の他の将校たちは皆、テレジア不在のうちにバベルを一網打尽にしようと考えているのだろう。,avg_003_kalts_1#5$1
level_act33side_05_beg.json,BB-5,激変する烽煙,act33side,270,そうすれば、サルカズには「選択肢がなくなる」からな。,avg_003_kalts_1#5$1
level_act33side_05_beg.json,BB-5,激変する烽煙,act33side,276,少なくとも前方の包囲を突破せねば……,avg_003_kalts_1#5$1
level_act33side_05_beg.json,BB-5,激変する烽煙,act33side,281,ドクター？,avg_003_kalts_1#4$1
level_act33side_05_beg.json,BB-5,激変する烽煙,act33side,287,……,avg_003_kalts_1#5$1
level_act33side_05_beg.json,BB-5,激変する烽煙,act33side,295,……わかった。,avg_003_kalts_1#4$1
level_act33side_05_beg.json,BB-5,激変する烽煙,act33side,591,奴らはすでに撤退した。素晴らしい指揮だった、ドクター。,avg_003_kalts_1#11$1
level_act33side_05_beg.json,BB-5,激変する烽煙,act33side,601,敵は自滅覚悟で襲撃を仕掛けてきたんだ。あれを突破するには、一部の死傷者は避けられなかった。,avg_003_kalts_1#1$1
level_act33side_05_beg.json,BB-5,激変する烽煙,act33side,602,それに、死傷者数は想定よりも少ない。,avg_003_kalts_1#1$1
level_act33side_05_beg.json,BB-5,激変する烽煙,act33side,606,ドクター、君の指揮にミスはなかった。これからの事後処理において、君が負う責任はない。,avg_003_kalts_1#4$1
level_act33side_05_beg.json,BB-5,激変する烽煙,act33side,610,私が分配を調整しよう。手術の準備を。,avg_003_kalts_1#5$1
level_act33side_06_beg.json,BB-6,明滅する灯火,act33side,677,ドクター。,avg_003_kalts_1#1$1
level_act33side_06_beg.json,BB-6,明滅する灯火,act33side,678,今回の作戦について聞いたが、君は……,avg_003_kalts_1#1$1
level_act33side_06_beg.json,BB-6,明滅する灯火,act33side,682,ドクター？,avg_003_kalts_1#4$1
level_act33side_06_beg.json,BB-6,明滅する灯火,act33side,686,何だ。,avg_003_kalts_1#1$1
level_act33side_06_beg.json,BB-6,明滅する灯火,act33side,690,患者本人に他の要望がない限り、命を救うべく手を尽くすのは医者の責務だ。,avg_003_kalts_1#1$1
level_act33side_06_beg.json,BB-6,明滅する灯火,act33side,691,我々は常にそのために尽力している。,avg_003_kalts_1#1$1
level_act33side_06_beg.json,BB-6,明滅する灯火,act33side,692,どうしてそんなことを？,avg_003_kalts_1#1$1
level_act33side_06_beg.json,BB-6,明滅する灯火,act33side,696,……,avg_003_kalts_1#4$1
level_act33side_06_end.json,BB-6,明滅する灯火,act33side,86,これまでの抑制剤の何倍もの抑制効率だ。アーミヤの血液中源石密度も明らかに低下している。,avg_003_kalts_1#1$1
level_act33side_06_end.json,BB-6,明滅する灯火,act33side,88,しかし……,avg_003_kalts_1#5$1
level_act33side_06_end.json,BB-6,明滅する灯火,act33side,92,ドクター！,avg_003_kalts_1#5$1
level_act33side_06_end.json,BB-6,明滅する灯火,act33side,94,君が自らの体を実験に用いているのは知っている……しかし君の状態はどんどん悪くなるばかりだ。,avg_003_kalts_1#4$1
level_act33side_06_end.json,BB-6,明滅する灯火,act33side,101,今はそれよりも君の状態の方が心配だ、ドクター。,avg_003_kalts_1#4$1
level_act33side_06_end.json,BB-6,明滅する灯火,act33side,122,いや、私の話を聞いてくれ。,avg_003_kalts_1#4$1
level_act33side_06_end.json,BB-6,明滅する灯火,act33side,127,レム・ビリトンでの旅からサルカズの内戦に至るまで、君はひと時も気を緩めたことがないだろう。,avg_003_kalts_1#4$1
level_act33side_06_end.json,BB-6,明滅する灯火,act33side,128,君を目覚めさせる決定をしたのは私だ。それは、この文明――驚きと喜びが絶えず湧き上がり、同時に方向性を失っていく文明に解決の道を示してくれることを望んだからだ。,avg_003_kalts_1#4$1
level_act33side_06_end.json,BB-6,明滅する灯火,act33side,130,しかし、君がそうやってその身を犠牲にすることは望まない。,avg_003_kalts_1#9$1
level_act33side_06_end.json,BB-6,明滅する灯火,act33side,131,もう少し自分を大切にすべきだ。,avg_003_kalts_1#9$1
level_act33side_06_end.json,BB-6,明滅する灯火,act33side,247,……大丈夫だ。甲板で倒れたと聞いた時は驚いたが、どうやら過労なだけのようだ。,avg_003_kalts_1#1$1
level_act33side_06_end.json,BB-6,明滅する灯火,act33side,253,自分が鉱石病に感染するか試していたんだ。粉塵を吸入したり、源石に富んだ環境に身をさらしたり……活性源石で直接皮膚を引き裂くようなことまで。いろいろな方法を試していたようで……,avg_003_kalts_1#4$1
level_act33side_06_end.json,BB-6,明滅する灯火,act33side,254,当然、止めるよう説得はした。Scoutたちにも制止してもらった。しかし、ドクターはそれでも……,avg_003_kalts_1#4$1
level_act33side_06_end.json,BB-6,明滅する灯火,act33side,255,誰もドクターが傷付く様子など見たくないというのに。,avg_003_kalts_1#4$1
level_act33side_06_end.json,BB-6,明滅する灯火,act33side,259,アーミヤは？,avg_003_kalts_1#1$1
level_act33side_06_end.json,BB-6,明滅する灯火,act33side,267,救助された感染者からドクターに届いたものだ。,avg_003_kalts_1#11$1
level_act33side_06_end.json,BB-6,明滅する灯火,act33side,268,アーミヤの叫び声を聞いて駆けつけたAceが、ドクターをここまで運んだ際に残していったものでな。,avg_003_kalts_1#11$1
level_act33side_06_end.json,BB-6,明滅する灯火,act33side,274,……,avg_003_kalts_1#9$1
level_act33side_06_end.json,BB-6,明滅する灯火,act33side,284,面目ない。あるいは私も、自分で思うほどドクターという人物のことを理解していないのかもしれない。,avg_003_kalts_1#8$1
level_act33side_06_end.json,BB-6,明滅する灯火,act33side,285,どうすればドクターの苦しみを和らげてやれるのか、私にはわからない。我々二人でさえドクターの考えを理解できないのであれば……,avg_003_kalts_1#8$1
level_act33side_06_end.json,BB-6,明滅する灯火,act33side,287,どれほど敬愛や畏敬の眼差しを向けられたとしても、バベルのドクターは、どこまでも孤独なままだ。,avg_003_kalts_1#9$1
level_act33side_06_end.json,BB-6,明滅する灯火,act33side,291,ああ。,avg_003_kalts_1#4$1
level_act33side_06_end.json,BB-6,明滅する灯火,act33side,292,後ほど私からドクターに説明しておく。,avg_003_kalts_1#4$1
level_act33side_06_end.json,BB-6,明滅する灯火,act33side,394,テレジア！,
level_act33side_06_end.json,BB-6,明滅する灯火,act33side,405,テレジア、どうした？,avg_003_kalts_1#5$1
level_act33side_06_end.json,BB-6,明滅する灯火,act33side,406,何を見たんだ？,avg_003_kalts_1#5$1
level_act33side_06_end.json,BB-6,明滅する灯火,act33side,411,――,avg_003_kalts_1#6$1
level_act33side_06_end.json,BB-6,明滅する灯火,act33side,426,……テレジア。,avg_003_kalts_1#4$1
level_act33side_06_end.json,BB-6,明滅する灯火,act33side,427,前にも言ったと思うが……源石は、かつてこの大地のはるか遠くの未来を決定した。選択肢は二つあった。,avg_003_kalts_1#4$1
level_act33side_06_end.json,BB-6,明滅する灯火,act33side,428,我々は現状、具体的な苦痛、天災、鉱石病に眼を向けすぎている。ゆえにはるか先の未来を見据えることは困難であり、また意味にも乏しい。,avg_003_kalts_1#4$1
level_act33side_06_end.json,BB-6,明滅する灯火,act33side,430,だがドクターはかつてそのうちの一つを選択したんだ。ドクターが……自ら私に語ってくれた未来を。,avg_003_kalts_1#8$1
level_act33side_06_end.json,BB-6,明滅する灯火,act33side,431,私はその未来を、ドクターが語った言葉を忘れられない。長い年月の間、ずっと頭に残っていた。,avg_003_kalts_1#8$1
level_act33side_06_end.json,BB-6,明滅する灯火,act33side,432,しかしその選択と対になるもう一つの空虚で冷たい考えも――これまで過ごした万年の歳月の間、いつも夜中に冷気と化し、私の脊髄に入り込んできた。,avg_003_kalts_1#8$1
level_act33side_06_end.json,BB-6,明滅する灯火,act33side,433,これ以上、私は言葉を続けられない。,avg_003_kalts_1#8$1
level_act33side_06_end.json,BB-6,明滅する灯火,act33side,435,しかし君は魔王の力を通じて私の……怒りを感じとれるはずだ。,avg_003_kalts_1#1$1
level_act33side_06_end.json,BB-6,明滅する灯火,act33side,436,これは実のところ、「文明の存続」は言語による桎梏の外にあることを意味している。,avg_003_kalts_1#1$1
level_act33side_06_end.json,BB-6,明滅する灯火,act33side,440,だから、テレジア。,avg_003_kalts_1#1$1
level_act33side_06_end.json,BB-6,明滅する灯火,act33side,441,もし君が受け入れられない未来を見たのなら、どうかそれを変えてほしい。これは君だけが、「文明の存続」だけが成し遂げられることだ。,avg_003_kalts_1#1$1
level_act33side_06_end.json,BB-6,明滅する灯火,act33side,443,……そして、私にせよ、ドクターにせよ、もしも君が私たちの見知らぬ一面を見たのなら……,avg_003_kalts_1#4$1
level_act33side_06_end.json,BB-6,明滅する灯火,act33side,463,アーミヤと甲板から戻る際に、突然倒れたんだ。,avg_003_kalts_1#1$1
level_act33side_06_end.json,BB-6,明滅する灯火,act33side,467,少しショックを受けていたが、もう大丈夫だ。,avg_003_kalts_1#1$1
level_act33side_06_end.json,BB-6,明滅する灯火,act33side,469,だが君の状態は相変わらず芳しくないぞ。一体何を考えている？,avg_003_kalts_1#5$1
level_act33side_07_beg.json,BB-7,顕現せし影,act33side,158,……,avg_npc_1311_1#1$1
level_act33side_07_beg.json,BB-7,顕現せし影,act33side,166,ネツァレムが本当に座視に耐えられなくなったのなら、ドゥカレも同様に動いてくるだろう。,avg_npc_1296_1#4$1
level_act33side_07_beg.json,BB-7,顕現せし影,act33side,184,王庭……彼らは暴力を行使する最も直接的な権力を有している。ネツァレムは大地を変えられる戦火を約束されたからこそ、喜んで主導権を差し出したんだ。,avg_003_kalts_1#1$1
level_act33side_07_beg.json,BB-7,顕現せし影,act33side,185,厄介ではあるが、我々の望むものを実現するには、いずれ直面しなければならない試練でもある。,avg_003_kalts_1#1$1
level_act33side_07_beg.json,BB-7,顕現せし影,act33side,192,ああ。軍事委員会を打ち負かしても問題の解決にはならない。憤慨と苦難をむさぼり成長するサルカズに、他の方面から具体的な成果を見せる必要がある。,avg_003_kalts_1#1$1
level_act33side_07_beg.json,BB-7,顕現せし影,act33side,193,鉱石病と源石に関して、我々は……,avg_003_kalts_1#1$1
level_act33side_08_beg.json,BB-8,結末へのカウントダウン,act33side,243,精鋭戦力はすでにそれぞれ要所へと配置についた。,
level_act33side_08_beg.json,BB-8,結末へのカウントダウン,act33side,273,兵力に差があるからこそ、今回の都市奪還計画ではバベルの号令に応えてくれるほぼすべての戦闘員を投入した。,
level_act33side_08_beg.json,BB-8,結末へのカウントダウン,act33side,285,それゆえ、本艦の防御は相対的に薄くなる。,
level_act33side_08_end.json,BB-8,結末へのカウントダウン,act33side,285,都市内部の全部隊に告ぐ、巡回部隊を無力化せよ。,avg_003_kalts_1#1$1
level_act33side_08_end.json,BB-8,結末へのカウントダウン,act33side,297,……双方とも戦火が都市内にまで波及することを避けていると考えても、この状況は不自然だ。,avg_003_kalts_1#5$1
level_act33side_08_end.json,BB-8,結末へのカウントダウン,act33side,298,すべての情報をドクターに転送してくれ。作戦小隊は速度を上げ、警戒を怠るな。,avg_003_kalts_1#5$1
level_act33side_08_end.json,BB-8,結末へのカウントダウン,act33side,299,軍事委員会の旗を広場から撤去し、都市全域に放送通信を開放するんだ。,avg_003_kalts_1#5$1
level_act33side_08_end.json,BB-8,結末へのカウントダウン,act33side,315,本艦の受け入れ準備を整えろ。一刻も早く、殿下たちを我々の制圧圏内に迎え入れなければ。,avg_003_kalts_1#1$1
level_act33side_08_end.json,BB-8,結末へのカウントダウン,act33side,316,それと、アスカロンの部隊に可能な限り早く合流するよう伝えてくれ。すでに三つの小隊が予定よりも早く配置についている。,avg_003_kalts_1#1$1
level_act33side_08_end.json,BB-8,結末へのカウントダウン,act33side,320,……バベルの跡地だ。,avg_003_kalts_1#1$1
level_act33side_08_end.json,BB-8,結末へのカウントダウン,act33side,321,バベルの旗はもう長年あの場所に掲げられていない。,avg_003_kalts_1#1$1
level_act33side_08_end.json,BB-8,結末へのカウントダウン,act33side,392,クロージャ、本艦に連絡はついたか？,avg_003_kalts_1#14$1
level_act33side_08_end.json,BB-8,結末へのカウントダウン,act33side,400,……,avg_003_kalts_1#14$1
level_act33side_08_end.json,BB-8,結末へのカウントダウン,act33side,404,……,avg_003_kalts_1#5$1
level_act33side_08_end.json,BB-8,結末へのカウントダウン,act33side,426,……,avg_003_kalts_1#5$1
level_act33side_10_end.json,BB-10,さようなら、さようなら,act33side,81,……,avg_003_kalts_1#9$1
level_act33side_10_end.json,BB-10,さようなら、さようなら,act33side,82,テレジア……,avg_003_kalts_1#9$1
level_act33side_10_end.json,BB-10,さようなら、さようなら,act33side,83,アーミヤ……ドクター……,avg_003_kalts_1#9$1
level_act33side_10_end.json,BB-10,さようなら、さようなら,act33side,85,この可能性が常に存在し得ると知りながら……私はなぜ……,avg_003_kalts_1#8$1
level_act33side_10_end.json,BB-10,さようなら、さようなら,act33side,86,私も残るべきだった。これは私のせいだ……,avg_003_kalts_1#8$1
level_act33side_10_end.json,BB-10,さようなら、さようなら,act33side,87,……,avg_003_kalts_1#8$1
level_act33side_10_end.json,BB-10,さようなら、さようなら,act33side,89,テレ……ジア。,avg_003_kalts_1#9$1
level_act33side_10_end.json,BB-10,さようなら、さようなら,act33side,90,私は……私たちならば本来この結末を……,avg_003_kalts_1#9$1
level_act33side_10_end.json,BB-10,さようなら、さようなら,act33side,94,テレジアの……死亡を……確認。,avg_003_kalts_1#8$1
level_act33side_10_end.json,BB-10,さようなら、さようなら,act33side,96,Mon3tr、命令だ……,avg_003_kalts_1#5$1
level_act33side_10_end.json,BB-10,さようなら、さようなら,act33side,97,後続の襲撃に……備えるんだ。,avg_003_kalts_1#5$1
level_act33side_10_end.json,BB-10,さようなら、さようなら,act33side,98,ドクターとアーミヤに……これ以上何かあってはいけない……絶対にだ！,avg_003_kalts_1#5$1
level_act33side_10_end.json,BB-10,さようなら、さようなら,act33side,101,Mon3tr――！,avg_003_kalts_1#7$1
level_act33side_10_end.json,BB-10,さようなら、さようなら,act33side,106,――！,avg_003_kalts_1#4$1
level_act33side_10_end.json,BB-10,さようなら、さようなら,act33side,120,テレジア！　何が――,
level_act33side_10_end.json,BB-10,さようなら、さようなら,act33side,137,ああ。私はあの旗をカズデルのあるべき場所に送り届け、空高く掲げられるのを見届けてきた……,
level_act33side_10_end.json,BB-10,さようなら、さようなら,act33side,139,しかし戻ってくるのが遅すぎた。こうなる可能性を知りながら……,
level_act33side_10_end.json,BB-10,さようなら、さようなら,act33side,142,……,
level_act33side_10_end.json,BB-10,さようなら、さようなら,act33side,143,……別れを告げる時間は、もうあまり残されていないのか？,
level_act33side_10_end.json,BB-10,さようなら、さようなら,act33side,145,……わかった。,
level_act33side_10_end.json,BB-10,さようなら、さようなら,act33side,167,わかった。,avg_003_kalts_1#4$1
level_act33side_10_end.json,BB-10,さようなら、さようなら,act33side,169,だが……我々は再び危険を冒して……ロドスの深部へと足を踏み入れることはできない。,avg_003_kalts_1#9$1
level_act33side_10_end.json,BB-10,さようなら、さようなら,act33side,170,ある知人に頼んでドクターをウルサスへ送るとしよう。,avg_003_kalts_1#9$1
level_act33side_10_end.json,BB-10,さようなら、さようなら,act33side,171,チェルノボーグにて、問題なく収棺されるはずだ。ドクターがロドスに残り続けるのは……あまりにリスクが高いのでな。,avg_003_kalts_1#9$1
level_act33side_10_end.json,BB-10,さようなら、さようなら,act33side,176,私が彼女と共にある。バベルが……彼女と共にある。,avg_003_kalts_1#4$1
level_act33side_10_end.json,BB-10,さようなら、さようなら,act33side,187,……しかし、君はどうする？,avg_003_kalts_1#4$1
level_act33side_10_end.json,BB-10,さようなら、さようなら,act33side,302,しかし……今のバベルにその力はない。,
level_act33side_st01.json,BB-ST-1,未完の別れ,act33side,300,Mon3tr！,avg_003_kalts_1#6$1
level_act33side_st01.json,BB-ST-1,未完の別れ,act33side,318,楽にしてやれ。,avg_003_kalts_1#6$1
level_act33side_st01.json,BB-ST-1,未完の別れ,act33side,331,アーミヤ！　ドクター！,avg_003_kalts_1#4$1
level_act33side_st01.json,BB-ST-1,未完の別れ,act33side,341,システムの応答がない……これは……,avg_003_kalts_1#5$1
level_act33side_st01.json,BB-ST-1,未完の別れ,act33side,343,Mon3tr、扉を叩き切れ！,avg_003_kalts_1#6$1
level_act33side_st01.json,BB-ST-1,未完の別れ,act33side,355,Mon3tr、メルトダウン！,avg_003_kalts_1#7$1
level_act33side_st01.json,BB-ST-1,未完の別れ,act33side,384,テレジア――,avg_003_kalts_1#4$1
level_act33side_st01.json,BB-ST-1,未完の別れ,act33side,386,――,avg_003_kalts_1#10$1
level_act33side_st01.json,BB-ST-1,未完の別れ,act33side,406,テレジア……,
level_act33side_st01.json,BB-ST-1,未完の別れ,act33side,412,アーミヤ……ドクター……,
level_act33side_st01.json,BB-ST-1,未完の別れ,act33side,413,これは……,
level_act33side_st01.json,BB-ST-1,未完の別れ,act33side,420,こうなる可能性は常に頭にあったんだ……ならば、なぜ私は……,
level_act33side_st01.json,BB-ST-1,未完の別れ,act33side,421,私は残るべきだった。私が……,
level_act33side_st01.json,BB-ST-1,未完の別れ,act33side,427,……,
level_act33side_st01.json,BB-ST-1,未完の別れ,act33side,433,……,
level_act33side_st01.json,BB-ST-1,未完の別れ,act33side,434,……,
level_act33side_st02.json,BB-ST-2,気怠い覚醒,act33side,130,あの者は源石を最も理解する人物だ。,
level_act33side_st02.json,BB-ST-2,気怠い覚醒,act33side,134,源石により生まれる苦難を解決しようというのなら……,
level_act33side_st02.json,BB-ST-2,気怠い覚醒,act33side,135,あの者が最も相応しい人選だろう。,
level_act33side_st02.json,BB-ST-2,気怠い覚醒,act33side,142,……,
level_act33side_st02.json,BB-ST-2,気怠い覚醒,act33side,144,現在のテラは間違いなく奇跡の賜物だ。君もな、テレジア。,
level_act33side_st02.json,BB-ST-2,気怠い覚醒,act33side,145,しかし過去の彼らにとっては、太陽を取り巻いて運行する星系全体ですら、この上なくちっぽけなものに過ぎなかった。,
level_act33side_st02.json,BB-ST-2,気怠い覚醒,act33side,150,……ある。,
level_act33side_st02.json,BB-ST-2,気怠い覚醒,act33side,151,だが……言えない。,
level_act33side_st02.json,BB-ST-2,気怠い覚醒,act33side,158,……,
level_act33side_st02.json,BB-ST-2,気怠い覚醒,act33side,160,私は……あの歳月における他の記憶を忘れてしまった。およそすべてと言っていい。,
level_act33side_st02.json,BB-ST-2,気怠い覚醒,act33side,162,だが唯一、はるか遠くの過去において、ある人がこの名をくれたことだけは覚えている。,
level_act33side_st02.json,BB-ST-2,気怠い覚醒,act33side,163,「ケルシー」と。,
level_act33side_st02.json,BB-ST-2,気怠い覚醒,act33side,164,あれが、私たちが顔を合わせた最後の時だった。,
level_act33side_st02.json,BB-ST-2,気怠い覚醒,act33side,185,わかっている、ただ……,
level_act33side_st02.json,BB-ST-2,気怠い覚醒,act33side,186,……常にある予感が……懸念、あるいは推測が頭から離れない。,
level_act33side_st02.json,BB-ST-2,気怠い覚醒,act33side,187,大地の始まり、生命が芽生えたばかりのある時点において、永遠に覆すことのできない出来事がこの地で発生したのではないか、と。,
level_act33side_st02.json,BB-ST-2,気怠い覚醒,act33side,188,だが、私には知る由もない。,
level_act33side_st02.json,BB-ST-2,気怠い覚醒,act33side,191,いや……すまない、テレジア。,
level_act33side_st02.json,BB-ST-2,気怠い覚醒,act33side,192,この件に関してだけは、どれだけ予備の対応策を用意していようとも確固たる自信を持つことはできない。,
level_act33side_st02.json,BB-ST-2,気怠い覚醒,act33side,193,……テレジア、私には自分が常に最も理性的な選択を下せるという保証はできない。,
level_act33side_st02.json,BB-ST-2,気怠い覚醒,act33side,194,そして、今回私は……信じることを選ぶ。,
level_act33side_st02.json,BB-ST-2,気怠い覚醒,act33side,274,（未知の言語）私が君の疑問に答えよう。それらの資料は以前私がPRTSに保存したものだ。,
level_act33side_st02.json,BB-ST-2,気怠い覚醒,act33side,283,……,
level_act33side_st02.json,BB-ST-2,気怠い覚醒,act33side,287,（未知の言語）いいや……離れていた。今こうして君の前に立つまでに――,
level_act33side_st02.json,BB-ST-2,気怠い覚醒,act33side,288,（未知の言語）私はすでに万を超える年月を歩いた。,
level_act33side_st02.json,BB-ST-2,気怠い覚醒,act33side,289,（未知の言語）しかし、君が私に残した課題を忘れたことはない――,
level_act33side_st02.json,BB-ST-2,気怠い覚醒,act33side,312,（未知の言語）生命存続の意味を探す――それは私がこの先も歩み続けなければならない道だ。,avg_003_kalts_1#11$1
level_act33side_st02.json,BB-ST-2,気怠い覚醒,act33side,313,（未知の言語）覚えているんだな……,avg_003_kalts_1#11$1
level_act33side_st02.json,BB-ST-2,気怠い覚醒,act33side,321,（未知の言語）これまで一瞬たりとも、君が私のためにした努力を忘れたことはない。,avg_003_kalts_1#11$1
level_act33side_st02.json,BB-ST-2,気怠い覚醒,act33side,322,（未知の言語）Dr.{@nickname}、生命以外に、君はもう一つ最も大切なものを与えてくれた――自由というものを。,avg_003_kalts_1#11$1
level_act33side_st02.json,BB-ST-2,気怠い覚醒,act33side,327,（未知の言語）まだ完全には回復していないだろう。私が支え――,avg_003_kalts_1#4$1
level_act33side_st02.json,BB-ST-2,気怠い覚醒,act33side,333,……,avg_003_kalts_1#5$1
level_act33side_st02.json,BB-ST-2,気怠い覚醒,act33side,334,（未知の言語）源石は変わらず外の大地で成長している。,avg_003_kalts_1#5$1
level_act33side_st02.json,BB-ST-2,気怠い覚醒,act33side,338,……,avg_003_kalts_1#9$1
level_act33side_st02.json,BB-ST-2,気怠い覚醒,act33side,343,（未知の言語）私ではなく、私たちが君の手助けを必要としているんだ。,avg_003_kalts_1#11$1
level_act33side_st02.json,BB-ST-2,気怠い覚醒,act33side,349,（未知の言語）現在の文明に至るまでの発展の軌跡は……とても複雑なんだ。,avg_003_kalts_1#4$1
level_act33side_st02.json,BB-ST-2,気怠い覚醒,act33side,353,テレジア。,avg_003_kalts_1#11$1
level_act33side_st02.json,BB-ST-2,気怠い覚醒,act33side,542,ドクター。君はまず少し休んだ方がいい。,
level_act33side_st02.json,BB-ST-2,気怠い覚醒,act33side,550,ああ。はじめは敵対し、のちに対話し、彼女の願いを理解して――今や彼女の責任に畏敬の念すら覚えている……,
level_act33side_st02.json,BB-ST-2,気怠い覚醒,act33side,551,あの黒い王冠は、それが背負う悠久の歴史と見聞をテレジアに共有した。そうして彼女も、次第に他の誰もが及ばぬ展望を抱くようになった。,
level_act33side_st02.json,BB-ST-2,気怠い覚醒,act33side,552,私はそれを知り、これは私が彼女と、バベルと、そしてテラと共にあるための絶好の機会かもしれないと思ったんだ。,
level_act33side_st02.json,BB-ST-2,気怠い覚醒,act33side,557,そうだ。同時に君が私たちと共に歩んでくれることも願っている。,
level_act33side_st02.json,BB-ST-2,気怠い覚醒,act33side,582,では、君を待つとしよう。,
level_act33side_st02.json,BB-ST-2,気怠い覚醒,act33side,583,君の見つける答えがどんなものであれ、バベルは君が戻ってくるその日まで持ちこたえてみせよう、ドクター。,
level_act33side_st02.json,BB-ST-2,気怠い覚醒,act33side,606,目覚めによる負担は大きく、ドクターの体はまだ完全には回復していない。しかし私の想像よりもずっと早く適応しているようだ。,
level_act33side_st02.json,BB-ST-2,気怠い覚醒,act33side,607,テラに関するすべてを学びたい、か。,
level_act33side_st02.json,BB-ST-2,気怠い覚醒,act33side,612,テレジア、君は先に皆のところに戻るといい。バベルにはまだ議長の決定が必要な事項が多く残されている……,
level_act33side_st02.json,BB-ST-2,気怠い覚醒,act33side,616,テレジア？,
level_act33side_st02.json,BB-ST-2,気怠い覚醒,act33side,621,……,
level_act33side_st03.json,BB-ST-3,魂の行く果て,act33side,46,皆の熱意に圧倒されてしまったのか？,avg_003_kalts_1#1$1
level_act33side_st03.json,BB-ST-3,魂の行く果て,act33side,50,これは君が再びもたらした大勝利を記念した祝勝会だ。私が来るのは不自然か？,avg_003_kalts_1#11$1
level_act33side_st03.json,BB-ST-3,魂の行く果て,act33side,55,気にするな、少しずつ慣れていくはずだ。バベルがその新たな出発点となる。,avg_003_kalts_1#11$1
level_act33side_st03.json,BB-ST-3,魂の行く果て,act33side,59,さて、しっかりと祝われてくるといい。,avg_003_kalts_1#13$1
level_act34side_01_beg.json,BP-1,ファーストコンタクト,act34side,349,ドクター、よく眠れたか？　少しやつれているようにも見えるが。,avg_003_kalts_1#1$1
level_act34side_01_beg.json,BP-1,ファーストコンタクト,act34side,355,ああ。エーギル人は水生生物としての習性の一部をいまだに保持しているようだな。,avg_003_kalts_1#1$1
level_act34side_01_beg.json,BP-1,ファーストコンタクト,act34side,356,――気分が悪いのか？,avg_003_kalts_1#1$1
level_act34side_01_beg.json,BP-1,ファーストコンタクト,act34side,362,深刻なレベルか？,avg_003_kalts_1#1$1
level_act34side_01_beg.json,BP-1,ファーストコンタクト,act34side,368,今後不快感が増すことがあれば、すぐに言ってくれ。,avg_003_kalts_1#1$1
level_act34side_01_beg.json,BP-1,ファーストコンタクト,act34side,369,それと……,avg_003_kalts_1#1$1
level_act34side_01_beg.json,BP-1,ファーストコンタクト,act34side,375,率直に言わせてもらうと、君がそうした反応を見せることには別の原因があると考えている。,avg_003_kalts_1#5$1
level_act34side_01_beg.json,BP-1,ファーストコンタクト,act34side,376,教えてくれ、ドクター。エーギルないし深海において、少しでも懐かしいと感じるものはあるか？,avg_003_kalts_1#5$1
level_act34side_01_beg.json,BP-1,ファーストコンタクト,act34side,382,本当か？,avg_003_kalts_1#4$1
level_act34side_01_beg.json,BP-1,ファーストコンタクト,act34side,385,君の沈黙には慣れているが、今の沈黙には少々不安を覚えるな。,avg_003_kalts_1#4$1
level_act34side_01_beg.json,BP-1,ファーストコンタクト,act34side,388,困難だろうとは思う。だが、少しでも詳細を思い出すことができれば、それは誰にとっても大きな助力となるはずだ。,avg_003_kalts_1#5$1
level_act34side_01_beg.json,BP-1,ファーストコンタクト,act34side,395,肩の力を抜け、ドクター。,avg_003_kalts_1#1$1
level_act34side_01_beg.json,BP-1,ファーストコンタクト,act34side,396,保存者との邂逅以来、君が真実を遡る速度は格段に速くなっている……たとえ、それほど早く忘れ去ったすべてに触れてほしくないと私が望もうとも、それは避けられないだろう。,avg_003_kalts_1#1$1
level_act34side_01_beg.json,BP-1,ファーストコンタクト,act34side,397,君がいつ、この苦難に溢れる道のりを歩み終えるかを知る者も、ましてやそれを左右できる者も居はしない。君自身も含めてな。これは君の責任ではないんだ。,avg_003_kalts_1#1$1
level_act34side_01_beg.json,BP-1,ファーストコンタクト,act34side,399,君は確かに、かつて深海と出会った。海は、大地以外のもう一つの過去へと通じる道であり、我々はついにここへと至ったんだ。,avg_003_kalts_1#5$1
level_act34side_01_beg.json,BP-1,ファーストコンタクト,act34side,405,ああ。私はこれまで幾度もエーギルに足を踏み入れようとしたが、それは長らく叶わなかった。,avg_003_kalts_1#1$1
level_act34side_01_beg.json,BP-1,ファーストコンタクト,act34side,406,かつて私は、海岸で待ち、そして海上を漂ったこともある。,avg_003_kalts_1#1$1
level_act34side_01_beg.json,BP-1,ファーストコンタクト,act34side,407,そして、灯台と艦隊が構想から図面へと、そして図面から国が誇る奇跡へと変じていくのを目にした。ブレオガンは、こうした手段を通じてエーギルと再び接触しようという試みを諦めなかった。,avg_003_kalts_1#1$1
level_act34side_01_beg.json,BP-1,ファーストコンタクト,act34side,409,しかし、彼の努力はいずれも失敗に終わった。エーギルは故郷を離れたこの天才を再び受け入れることなどなく、ましてや部外者に門戸を開くこともなかった……今日に至るまでな。,avg_003_kalts_1#2$1
level_act34side_01_beg.json,BP-1,ファーストコンタクト,act34side,411,協力を求めてくるエーギルの姿勢は、私の予想よりも意欲的なものだった。我々は、傲慢で冷淡な巨人に対して頭を下げろと説得するために、余計な労力を割く必要はなくなったんだ。,avg_003_kalts_1#1$1
level_act34side_01_beg.json,BP-1,ファーストコンタクト,act34side,412,己がそれによって喜びを感じていない、とはなかなか言い難い。,avg_003_kalts_1#1$1
level_act34side_01_beg.json,BP-1,ファーストコンタクト,act34side,418,そうだ。,avg_003_kalts_1#1$1
level_act34side_01_beg.json,BP-1,ファーストコンタクト,act34side,419,エーギルの意欲的な態度は、彼らが陸との接触方法を計画し終えたことを意味している。,avg_003_kalts_1#1$1
level_act34side_01_beg.json,BP-1,ファーストコンタクト,act34side,420,だが、エーギルからすれば最も温和な方法であっても、陸上文明にとっては過激すぎるものとなるかもしれない。彼らの友好的な接触が、陸に止めようのない荒波をもたらす可能性もある。,avg_003_kalts_1#1$1
level_act34side_01_beg.json,BP-1,ファーストコンタクト,act34side,428,けれども同時に、狩人たちの立場も懸念材料だ。,avg_003_kalts_1#14$1
level_act34side_01_beg.json,BP-1,ファーストコンタクト,act34side,429,エーギルにとって、彼女たちは使節でも客人でもない。,avg_003_kalts_1#14$1
level_act34side_01_beg.json,BP-1,ファーストコンタクト,act34side,430,エーギル史上最も過激な計画に参与していた者たちが、公式に死亡と認められた五年後、突然「生き返った」以上、彼女たちの帰郷は――,avg_003_kalts_1#14$1
level_act34side_01_beg.json,BP-1,ファーストコンタクト,act34side,447,グレイディーアは？,avg_003_kalts_1#1$1
level_act34side_01_beg.json,BP-1,ファーストコンタクト,act34side,451,エーギルに戻ってきたからには、君たちはまず身体検査を受けることになるものと思っていたが。それ以上に優先される要件というのは？,avg_003_kalts_1#1$1
level_act34side_01_end.json,BP-1,ファーストコンタクト,act34side,62,保存者の意見は正しかったようだな。クリステンの快挙も、エーギルにとっては手の届く範囲のものなんだ。,avg_003_kalts_1#1$1
level_act34side_01_end.json,BP-1,ファーストコンタクト,act34side,63,海洋国家と空との距離は、我々の想像以上に近しいらしい。,avg_003_kalts_1#1$1
level_act34side_02_beg.json,BP-2,評議による出迎え,act34side,178,この評議は意図せぬ注目を集めすぎているな。,avg_003_kalts_1#1$1
level_act34side_02_beg.json,BP-2,評議による出迎え,act34side,190,アビサルハンターが波風を立てないように自重すべきであることは当然として、我々も慎重に行動しなければならない。,avg_003_kalts_1#1$1
level_act34side_02_beg.json,BP-2,評議による出迎え,act34side,196,ああ。今回は二国の間を取り持つのみならず、陸と海の文明の橋渡しをすることになるからな。,avg_003_kalts_1#1$1
level_act34side_02_beg.json,BP-2,評議による出迎え,act34side,197,私はこれから暫し君たちのもとを離れ、グレイディーアのサポートに当たる。会議終了後、陸海協力の合意を求めて、エーギルの執政官と正式に接触する予定だ。,avg_003_kalts_1#1$1
level_act34side_02_beg.json,BP-2,評議による出迎え,act34side,198,ただ、この都市と我々が直面している状況は今も不明瞭だ。注目の的になっている時は、大胆に動くことが難しくなる場合もある。,avg_003_kalts_1#1$1
level_act34side_02_beg.json,BP-2,評議による出迎え,act34side,204,ああ。くれぐれもやり方には注意してくれ。執政官との交渉中に、任務目標を急遽変更するような事態にはなってほしくないのでな。,avg_003_kalts_1#1$1
level_act34side_03_beg.json,BP-3,海雪の如く散る,act34side,247,我々はクリステンを止めようと試みましたが、それは失敗に終わりました。,avg_003_kalts_1#1$1
level_act34side_03_beg.json,BP-3,海雪の如く散る,act34side,248,まだ時間は残されていますが……恐らく、あまり猶予はないでしょう。,avg_003_kalts_1#1$1
level_act34side_03_beg.json,BP-3,海雪の如く散る,act34side,252,クリステンの用いた手段は、エーギルの技術と源流を同じくするものです。あなた方はどちらも、先史文明の助けや啓発を受けているのですから。,avg_003_kalts_1#1$1
level_act34side_03_beg.json,BP-3,海雪の如く散る,act34side,253,彼女はトリマウンツの地下で先史文明がその火種を保存すべく用いていた石棺群を発見し、その管理者の信頼を得て、これを実行に移しました。,avg_003_kalts_1#1$1
level_act34side_03_beg.json,BP-3,海雪の如く散る,act34side,263,それは、とうに冷めた温床でしかありません。先史文明の中核を担う最も核心的な遺産がエーギルの奥地に眠っていることはあなたもよくご存じでしょう、執政官閣下。,avg_003_kalts_1#1$1
level_act34side_03_beg.json,BP-3,海雪の如く散る,act34side,264,海底下の先史遺跡は、エーギルに対する海からの贈り物です。それはあなたたちの文明を育み、陸上諸国をはるかに凌ぐ視野と能力を与えたことでしょう。,avg_003_kalts_1#1$1
level_act34side_03_beg.json,BP-3,海雪の如く散る,act34side,265,……無論同時に、責任も。,avg_003_kalts_1#1$1
level_act34side_03_beg.json,BP-3,海雪の如く散る,act34side,270,大地における自己認識とアイデンティティは、長い時間の中で自然と確立されたものです。そして今日に至るまで、人々は依然、「人類」を狭い範囲で定義してしまいがちな傾向にあるのです。,avg_003_kalts_1#1$1
level_act34side_03_beg.json,BP-3,海雪の如く散る,act34side,276,あなたは確かに、ミリアリウムを率いるには誰より相応しい執政官でいらっしゃるようですね。,avg_003_kalts_1#1$1
level_act34side_03_beg.json,BP-3,海雪の如く散る,act34side,280,根拠はあなたの性格です。あなたは辛抱強く、友好的なエーギル人でいらっしゃる。,avg_003_kalts_1#1$1
level_act34side_03_beg.json,BP-3,海雪の如く散る,act34side,281,ですが、それでもあなたの思考が傲慢であることに変わりはありません。ここで指しているのは、エーギルの傲慢のことです。,avg_003_kalts_1#1$1
level_act34side_03_beg.json,BP-3,海雪の如く散る,act34side,283,ゆえに私は、先ほどお話しした阻隔層の空洞や、マントルの遺跡、そして人類文明の将来に関する話が単なるアイスブレイクとしての話題だとは思っていません。,avg_003_kalts_1#14$1
level_act34side_03_beg.json,BP-3,海雪の如く散る,act34side,284,エーギルが受け身の方法で問題解決に当たるとは思えません。ミリアリウムが固く守っていた本つ域を離れたのは、新たな防衛線を築くためのことでしょう。,avg_003_kalts_1#14$1
level_act34side_03_beg.json,BP-3,海雪の如く散る,act34side,285,執政官閣下。あなた方の航路開拓には、より深い目的があるのではありませんか？,avg_003_kalts_1#14$1
level_act34side_04_beg.json,BP-4,犠牲と代償,act34side,116,グレイディーア。その本のうちのわずかな言葉だけでも、陸上の国すべてで大きな騒ぎをもたらすには十分なものだと知っておいてくれ。,avg_003_kalts_1#1$1
level_act34side_04_beg.json,BP-4,犠牲と代償,act34side,131,あなたがその理性に基づき下した判断は、エーギルへ戻ったばかりのアビサルハンターを、闇雲に航路計画の作戦に加えることだったと仰るのですか？,avg_003_kalts_1#14$1
level_act34side_04_beg.json,BP-4,犠牲と代償,act34side,146,あなたは今、我々に「航路計画」の中核を担う原理について共有してくださっているのですね。,avg_003_kalts_1#1$1
level_act34side_04_beg.json,BP-4,犠牲と代償,act34side,156,エーギルは、狩人たちを無事に帰還させることを保障できるのですか？,avg_003_kalts_1#5$1
level_act34side_04_beg.json,BP-4,犠牲と代償,act34side,161,であれば……,avg_003_kalts_1#14$1
level_act34side_04_beg.json,BP-4,犠牲と代償,act34side,166,総戦略設計士両名の決定とあれば反対はしない。だが、意見は保留させていただこう。,avg_003_kalts_1#2$1
level_act34side_06_beg.json,BP-6,エーギル失格,act34side,342,我々は、戦術上の説明を必要としているわけではありません。アビサルハンターの持つシーボーンへの対応能力については、あなたのほうがお詳しいでしょう。,avg_003_kalts_1#1$1
level_act34side_06_beg.json,BP-6,エーギル失格,act34side,344,ですが、あなたほどの観察力を以てして、グレイディーアの首の鱗を見逃すことはないはずです。,avg_003_kalts_1#1$1
level_act34side_06_beg.json,BP-6,エーギル失格,act34side,345,狩人たちには無事任務を遂行する能力があると仮定しても構わないでしょう。ですが、彼女たちがシーボーンの巣穴で変異してしまわないという確証はあるのですか？,avg_003_kalts_1#1$1
level_act34side_06_beg.json,BP-6,エーギル失格,act34side,346,ブランドゥス顧問が保証しているというだけでは？,avg_003_kalts_1#1$1
level_act34side_06_beg.json,BP-6,エーギル失格,act34side,351,それを聞くに、アビサルハンターに関して、何かお考えがあるようですね。,avg_003_kalts_1#1$1
level_act34side_06_beg.json,BP-6,エーギル失格,act34side,400,グレイディーアは、航路計画の実現性に疑問を抱いていました。ゆえにこそ、計画への参加を躊躇いなく決めたのです。,avg_003_kalts_1#1$1
level_act34side_06_beg.json,BP-6,エーギル失格,act34side,401,その懸念と葛藤はあなたとは違うものかもしれませんが、導き出す結果は同じでした。エーギル人の心は、暗黙のうちに通じ合っているようですね。,avg_003_kalts_1#1$1
level_act34side_06_beg.json,BP-6,エーギル失格,act34side,413,その発言は訂正させていただけますか。「傲慢」という言葉では、エーギルを要約するには不十分なように思います。,avg_003_kalts_1#1$1
level_act34side_06_beg.json,BP-6,エーギル失格,act34side,414,あなた方はすべての同胞の人間性を尊重し、人々がその価値を発揮することを社会全体の発展目標と見なしている――,avg_003_kalts_1#1$1
level_act34side_06_beg.json,BP-6,エーギル失格,act34side,415,しかし同時に、エーギル全体の存続のためなら、どれほど残酷な決断でも下し、それを冷静に受け入れることができるのです。,avg_003_kalts_1#1$1
level_act34side_06_beg.json,BP-6,エーギル失格,act34side,426,……,avg_003_kalts_1#1$1
level_act34side_07_beg.json,BP-7,歴史の中より来たる,act34side,149,リアルタイム反映式の、この海図をご覧ください。ほんの一時間前までは、シーボーンの生体反応は全体的に概ね安定していましたが――,avg_003_kalts_1#5$1
level_act34side_07_beg.json,BP-7,歴史の中より来たる,act34side,150,今や、大陸棚すべての巣穴が近付きつつあります。巣穴が移動しているわけではなく、ただ膨張し続けていることによって。,avg_003_kalts_1#5$1
level_act34side_07_beg.json,BP-7,歴史の中より来たる,act34side,151,白い紙の上で、無数に落とされたインクが滲み広がるかのように。,avg_003_kalts_1#5$1
level_act34side_07_beg.json,BP-7,歴史の中より来たる,act34side,155,点在していた巣穴が一つに繋がっていく中で、ミリアリウムはその中心に置かれています。,avg_003_kalts_1#6$1
level_act34side_07_beg.json,BP-7,歴史の中より来たる,act34side,157,執政官閣下。エーギルが巣穴に投下したのは、奴らを追い払う兵器ですか？　それとも、大量の活性剤ですか？　奴らを滅ぼそうとしているのか、餌付けしているのか、一体どちらなのでしょう。,avg_003_kalts_1#7$1
level_act34side_07_beg.json,BP-7,歴史の中より来たる,act34side,172,執政官はここに残られるものと思っていましたが。,avg_003_kalts_1#1$1
level_act34side_07_beg.json,BP-7,歴史の中より来たる,act34side,413,ミリアリウム内の民衆の避難についても手配すべきではありませんか？,avg_003_kalts_1#1$1
level_act34side_07_beg.json,BP-7,歴史の中より来たる,act34side,463,――Mon3tr！,avg_npc_1382_1#11$1
level_act34side_07_beg.json,BP-7,歴史の中より来たる,act34side,536,奴の言語の使い方も、話し方とその癖も……シーボーンが無理やりに「学習」した結果とは思えません。,avg_003_kalts_1#6$1
level_act34side_07_beg.json,BP-7,歴史の中より来たる,act34side,537,執政官閣下。恐らくこのシーボーンはかつて人間だったものです。,avg_003_kalts_1#6$1
level_act34side_07_beg.json,BP-7,歴史の中より来たる,act34side,572,……,avg_003_kalts_1#6$1
level_act34side_07_beg.json,BP-7,歴史の中より来たる,act34side,573,Dr.{@nickname}。君は警戒を保て。私がこのシーボーンと話そう。,avg_003_kalts_1#6$1
level_act34side_07_end.json,BP-7,歴史の中より来たる,act34side,18,……そういうことか。,avg_003_kalts_1#3$1
level_act34side_07_end.json,BP-7,歴史の中より来たる,act34side,19,エーギルの判断は正しかった。シーボーンが海への未練を捨て、陸へ大挙して進み始めたのは、明確な目的合ってのことだったのだ。,avg_003_kalts_1#3$1
level_act34side_07_end.json,BP-7,歴史の中より来たる,act34side,20,君たちは阻隔層の変化に気付いたからこそ、来たのだな。,avg_003_kalts_1#3$1
level_act34side_07_end.json,BP-7,歴史の中より来たる,act34side,25,その「生存」本能が、環境のあらゆる変化を……そしてその変化が示す危険を捉えよと君たちを駆り立てるのか。,avg_003_kalts_1#1$1
level_act34side_07_end.json,BP-7,歴史の中より来たる,act34side,31,……,avg_003_kalts_1#1$1
level_act34side_07_end.json,BP-7,歴史の中より来たる,act34side,43,執政官閣下。今はこのシーボーンの話を聞きましょう。,avg_003_kalts_1#3$1
level_act34side_07_end.json,BP-7,歴史の中より来たる,act34side,55,特殊な起源を持っていても、シーボーンは結局のところ、本能に突き動かされるばかりの非知的生命体でしかない。他方で、深海教会はシーボーンに妄想を押し付ける愚者の集まりに過ぎない。,avg_003_kalts_1#1$1
level_act34side_07_end.json,BP-7,歴史の中より来たる,act34side,56,だが、君の知ることはその二者に触れられる知識を遥かに超えている。一体どういうことだ？,avg_003_kalts_1#1$1
level_act34side_07_end.json,BP-7,歴史の中より来たる,act34side,60,質問を変えるべきか……,avg_003_kalts_1#14$1
level_act34side_07_end.json,BP-7,歴史の中より来たる,act34side,61,シーボーンはなぜ、今のような姿に進化した？　君と紺碧の樹の暴走の間には、どのような関係がある？,avg_003_kalts_1#14$1
level_act34side_07_end.json,BP-7,歴史の中より来たる,act34side,81,……続けてくれ。,avg_003_kalts_1#14$1
level_act34side_07_end.json,BP-7,歴史の中より来たる,act34side,99,巨獣が視界を共有したのか。君は何を見た？,
level_act34side_07_end.json,BP-7,歴史の中より来たる,act34side,101,それは……先史文明の滅亡か？,
level_act34side_07_end.json,BP-7,歴史の中より来たる,act34side,113,……その光景が示した危機は、かつてすべてを滅ぼした。具象化することもできなければ、現存する言語の中にそれを表現できる言葉もありはしない。,
level_act34side_07_end.json,BP-7,歴史の中より来たる,act34side,119,「混沌」「呟いていた」か……その巨獣は目覚めてはいなかったのか？,
level_act34side_07_end.json,BP-7,歴史の中より来たる,act34side,780,君の説明には多くの疑問点が存在する。,avg_003_kalts_1#14$1
level_act34side_07_end.json,BP-7,歴史の中より来たる,act34side,781,体内で独立した生態系を育む巨獣の特性を利用し、巨獣を生きた箱舟へと改造する――この技術の実現可能性は、タロスがすでに実証している。,avg_003_kalts_1#14$1
level_act34side_07_end.json,BP-7,歴史の中より来たる,act34side,782,プロジェクトに用いられる技術は成熟していたということだ。,avg_003_kalts_1#14$1
level_act34side_07_end.json,BP-7,歴史の中より来たる,act34side,783,そして、そのプロジェクトの置かれた複合施設はマントルの奥深くにあり、この星の心臓から汲み上げられるエネルギーは、施設が計り知れないほどの時間にわたって稼働するうえで支えとなる。,avg_003_kalts_1#14$1
level_act34side_07_end.json,BP-7,歴史の中より来たる,act34side,784,必要エネルギーは十分に確保できていたはずだ。,avg_003_kalts_1#14$1
level_act34side_07_end.json,BP-7,歴史の中より来たる,act34side,785,ならばなぜ深海の下のプロジェクトは、君が言う「停滞」に陥り、突如暴走し、凄まじい勢いでシーボーンを生み出したのか？,avg_003_kalts_1#14$1
level_act34side_07_end.json,BP-7,歴史の中より来たる,act34side,791,つまり、プロジェクトは当初の予定通りには進められず、それでいて新たな方向に進むことも中断したと？,avg_003_kalts_1#14$1
level_act34side_07_end.json,BP-7,歴史の中より来たる,act34side,798,基本的には、巨獣の体内で育った生命が巨獣の身体を離れることは難しい。しかしながら、シーボーンが巨獣の身体の外で見せている侵略性を思うに……,avg_003_kalts_1#1$1
level_act34side_07_end.json,BP-7,歴史の中より来たる,act34side,799,その巨獣たちが受けた改造は、これまでの認識を覆すもののようだな。,avg_003_kalts_1#1$1
level_act34side_07_end.json,BP-7,歴史の中より来たる,act34side,957,……,avg_003_kalts_1#1$1
level_act34side_08_beg.json,BP-8,「存続とは何か」,act34side,329,マルトゥスの選択が今の君を作り上げた以上、彼がそう決めた理由を理解しなければ、君という存在を理解することもできない。,avg_003_kalts_1#1$1
level_act34side_08_beg.json,BP-8,「存続とは何か」,act34side,351,……たとえ生涯をかけたとしても、君に正しい結論は得られまい。,avg_003_kalts_1#1$1
level_act34side_08_beg.json,BP-8,「存続とは何か」,act34side,352,君の持ちうる情報では、あらゆる可能性を演算するにはまるで足りないのでな。,avg_003_kalts_1#1$1
level_act34side_08_beg.json,BP-8,「存続とは何か」,act34side,411,私とドクターは、これまでに多くの存在と対面してきた。その中にはもはや人とは呼べないものもいたが、彼らは皆、類似した決意から困難な選択を下していた。,avg_003_kalts_1#1$1
level_act34side_08_beg.json,BP-8,「存続とは何か」,act34side,413,だが、君の決意だけは恐ろしい。,avg_003_kalts_1#6$1
level_act34side_08_beg.json,BP-8,「存続とは何か」,act34side,414,異種族の血肉を食らい、シーボーンと化す以前から、君は人間としての思考を放棄していた。,avg_003_kalts_1#6$1
level_act34side_08_beg.json,BP-8,「存続とは何か」,act34side,415,私に言わせれば、最後の瞬間君が捨て去った疑念や懸念、憂慮や足掻きこそ、最も得難いものだ……,avg_003_kalts_1#6$1
level_act34side_08_beg.json,BP-8,「存続とは何か」,act34side,424,シーボーンは、テラに生きるほかの命を飲み込んでいく――君はその事実を否定することもなければ、変えることもできない。だというのに、それをどう「希望」と見なせと言うのか？,avg_003_kalts_1#6$1
level_act34side_08_beg.json,BP-8,「存続とは何か」,act34side,432,違う。そのような破滅は、起こるべきではない。,avg_003_kalts_1#6$1
level_act34side_08_beg.json,BP-8,「存続とは何か」,act34side,433,紺碧の樹と同様、源石にも、ある時点において、誰にも知り得ぬ不可逆な変化が訪れ……それは君の言う破滅を導いてしまった。,avg_003_kalts_1#6$1
level_act34side_08_beg.json,BP-8,「存続とは何か」,act34side,434,それが起こってしまった以上は、止めるべきなのだ。,avg_003_kalts_1#6$1
level_act34side_08_beg.json,BP-8,「存続とは何か」,act34side,435,いずれにせよ、命を以て命を養うことも、破滅を以て破滅を積み重ねることも、生命の意義を否定することにほかならない。,avg_003_kalts_1#6$1
level_act34side_08_beg.json,BP-8,「存続とは何か」,act34side,464,……とある理由から、ドクターは当時の多くの出来事の記憶を失っている。,avg_003_kalts_1#5$1
level_act34side_08_beg.json,BP-8,「存続とは何か」,act34side,516,危機が迫っていることは事実であり、私にも答えられない問いや、未知の真相が数多く残っている。,avg_003_kalts_1#14$1
level_act34side_08_beg.json,BP-8,「存続とは何か」,act34side,517,しかし、だからと言って、生命は空虚な概念へと抽象化せざるを得ないというわけではない。それは、生命の持つ本来の意味を消し去ることにも等しい行いだ。,avg_003_kalts_1#14$1
level_act34side_08_beg.json,BP-8,「存続とは何か」,act34side,519,マルトゥス。君は私の持つこれを軟弱さと見なした。だが私は、これこそ悠久の「寿命」が与えた決意だと思っている。,avg_003_kalts_1#1$1
level_act34side_08_beg.json,BP-8,「存続とは何か」,act34side,525,シーボーンは排除すべき災厄にほかならない。,avg_003_kalts_1#2$1
level_act34side_08_beg.json,BP-8,「存続とは何か」,act34side,526,この点において、私とドクターの考えが変わることも、またロドスの考えが変わることもない。,avg_003_kalts_1#2$1
level_act34side_08_beg.json,BP-8,「存続とは何か」,act34side,528,……文明なくして、いかに存続を語るというのか？,avg_003_kalts_1#1$1
level_act34side_08_end.json,BP-8,「存続とは何か」,act34side,56,（小声）ドクター？,avg_003_kalts_1#3$1
level_act34side_08_end.json,BP-8,「存続とは何か」,act34side,64,ドクターにはまだ対処すべき仕事がありまして。,avg_003_kalts_1#1$1
level_act34side_08_end.json,BP-8,「存続とは何か」,act34side,80,グレイディーア。,avg_003_kalts_1#1$1
level_act34side_08_end.json,BP-8,「存続とは何か」,act34side,81,そちらは無事だったか？,avg_003_kalts_1#1$1
level_act34side_08_end.json,BP-8,「存続とは何か」,act34side,132,エーギルの目標達成能力に疑いの余地はありません。ですが、その手段については議論が必要なように思います。,
level_act34side_08_end.json,BP-8,「存続とは何か」,act34side,137,私も、エーギルが残された領土で目先の安逸に甘んじるような態度を捨てて、自ら陸への協力を申し出てくださったことを喜ばしく感じております。,
level_act34side_08_end.json,BP-8,「存続とは何か」,act34side,138,ですが残念ながら、私は陸上文明の代表者足り得ません。ただ、多くの人よりそれに詳しいというだけのことです。,
level_act34side_08_end.json,BP-8,「存続とは何か」,act34side,139,しかし、察するに今のエーギルに必要なのは、まさしく陸の文明への深い理解だと言えるでしょう。,
level_act34side_08_end.json,BP-8,「存続とは何か」,act34side,140,我々はいずれも、目の前の「航路」が、シーボーンに対抗するためだけのものではないことを知っています……エーギルは、この大地にある自然的でない存在すべてに目を向けているのでしょう。,
level_act34side_08_end.json,BP-8,「存続とは何か」,act34side,142,ならばご存知のはずです。陸上諸国にとって、こうした行為が何を意味するものなのかを。,
level_act34side_08_end.json,BP-8,「存続とは何か」,act34side,143,これではシーボーンに比してなお、あなたたちのほうが直接的な脅威となってしまいます。,
level_act34side_08_end.json,BP-8,「存続とは何か」,act34side,162,どのような形をお考えで？,avg_003_kalts_1#1$1
level_act34side_08_end.json,BP-8,「存続とは何か」,act34side,173,執政官閣下。私はエーギルの誠意を疑いはしませんが……恐らくあなたの提示された方法では、想定通りの効果は得られないものと存じます。,avg_003_kalts_1#1$1
level_act34side_08_end.json,BP-8,「存続とは何か」,act34side,174,確かにエーギルであれば、中核国家が千年かけて辿ってきた発展のプロセスを、わずか数年で完了できるようイェラグを導き、隣国と対等に対話できるだけの資本を与えることもできるでしょう。,avg_003_kalts_1#1$1
level_act34side_08_end.json,BP-8,「存続とは何か」,act34side,176,ですが、あなたは何を根拠に、その「対話」が平和や発展に主眼を置いたものになるとお考えなのですか？,avg_003_kalts_1#14$1
level_act34side_08_end.json,BP-8,「存続とは何か」,act34side,177,他方で、ウルサス国内の病が完治したとすれば、彼らは再び牙を剥き、全盛期の貪欲さを以て隣国から思うさま養分をむさぼるのではないでしょうか？,avg_003_kalts_1#14$1
level_act34side_08_end.json,BP-8,「存続とは何か」,act34side,178,ボリバルに乱立する政権にしても、エーギルの圧力の下で合意に達することはできるかもしれませんが、その意図的に作り出された深い憎しみをいかにして消し去るおつもりですか？,avg_003_kalts_1#14$1
level_act34side_08_end.json,BP-8,「存続とは何か」,act34side,182,私はただ、我々はより深く対等な協力関係を築けるはずだとご提案しているにすぎません。,avg_003_kalts_1#1$1
level_act34side_08_end.json,BP-8,「存続とは何か」,act34side,183,探査マシンの情報だけでは、一つの文明が求めるものを知ることなどかないません。そして既存の経験だけでは、一つの文明がその発展上避けては通れない道を、回避することはできません。,avg_003_kalts_1#1$1
level_act34side_08_end.json,BP-8,「存続とは何か」,act34side,184,行動を起こす前に、まずあなたは陸上文明への認識を改める必要があるのです。でなければ、あなたが陸に起こす波乱は彼らを「見捨てる」程度では済まない規模にまで発展するかもしれません。,avg_003_kalts_1#1$1
level_act34side_08_end.json,BP-8,「存続とは何か」,act34side,189,どうやら、我々の間にも、海と陸との間にも、まだまだ多くの交流が必要と見えますね。,avg_003_kalts_1#3$1
level_act34side_08_end.json,BP-8,「存続とは何か」,act34side,193,いずれその日は訪れましょう。,avg_003_kalts_1#3$1
level_act34side_st01.json,BP-ST-1,波を見守る者,act34side,143,エリジウムがこの海域に配備していた、情報収集装置を利用した。調整はすでに完了し、イベリアの眼の中央制御システムに接続されているのでな。,
level_act34side_st01.json,BP-ST-1,波を見守る者,act34side,152,一週間前、かの水中都市が特殊な周波数を通じ、イベリアに向け告げてきた。エーギル本つ域（もとついき）と陸地を結ぶ「航路」を拓く、と。,
level_act34side_st01.json,BP-ST-1,波を見守る者,act34side,153,しかし、この巨大な計画を前に、イベリア側には大灯台の測位システムを除けば、情報を入手する手段がほとんどない。,
level_act34side_st01.json,BP-ST-1,波を見守る者,act34side,154,言うまでもなく、総戦略設計士の一人である君も、この件については何も知らないだろう。,
level_act34side_st01.json,BP-ST-1,波を見守る者,act34side,171,シーボーンの環境同化速度が加速しているということか。,
level_act34side_st01.json,BP-ST-1,波を見守る者,act34side,180,それほどのことを成せるのは、エーギル正規軍の艦隊以外にないだろう。,
level_act34side_st01.json,BP-ST-1,波を見守る者,act34side,187,果てしない海に隔てられていようとも、エーギルがテラの一部であることに変わりはないのでな。,
level_act34side_st01.json,BP-ST-1,波を見守る者,act34side,194,それは紛れもなく、危険な決定だと言えるだろう。,
level_act34side_st01.json,BP-ST-1,波を見守る者,act34side,209,それは君たちがエーギルへと帰還する十分な理由にはなり得ない。そもそも、初めに君たちを思いとどまらせたのは私ではなく、君たちのかつての僚友だ。,
level_act34side_st01.json,BP-ST-1,波を見守る者,act34side,222,理解はできる。,
level_act34side_st01.json,BP-ST-1,波を見守る者,act34side,223,ならば私も同行しよう、グレイディーア。,
level_act34side_st01.json,BP-ST-1,波を見守る者,act34side,228,この旅は私個人として、あるいはロドスを代表してというだけのものではない。,
level_act34side_st01.json,BP-ST-1,波を見守る者,act34side,232,これは私自身が選んだことでもある。,
level_act34side_st01.json,BP-ST-1,波を見守る者,act34side,233,我々の協力関係が依然、始まったばかりであるように、ロドスとイベリア裁判所の協力も芽吹いて間もないものだ。,
level_act34side_st03.json,BP-ST-3,道違える者と同行者,act34side,229,……「エーギルのもとに」、か。,avg_003_kalts_1#14$1
level_act34side_st03.json,BP-ST-3,道違える者と同行者,act34side,234,子供、ですか。,avg_003_kalts_1#14$1
level_act34side_st03.json,BP-ST-3,道違える者と同行者,act34side,235,この短い通信の中には、陸の人々が何代にもわたって命を懸けても得られなかった知識が含まれています。フェーンホットランドやインフィ氷原の地理データ、果てにはさらに北方の資料映像まで。,avg_003_kalts_1#14$1
level_act34side_st03.json,BP-ST-3,道違える者と同行者,act34side,236,これも「誠意を示す」方法なのですか？,avg_003_kalts_1#14$1
level_act34side_st03.json,BP-ST-3,道違える者と同行者,act34side,241,私が案じているのは――,avg_003_kalts_1#4$1
level_act34side_st03.json,BP-ST-3,道違える者と同行者,act34side,256,いえ。まずは目の前の状況に集中すべきかもしれませんね。,avg_003_kalts_1#5$1
level_act34side_st03.json,BP-ST-3,道違える者と同行者,act34side,257,クレメンティア執政官、あなたの見立てでは、ミリアリウムはあとどれだけ持ちこたえられますか？,avg_003_kalts_1#5$1
level_act34side_st03.json,BP-ST-3,道違える者と同行者,act34side,263,エーギル本つ域からの増援は、どのくらいで到着する予定ですか？,avg_003_kalts_1#5$1
level_act34side_st03.json,BP-ST-3,道違える者と同行者,act34side,269,一週間……相当に速いですね。,avg_003_kalts_1#2$1
level_act34side_st03.json,BP-ST-3,道違える者と同行者,act34side,277,ということは、スカジの事情についてはご存知なのですね。,avg_003_kalts_1#1$1
level_act34side_st03.json,BP-ST-3,道違える者と同行者,act34side,289,スカジは自らの血脈と向き合うこととなり、ドクターもまた己の責務を果たすことになるのでしょうが、それは誰かが「計画」したものではなく、二人が自分自身で選んだことでなければなりません。,avg_003_kalts_1#1$1
level_act34side_st03.json,BP-ST-3,道違える者と同行者,act34side,291,私は、エーギルが二人の正体を知ったことで、すぐさまそれを利用する計画を企てたのではないかと懸念しているのです。,avg_003_kalts_1#5$1
level_act34side_st03.json,BP-ST-3,道違える者と同行者,act34side,295,あなたは何とお答えに？,avg_003_kalts_1#5$1
level_act34side_st03.json,BP-ST-3,道違える者と同行者,act34side,302,彼女に隠し事をすると決めたからには、あなたにはご自身の考えがおありなのでしょう。,avg_003_kalts_1#1$1
level_act34side_st03.json,BP-ST-3,道違える者と同行者,act34side,306,私とドクターも……エーギル本つ域を訪問し、我々の手ですべての謎を暴きたいと考えております。,avg_003_kalts_1#1$1
level_act34side_st03.json,BP-ST-3,道違える者と同行者,act34side,308,その時には、恐らくエーギルの案内人が一人必要になるでしょう。,avg_003_kalts_1#11$1
level_act36side_08_end.json,DT-8,ロドス大食堂,act36side,308,……,avg_003_kalts_1#6$1
level_act36side_08_end.json,DT-8,ロドス大食堂,act36side,608,……,
level_act3d0_ex06_end.json,OF-EX6,完璧なる幕引き,act3d0,10,  ここ最近、確かに何人かエーギルの客人が来たが――,char_003_kalts_1
level_act3d0_ex06_end.json,OF-EX6,完璧なる幕引き,act3d0,11,  お前も同じエーギル人のようだが、来訪者のリストにお前の名前はない。もてなしてやれるかは、お前次第だな。,char_003_kalts_1
level_act3d0_ex06_end.json,OF-EX6,完璧なる幕引き,act3d0,16,  ここ数日シエスタにいる者なら、お前の名前を知らない者はいないだろう。,char_003_kalts_1
level_act3d0_ex06_end.json,OF-EX6,完璧なる幕引き,act3d0,17,  私自身はシエスタに行っていないが、お前のことはかねがね噂に聞いている。AUSのベーシストAltyだな。警告する。ロドスは好き勝手に入っていい場所じゃない。,char_003_kalts_1
level_act3d0_ex06_end.json,OF-EX6,完璧なる幕引き,act3d0,21,  ――ではそこに座るといい。,char_003_kalts_1
level_act3d0_ex06_end.json,OF-EX6,完璧なる幕引き,act3d0,26,  言葉で取り繕ったところでお前の実力が隠せるわけじゃない。だが安心していい、そんなことは端から心配していない。こいつは重要な客人にしか道を開かないからな。,char_003_kalts_1
level_act3d0_ex06_end.json,OF-EX6,完璧なる幕引き,act3d0,27,  だが、お前のようなスーパースターがどうしてこんな狭い病室なんかに興味を持った？,char_003_kalts_1
level_act3d0_ex06_end.json,OF-EX6,完璧なる幕引き,act3d0,28,  もしエーギルの友人と思い出話をしに来たのだったら、部屋を間違えているぞ。,char_003_kalts_1
level_act3d0_ex06_end.json,OF-EX6,完璧なる幕引き,act3d0,33,  すまないが、お前のことは知らない。それに私は動物園の見世物でもない。,char_003_kalts_1#2
level_act3d0_ex06_end.json,OF-EX6,完璧なる幕引き,act3d0,37,  お前の知人がいかに奇妙な冒険譚を語ろうと、私は興味ない……,char_003_kalts_1
level_act3d0_ex06_end.json,OF-EX6,完璧なる幕引き,act3d0,41,  ……あるいは私の全く別の一面に関することか？　面倒な探り合いはせずに単刀直入に言えばいい。,char_003_kalts_1
level_act3d0_ex06_end.json,OF-EX6,完璧なる幕引き,act3d0,47,  私は特に大したことはしていないが。,char_003_kalts_1
level_act3d0_ex06_end.json,OF-EX6,完璧なる幕引き,act3d0,51,  ……,char_003_kalts_1#3
level_act3d0_ex06_end.json,OF-EX6,完璧なる幕引き,act3d0,56,  私は彼らが自滅しないようにしているだけだ。,char_003_kalts_1#3
level_act3d0_ex06_end.json,OF-EX6,完璧なる幕引き,act3d0,61,  言ってみろ。,char_003_kalts_1
level_act3d0_ex06_end.json,OF-EX6,完璧なる幕引き,act3d0,68,   Mon3tr、動くな！,char_003_kalts_1#2
level_act3d0_ex06_end.json,OF-EX6,完璧なる幕引き,act3d0,70,  未熟だな。お前。,char_003_kalts_1#2
level_act3d0_ex06_end.json,OF-EX6,完璧なる幕引き,act3d0,74,  アビサルハンターたちは、やるべきことをやっているだけだ。,char_003_kalts_1#2
level_act3d0_ex06_end.json,OF-EX6,完璧なる幕引き,act3d0,81,  その友人のことは、いずれ直接会ったときにでも紹介してくれればいい。,char_003_kalts_1
level_act3d0_ex06_end.json,OF-EX6,完璧なる幕引き,act3d0,86,  お前自身が握っている真実が私より浅いとも思えないが。,char_003_kalts_1
level_act3d0_ex06_end.json,OF-EX6,完璧なる幕引き,act3d0,90,  ………,char_003_kalts_1
level_act3d0_ex06_end.json,OF-EX6,完璧なる幕引き,act3d0,95,  大海について知識がある者は、ほとんどいない。,char_003_kalts_1
level_act3d0_ex06_end.json,OF-EX6,完璧なる幕引き,act3d0,101,  また情報か？,char_003_kalts_1
level_act3d0_ex06_end.json,OF-EX6,完璧なる幕引き,act3d0,107,  同じくエーギル人だ、アビサルハンターのな。,char_003_kalts_1
level_act3d0_ex06_end.json,OF-EX6,完璧なる幕引き,act3d0,111,  ああ、そうかも知れないな。どうしてお前が私に会いに来たかも理解できる。,char_003_kalts_1
level_act3d0_ex06_end.json,OF-EX6,完璧なる幕引き,act3d0,112,  永き刻を生き、故事が増えるほど、傷も疼き、平常ではいられなくなる。,char_003_kalts_1
level_act3d0_ex06_end.json,OF-EX6,完璧なる幕引き,act3d0,121,  私もただの機械のようになれれば良いのだがな。,char_003_kalts_1
level_act3d0_ex06_end.json,OF-EX6,完璧なる幕引き,act3d0,125,  それに答えるつもりはない。,char_003_kalts_1
level_act3d0_ex06_end.json,OF-EX6,完璧なる幕引き,act3d0,129,  言ってみろ、若きスーパースター。,char_003_kalts_1
level_act3d0_ex06_end.json,OF-EX6,完璧なる幕引き,act3d0,138,  それは情報と呼べるほどのものではないな。,char_003_kalts_1
level_act3d0_ex06_end.json,OF-EX6,完璧なる幕引き,act3d0,142,  ――,char_003_kalts_1
level_act3d0_st01.json,OF-ST1,ROCK'N'ROLL,act3d0,107,   ……私は特に興味はない。君たちだけで行ってくればいい。,char_003_kalts_1
level_act3d0_st01.json,OF-ST1,ROCK'N'ROLL,act3d0,111,   いや待て。傷が癒えてないだろう。許可はできん。,char_003_kalts_1
level_act42side_st04.json,MT-ST-4,遠出,act42side,299,もしも決して見たくない状況が本当に発生したら、会いたくないあの人が再び我々の前に立ったら――,
level_act42side_st04.json,MT-ST-4,遠出,act42side,300,ドクターを、アーミヤを守るんだ。,
level_act42side_st04.json,MT-ST-4,遠出,act42side,301,私はこの指令を、君の基本的な行動ポリシーに刻み込むだけだ。,
level_act4d0_st07.json,,和光同塵,act4d0,13, 今回は何をするつもりだ？,char_003_kalts_1
level_act4d0_st07.json,,和光同塵,act4d0,20, しばらく{@nickname}にちょっかいを出していなかったから、手が疼くのか？,char_003_kalts_1
level_act4d0_st07.json,,和光同塵,act4d0,24, 前回そうやって他人を心配した結果が、三ヶ月間毎日0時になると自動的に「クロージャ真夜中テレビ購買部」が流れる船室だったわけだが。,char_003_kalts_1
level_act4d0_st07.json,,和光同塵,act4d0,28, しかも音量調整できない始末だ。,char_003_kalts_1
level_act4d0_st07.json,,和光同塵,act4d0,32, だが、今のDr.{@nickname}は記憶を失っている。君の事を覚えているかすら不明だ。,char_003_kalts_1
level_act4d0_st07.json,,和光同塵,act4d0,36, 好きにしろ。だが、これ以上Dr.{@nickname}に悪い印象を与えないようにしてくれ。,char_003_kalts_1
level_act4d0_st07.json,,和光同塵,act4d0,37, ワルファリンだけでもう散々なんだ。これ以上{@nickname}がブラッドブルードに対して悪い印象を抱けば、カズデルの件は永遠に収束しないだろう。,char_003_kalts_1
level_act4d0_st07.json,,和光同塵,act4d0,38, これは君の悪い印象を正す機会でもある。うまくやることだ。,char_003_kalts_1
level_act4d0_st07.json,,和光同塵,act4d0,42, 中央空調36℃事件の後からは、そうだろうな。,char_003_kalts_1
level_act4d0_st07.json,,和光同塵,act4d0,46, 操作パネルに君の指紋が残っていた。,char_003_kalts_1
level_act4d0_st07.json,,和光同塵,act4d0,50, モニターをブラックアウトし、映像も削除しておいてか？　操作パネルには生体バックアップシステムが搭載されているんだ。広範囲な時刻で組織サンプルが13個も記録されているぞ。,char_003_kalts_1
level_act4d0_st07.json,,和光同塵,act4d0,54, ……,char_003_kalts_1
level_act4d0_st07.json,,和光同塵,act4d0,58, やめておこう。今は非常事態だ。,char_003_kalts_1
level_act4d0_st07.json,,和光同塵,act4d0,62, 君はこれまでもDr.{@nickname}のことをそんな風に考えていたのか？,char_003_kalts_1
level_act4d0_st07.json,,和光同塵,act4d0,66, クロージャ、もうこの話はここまでだ。,char_003_kalts_1
level_act4d0_st07.json,,和光同塵,act4d0,71, ああ。,char_003_kalts_1
level_act4d0_st07.json,,和光同塵,act4d0,75, 龍門は既に相当危険な状態にある。,char_003_kalts_1
level_act4d0_st07.json,,和光同塵,act4d0,79, チェルノボーグから一番近い都市が龍門だ、それ以上は言う必要もないだろう。,char_003_kalts_1
level_act4d0_st07.json,,和光同塵,act4d0,83, チェルノボーグから一番近い都市が龍門だからだ。,char_003_kalts_1
level_act4d0_st07.json,,和光同塵,act4d0,87, いや、前回の会議で全て報告したぞ。だがあの時、君はアイマスクを付けて椅子で寝ていたがな。,char_003_kalts_1
level_act4d0_st07.json,,和光同塵,act4d0,91, 責めているわけじゃない。君の努力がなければ、ロドスは動くこともできないからな。,char_003_kalts_1
level_act4d0_st07.json,,和光同塵,act4d0,92, だが君の奇想天外な考えは修正させてもらうぞ……それより私をここに呼んだのは何故だ？,char_003_kalts_1
level_act4d0_st07.json,,和光同塵,act4d0,96, そうか、では私は実験室に戻る。,char_003_kalts_1
level_act4d0_st07.json,,和光同塵,act4d0,101, エンジニアを呼べば良いだろう。また配電系統に問題が出たのか？,char_003_kalts_1
level_act4d0_st07.json,,和光同塵,act4d0,105, 普段君に検査をお願いしても、他のオペレーターに任せていただろうに。,char_003_kalts_1
level_act4d0_st07.json,,和光同塵,act4d0,127, 彼女はヘビーレインという。,char_003_kalts_1
level_act4d0_st07.json,,和光同塵,act4d0,135, フンッ。,char_003_kalts_1
level_act4d0_st07.json,,和光同塵,act4d0,137, ヘビーレイン、生体情報ロガーを見せてもらえるか。,char_003_kalts_1
level_act4d0_st07.json,,和光同塵,act4d0,141, ああ。気をつけて、針が外れないようにな。,char_003_kalts_1
level_act4d0_st07.json,,和光同塵,act4d0,145, ……数値は正常。よし、ヘモグロビンも回復した。良くなってきているぞ。,char_003_kalts_1
level_act4d0_st07.json,,和光同塵,act4d0,149, 礼はいい、これは私の職責、私の仕事だ。職責を果たしただけの者に感謝などしなくていい。,char_003_kalts_1
level_act4d0_st07.json,,和光同塵,act4d0,150, ヘビーレイン、帰り道は分かるか？,char_003_kalts_1
level_act4d0_st07.json,,和光同塵,act4d0,154, では戻っていてくれ。私とクロージャには少しやることがある。,char_003_kalts_1
level_act4d0_st07.json,,和光同塵,act4d0,158, 何か勘違いをしているな、ヘビーレイン。,char_003_kalts_1
level_act4d0_st07.json,,和光同塵,act4d0,159, 私が君を連れ回していたのは、艦内の環境に慣れてもらうためだ。これからは君にもここまで出て来てもらうことが増えるかもしれない。,char_003_kalts_1
level_act4d0_st07.json,,和光同塵,act4d0,160, そして、私に護衛はいらない。,char_003_kalts_1
level_act4d0_st07.json,,和光同塵,act4d0,179, オペレーターたちには、自身に合った持ち場を見つけてもらわなければならない。得意でもないことを無理やり任せ、徒らに時間を浪費するのは、指示した私が無能であると言うようなものだ。,char_003_kalts_1
level_act4d0_st07.json,,和光同塵,act4d0,183, ヘビーレインはかつてサルゴンの従軍要員だった。,char_003_kalts_1
level_act4d0_st07.json,,和光同塵,act4d0,184, 彼女が人間関係を築く前に、まずは彼女自身に自らの立ち位置を自覚させなければいけない。彼女がロドスに溶け込むには、周りの肯定と包容以外に、彼女自身が十分な自己認識を持つ必要がある。,char_003_kalts_1
level_act4d0_st07.json,,和光同塵,act4d0,198, これは「感染者の人材収容と発掘プログラム」の一環だ。,char_003_kalts_1
level_act4d0_st07.json,,和光同塵,act4d0,202, 確かにそうだが。,char_003_kalts_1
level_act4d0_st07.json,,和光同塵,act4d0,206, 問題ない。少なくともあの子は順調に回復している。,char_003_kalts_1
level_act4d0_st07.json,,和光同塵,act4d0,210, それについての回答は拒否する。,char_003_kalts_1
level_act4d0_st07.json,,和光同塵,act4d0,214, これ言う必要がどこにある？,char_003_kalts_1
level_act4d0_st07.json,,和光同塵,act4d0,218, 私は耐えられる。,char_003_kalts_1
level_act4d0_st07.json,,和光同塵,act4d0,229, 暗くて見えないのか？,char_003_kalts_1
level_act4d0_st07.json,,和光同塵,act4d0,233, 私も見える。,char_003_kalts_1
level_act4d0_st07.json,,和光同塵,act4d0,240, そんなに騒ぐな……,char_003_kalts_1
level_act4d0_st07.json,,和光同塵,act4d0,245, おい、クロージャ！,char_003_kalts_1
level_act4d0_st07.json,,和光同塵,act4d0,256, どうした？,
level_act4d0_st07.json,,和光同塵,act4d0,258, わかった。,
level_act4d0_st07.json,,和光同塵,act4d0,261, わざわざあの時期を選んでチェルノボーグに入り込むのは、賢明とは言えないな。,
level_act4d0_st07.json,,和光同塵,act4d0,263, アーミヤが決めたことだ。しかも確固たる意志でだ。ああなったらテコでも動かないさ。それに、エリートオペレーターたちの傾向は君もよく分かっているだろう。,
level_act4d0_st07.json,,和光同塵,act4d0,266, テスト？　いや、これはテストなんかじゃない。あるいは、そうだとしても、私がテストを課しているのではなく、直面している状況が彼女を試しているのさ。,
level_act4d0_st07.json,,和光同塵,act4d0,267, それが彼女の本心の選択なら、私はそれを支持するだけだ……何もかも手助けできるわけではないが、できる限りスムーズに事を進めてやりたい。,
level_act4d0_st07.json,,和光同塵,act4d0,268, これはあくまで、彼女自身の選択だからな。,
level_act4d0_st07.json,,和光同塵,act4d0,270, 初めから何もかも上手くできる者などいないだろう。クロージャ、私だってそうさ。,
level_act4d0_st07.json,,和光同塵,act4d0,271, 少なくとも我々は真夜中を越えることができた。あとは太陽が昇るまで生きるだけだ。,
level_act4d0_st07.json,,和光同塵,act4d0,272, それと、君の頭上に二本目の電線が落ちそうになっているぞ。,
level_act4d0_st07.json,,和光同塵,act4d0,275, そんな風に電線を二束もコネクタの裏に挿すものなのか？,
level_act4d0_st07.json,,和光同塵,act4d0,277, 自分で言っていることの意味、分かっているのか？,
level_act4d0_st07.json,,和光同塵,act4d0,280, だからいま照明を直しているんだろう？,
level_act4d0_st07.json,,和光同塵,act4d0,291, クロージャ。,char_003_kalts_1
level_act4d0_st07.json,,和光同塵,act4d0,292, どうして今日は……こう…あれこれ不思議なことを聞くんだ？,char_003_kalts_1
level_act4d0_st07.json,,和光同塵,act4d0,297, つまり私がなんと答えようと関係なかったということか？,char_003_kalts_1
level_act4d0_st07.json,,和光同塵,act4d0,302, そんなもの時間の無駄だ。,char_003_kalts_1
level_act4d0_st07.json,,和光同塵,act4d0,303, 次はもう少しわかりやすく言え、直接報告書を送ってやる。,char_003_kalts_1
level_act4d0_st07.json,,和光同塵,act4d0,307, 誰が私は来ないと言った？,char_003_kalts_1
level_act4d0_st07.json,,和光同塵,act4d0,308, 来るさ。まだ直すべき照明があるのならな。,char_003_kalts_1
level_act4d0_st07.json,,和光同塵,act4d0,312, いつもこうだな。君と話していると不思議な約束事が増えていく。,char_003_kalts_1
level_act4d0_st07.json,,和光同塵,act4d0,317, これなら十分な照度……だな？,char_003_kalts_1
level_act4d0_st07.json,,和光同塵,act4d0,321, ……,char_003_kalts_1
level_act4d0_st07.json,,和光同塵,act4d0,322, 君の在り方がそのままである限り、私は安心していられるな。,char_003_kalts_1
level_act4d0_st07.json,,和光同塵,act4d0,323, そして、たとえ私が……,char_003_kalts_1
level_act4d0_st07.json,,和光同塵,act4d0,328, ……,char_003_kalts_1
level_act4d0_st07.json,,和光同塵,act4d0,329, ああ、本当に暖かな光だな。,char_003_kalts_1
level_act8mini_st02.json,,その全てを忘れず,act8mini,13,もう電極パッドを外しても構わない。,char_003_kalts_1#1
level_act8mini_st02.json,,その全てを忘れず,act8mini,18,検査の結果に、新たな進展はなかった。,char_003_kalts_1#3
level_act8mini_st02.json,,その全てを忘れず,act8mini,21,少し休めば、いずれの症状も落ち着くことだろう。,char_003_kalts_1#3
level_act8mini_st02.json,,その全てを忘れず,act8mini,23,Dr.{@nickname}。この一ヶ月余りで、君の脳を七回スキャンしたが……結果は毎回大差がない。,char_003_kalts_1#3
level_act8mini_st02.json,,その全てを忘れず,act8mini,24,内側側頭葉には全く問題がなく、脳内の他の領域におけるニューロンも若者と比べても遜色ない状態……,char_003_kalts_1#3
level_act8mini_st02.json,,その全てを忘れず,act8mini,26,つまり、私の判断によれば……君はもうこのように頻繁に医療室を訪れ、不快感を伴う検査を受ける必要はないということだ。,char_003_kalts_1#1
level_act8mini_st02.json,,その全てを忘れず,act8mini,30,確かに、君が多くの記憶を失っているということは疑いようがない事実だ――いくら君でも、すべての検査結果を偽装することなど不可能だからな。,
level_act8mini_st02.json,,その全てを忘れず,act8mini,31,君が失っているのは、いわゆるエピソード記憶と呼ばれるものだ。君自身の身元に関する主観的な認識、そして、チェルノボーグの石棺で眠りにつくより前に経験したすべてが欠落している。,
level_act8mini_st02.json,,その全てを忘れず,act8mini,32,しかし、それとは対照的に……いわゆる手続き記憶の回復は極めて早い。,
level_act8mini_st02.json,,その全てを忘れず,act8mini,33,アーミヤやドーベルマンの報告、そして私自身の目で見ても、その結果は明白だ。,
level_act8mini_st02.json,,その全てを忘れず,act8mini,34,君がチェルノボーグで見せた戦場における指揮能力は、以前と遜色ないものだった。,
level_act8mini_st02.json,,その全てを忘れず,act8mini,38,記憶障害を引き起こす要因は多種多様だ。不可抗力といえるケースもあれば、主観的要因によるケースも存在する。,
level_act8mini_st02.json,,その全てを忘れず,act8mini,39,医学的検査手段を用いたところで、できることはせいぜい、原因の候補から器質的病変を除外するくらいのものだ。,
level_act8mini_st02.json,,その全てを忘れず,act8mini,41,君は、以前に比べ沈黙を選ぶことがはるかに多くなった。,
level_act8mini_st02.json,,その全てを忘れず,act8mini,42,君の言語中枢に損傷がないことを考慮すると、エピソード記憶の欠陥が君の性格に変化を引き起こしたと推測する他あるまい。,
level_act8mini_st02.json,,その全てを忘れず,act8mini,44,ロドスにとって、君の存在意義は「役に立つ」などという小さなものには留まらない。,
level_act8mini_st02.json,,その全てを忘れず,act8mini,45,仮に君が本当にすべての記憶を失い、無知な一般人になったとしても……アーミヤは君を救ったことを後悔しないだろうし、ロドスにはいつまでも君の居場所があるだろう。,
level_act8mini_st02.json,,その全てを忘れず,act8mini,47,いずれにせよ私は、過去そうであったように……君の持つ能力が重要な役割を果たすことを信じている。,
level_act8mini_st02.json,,その全てを忘れず,act8mini,51,……分かっているさ。,
level_act8mini_st02.json,,その全てを忘れず,act8mini,52,それに、私も君の努力は目にしている。,
level_act8mini_st02.json,,その全てを忘れず,act8mini,53,龍門を後にして以来、我々はここしばらく荒野を進み続けている。オペレーターたちには休養が必要だ。そうすれば、アーミヤも適度な休息を取ることができるだろうしな。,
level_act8mini_st02.json,,その全てを忘れず,act8mini,55,そして君もまた、彼らと同様に一息つく必要がある。違うか？,char_003_kalts_1#4
level_act8mini_st02.json,,その全てを忘れず,act8mini,60,PRTSが君の補助を行う。じきにロドスでの仕事にも慣れることだろう。,char_003_kalts_1#1
level_act8mini_st02.json,,その全てを忘れず,act8mini,61,だが、あまり無理はするなよ。,char_003_kalts_1#1
level_act8mini_st02.json,,その全てを忘れず,act8mini,62,巨大な災難から辛うじて帰還したのは、ロドスだけではない。君もまたそうなのだ、Dr.{@nickname}。,char_003_kalts_1#1
level_act8mini_st02.json,,その全てを忘れず,act8mini,63,君の身体は概ね正常通りに回復しているが、その記憶はまだ損傷している状態だ。精神状態も、安定しているとは言い難い。,char_003_kalts_1#1
level_act8mini_st02.json,,その全てを忘れず,act8mini,65,過労は君の健康を害するぞ。一人の患者として覚えておいてくれ。,char_003_kalts_1#2
level_act8mini_st02.json,,その全てを忘れず,act8mini,70,私か？　気遣いには感謝する。,char_003_kalts_1#3
level_act8mini_st02.json,,その全てを忘れず,act8mini,72,鉱石病に慣れたとは到底言えないが……私の心配は一番最後で構わない、ということだけは保証しておこう。,char_003_kalts_1#1
level_act8mini_st02.json,,その全てを忘れず,act8mini,74,君が彼女を心配していることくらい、彼女自身も知っているさ。最近のアーミヤは、以前より自分の身体に気を配るようになったからな。,char_003_kalts_1#1
level_act8mini_st02.json,,その全てを忘れず,act8mini,75,しかし、私から伝えるより君から言ってもらう方が、内容によっては効果的であることは認めざるを得ない。,char_003_kalts_1#1
level_act8mini_st02.json,,その全てを忘れず,act8mini,77,Dr.{@nickname}。君はたった一ヶ月の間に、艦内各部門の人員配置業務を引き継いだ。,char_003_kalts_1#1
level_act8mini_st02.json,,その全てを忘れず,act8mini,78,それだけでなく、オペレーターと共に過去の戦闘を振り返り、更なる戦術最適化の可能性を探る君の姿も、しばしば目にしている。,char_003_kalts_1#1
level_act8mini_st02.json,,その全てを忘れず,act8mini,79,ついさっき……検査を受けていた時でさえ、何かを読んでいたな。あれは数日前加入したばかりのオペレーターが書いた日報だろう？,char_003_kalts_1#1
level_act8mini_st02.json,,その全てを忘れず,act8mini,81,加えて、私は君のノートも確認した。,char_003_kalts_1#3
level_act8mini_st02.json,,その全てを忘れず,act8mini,82,オペレーターたちに関する非常に詳細な記録、戦術考案中に偶然ひらめいたであろうアイデア……,char_003_kalts_1#3
level_act8mini_st02.json,,その全てを忘れず,act8mini,83,そしてロドスの業務効率に関する計算式、更には私にすら理解不能の落書き。これらはすべて、君が仕事に打ち込んでいることを立証している。,char_003_kalts_1#3
level_act8mini_st02.json,,その全てを忘れず,act8mini,84,そのほとんどがPRTS頼りでも終わらせられる仕事だが……これが君にとって好ましいやり方なのだろう。,char_003_kalts_1#3
level_act8mini_st02.json,,その全てを忘れず,act8mini,88,ノートの厚みが増すほどに君の思考も進歩する、というわけか。,
level_act8mini_st02.json,,その全てを忘れず,act8mini,90,PRTSはただのツールにすぎない。それに依存せず仕事を進めるのは、いい習慣と言えるだろう。,
level_act8mini_st02.json,,その全てを忘れず,act8mini,92,あれは愚痴だったのか？　まあ、「褒め言葉」として受け取るとしよう。,
level_act8mini_st02.json,,その全てを忘れず,act8mini,94,とにかく、君の持つ能力はそれぞれが急速に回復しつつある。これは君の手続き記憶が残っているからだけではなく、君自身が並外れた努力をしているからこそだ。,
level_act8mini_st02.json,,その全てを忘れず,act8mini,95,意識的に鍛錬を行うことは、君の脳を石棺で眠りにつく以前の状態へといち早く回復させるための助けになるだろう。私の予想よりも早く回復する可能性も十分にある。,
level_act8mini_st02.json,,その全てを忘れず,act8mini,99,私は君の担当医だ。患者の早期回復を望まない医者などいないさ。,
level_act8mini_st02.json,,その全てを忘れず,act8mini,100,ただ、もし君が過労で倒れでもしたら、アーミヤの状態にも影響が及ぶことは留意しておくように。,
level_act8mini_st02.json,,その全てを忘れず,act8mini,105,時折見せるその感情表現は、過去の君とは随分異なっているな。非常に興味深いことではあるが、私に向ける必要はない。,char_003_kalts_1#3
level_act8mini_st02.json,,その全てを忘れず,act8mini,106,何度も言ってきたように、君の心身の健康を確保することは私の職責の一つなのだ。,char_003_kalts_1#3
level_act8mini_st02.json,,その全てを忘れず,act8mini,108,故に……そうだな。たとえ戦場ではなく、この場においても、私は君を気にかけていると覚えておいてくれ。,char_003_kalts_1#4
level_act8mini_st02.json,,その全てを忘れず,act8mini,113,では、今日の検査はこれで終了だ。,char_003_kalts_1#2
level_act8mini_st02.json,,その全てを忘れず,act8mini,115,先ほども述べた通り、来週のこの時間は、ここに来る必要はない。,char_003_kalts_1#3
level_act8mini_st02.json,,その全てを忘れず,act8mini,116,だが、毎日朝と夜に行っている定期検査はしばらく継続する。そしてこれからは、私ではなくLancet-2が検査担当となる。,char_003_kalts_1#3
level_act8mini_st02.json,,その全てを忘れず,act8mini,117,それと……もし現在の健康状態では職務続行が不可能と判断された時は、ただちに医療室に戻って来るように。,char_003_kalts_1#3
level_act8mini_st02.json,,その全てを忘れず,act8mini,118,では、ドクター。仕事に戻って構わないぞ。,char_003_kalts_1#3
level_act8mini_st02.json,,その全てを忘れず,act8mini,594,よくやった、ドクター。,char_003_kalts_1#3
level_act8mini_st02.json,,その全てを忘れず,act8mini,598,源石の自己複製速度とエネルギー増加の関係――この知識を応用し……風災の軌道を計算する。,
level_act8mini_st02.json,,その全てを忘れず,act8mini,599,君は過去にも今回と似た能力を披露したことがある。それにより、災害が当時の同僚にもたらす損害を低下させたのだ。以来、一部の者は君を天災専門家と呼ぶようになった。,
level_act8mini_st02.json,,その全てを忘れず,act8mini,600,だが今ここにいるのは、君と私の二人だけだ。我々は、君の専門分野が本来何であるかを知っている。,
level_act8mini_st02.json,,その全てを忘れず,act8mini,604,あの公式を……君はまだ覚えていた。,
level_act8mini_st02.json,,その全てを忘れず,act8mini,608,あれはかつて……君が自ら作り上げた公式だ。,
level_act8mini_st02.json,,その全てを忘れず,act8mini,609,君はこの一ヶ月で源石と天災に関する多くの資料を収集していた。また君のノートには大量の計算式も残されている。,
level_act8mini_st02.json,,その全てを忘れず,act8mini,610,これは推測だが……危機が訪れたことにより、君の脳が深層にある記憶を引き出したのかもしれない。あるいは、君が自分で書き残した知識の中に、再びそれを見出したのかもしれないが……,
level_act8mini_st02.json,,その全てを忘れず,act8mini,611,この公式を思い出すことができた以上、君にはまだ源石の本質に関する基本的な認識が確かに残っているのだろう。,
level_act8mini_st02.json,,その全てを忘れず,act8mini,612,言い換えれば――君は決して、源石研究者たる自分自身まで忘れてはいないということだ。,
level_act8mini_st02.json,,その全てを忘れず,act8mini,616,君は源石研究を己が使命と見なしているようだが、我々の行動は使命のみによって束縛されるべきではない。,
level_act8mini_st02.json,,その全てを忘れず,act8mini,617,Dr.{@nickname}。君をそれほどまでの強い意志で突き動かすものは……源石研究へと打ち込ませるものは一体何だ？,
level_act8mini_st02.json,,その全てを忘れず,act8mini,621,過去にも一度、同じ問いを投げかけたことがある。,
level_act8mini_st02.json,,その全てを忘れず,act8mini,622,しかし、その時の答えは、今日君が口にした言葉とは似て非なるものだった。,
level_act8mini_st02.json,,その全てを忘れず,act8mini,623,……そしてその答えを口にした者は、未知の真理に対する本能的な渇望を持っており、一方で命を救うためなら危険を顧みない一面もあった。,
level_act8mini_st02.json,,その全てを忘れず,act8mini,624,救いは時に破壊をも意味する――これは、その人物が私に告げた言葉だ。,
level_act8mini_st02.json,,その全てを忘れず,act8mini,625,……ドクター。その答えは、今も君の頭の奥深くに残っているのだろうか？,
level_act8mini_st02.json,,その全てを忘れず,act8mini,629,アーミヤが言うには、今日君がブリッジで見せた活躍は、まるで本当の「予言者」のようだったそうだな。,
level_act8mini_st02.json,,その全てを忘れず,act8mini,633,Dr.{@nickname}。私はな、科学は信じるべきものだと考えている。,
level_act8mini_st02.json,,その全てを忘れず,act8mini,634,初めて君の脳検査の結果が出た時、私はまず、検査過程でのエラーを疑った。だから二回、三回……さらには七回の検査を行うに至ったのだ。,
level_act8mini_st02.json,,その全てを忘れず,act8mini,635,しかし途中で、理性がこう訴えてきたんだ……三度同じ結果が出た以上、その正確性は十分に証明されている。君は嘘などついていない、とな。,
level_act8mini_st02.json,,その全てを忘れず,act8mini,636,君は実に多くの記憶を失った。君がテレジアに何をしたのか、君自身がなぜここに立っているのかを忘れてしまった。,
level_act8mini_st02.json,,その全てを忘れず,act8mini,637,このすべてが、君と、過去私がよく知っていたあの人物との間に……大きな差異を生んだのだ。,
level_act8mini_st02.json,,その全てを忘れず,act8mini,638,君に七回の検査を行った時のように、今この瞬間、私は再び疑問を抱いている。私の目の前に立っているのは一体誰なのか、と。,
level_act8mini_st02.json,,その全てを忘れず,act8mini,639,今の君にはどれだけの過去が残っている？　そして、どれだけの新たなものが芽生えている？,
level_act8mini_st02.json,,その全てを忘れず,act8mini,643,否定はしない。君のこととなると、私は容易に感情を煽られてしまうからな。,
level_act8mini_st02.json,,その全てを忘れず,act8mini,644,しかし、一方でこれは……極めて理性的な理解に基づいてのことでもある。,
level_act8mini_st02.json,,その全てを忘れず,act8mini,645,君にも理解しておいてもらいたいのだが……検査にはエラーがあっても構わない。だが、君自身のことについては、一つのエラーも受け入れることはできないのだ。,
level_act8mini_st02.json,,その全てを忘れず,act8mini,647,それについては、申し訳ないと思っている。,
level_act8mini_st02.json,,その全てを忘れず,act8mini,648,だが、君の記憶の回復状況を把握しておくことは、君の身体にとっても有用なことだ。,
level_act8mini_st02.json,,その全てを忘れず,act8mini,656,……物事にはしばしば、二つの側面が存在している。人の感情もまた然りだ。,
level_act8mini_st02.json,,その全てを忘れず,act8mini,657,私は、過去の君に対する憎しみを隠しはしない。だが……どれだけ認めたくはなくとも、憎しみだけがすべてではないのだ。,
level_act8mini_st02.json,,その全てを忘れず,act8mini,661,欲するものが単に能力だけならば、今の君は既にそれを持ち合わせている。いや、それどころか……今の君こそ、より望ましい成果を上げることができるだろう。,
level_act8mini_st02.json,,その全てを忘れず,act8mini,664,……「懐かしく思う」？,char_003_kalts_1#3
level_act8mini_st02.json,,その全てを忘れず,act8mini,665,その言葉では、あまりにも単純すぎる。この大地において言語は数千年もの間、開拓され続けているが……私は未だに、君をどう思うかを表現するのに適切な言葉を選ぶことができない。,char_003_kalts_1#3
level_act8mini_st02.json,,その全てを忘れず,act8mini,667,ああ。無論、私はその真相を欲している。,char_003_kalts_1#3
level_act8mini_st02.json,,その全てを忘れず,act8mini,668,君の口から聞くことが最善と言える手段だが……他の方法で真相を追うことも諦めてはいない。,char_003_kalts_1#3
level_act8mini_st02.json,,その全てを忘れず,act8mini,670,さて、今度は私が質問する番だ。,char_003_kalts_1#3
level_act8mini_st02.json,,その全てを忘れず,act8mini,671,Dr.{@nickname}。記憶を取り戻したいと思うか？,char_003_kalts_1#3
level_act8mini_st02.json,,その全てを忘れず,act8mini,675,どう答えようとも、君に躊躇いの色が見えたのは明らかだ。,
level_act8mini_st02.json,,その全てを忘れず,act8mini,676,記憶を取り戻せば、君の持つ多くの疑問は解消されることだろう。だが、すべての答えが君を満足させるとは限らない。,
level_act8mini_st02.json,,その全てを忘れず,act8mini,677,今の君に向けられているあらゆる感情の出所は何なのか。私とWが持つ憎しみにせよ、アーミヤの全幅の信頼にせよ、あるいは……より昔のものであるにせよ、君はすべてを知ることになる。,
level_act8mini_st02.json,,その全てを忘れず,act8mini,678,大量の記憶、強烈な感情が、瞬時に君の脳全体を埋め尽くすことだろう――,
level_act8mini_st02.json,,その全てを忘れず,act8mini,679,そして、恐らくその時に感じるのは疲労だけではあるまい……,
level_act8mini_st02.json,,その全てを忘れず,act8mini,680,君をより恐怖へと陥れるであろうものは、一つの事実だ。過去が君を訪ねてきた時――君は、選択しなければならない。,
level_act8mini_st02.json,,その全てを忘れず,act8mini,681,もし蘇った記憶があまりにも強烈で、現在の君の努力すべてをいともたやすく覆し――どれほどの年月をかけても、決して抜け出せなかったあの深淵に再び引きずり戻されたとしたら？,
level_act8mini_st02.json,,その全てを忘れず,act8mini,682,今の君が一度でも打ち負かされたなら、君が懸命に築き上げたすべてが崩れ去り……恐らく今の君ではない君へと成り果てるだろう。,
level_act8mini_st02.json,,その全てを忘れず,act8mini,683,故に、私はもう一度問う――,
level_act8mini_st02.json,,その全てを忘れず,act8mini,684,Dr.{@nickname}。思い出す準備はできているか？,
level_act8mini_st02.json,,その全てを忘れず,act8mini,688,もし我々が十分な幸運に恵まれていれば、この問いに短期間で答えを出す必要はない。,
level_act8mini_st02.json,,その全てを忘れず,act8mini,689,感謝する、Dr.{@nickname}。この一ヶ月余りで、君は私に新たな可能性を見出させてくれた。,
level_act8mini_st02.json,,その全てを忘れず,act8mini,690,特に今日、君がまだあの公式を覚えていると知ったことは大きい。,
level_act8mini_st02.json,,その全てを忘れず,act8mini,692,どうやら来たるその日のために準備をしていたのは、君と私だけではないようだな。,char_003_kalts_1#4
level_act8mini_st02.json,,その全てを忘れず,act8mini,694,私は早くから疑っていた。家庭用生理機能修復マシンが、使用者の記憶を消すなどというエラーを起こすことはないだろう、とな――,char_003_kalts_1
level_act8mini_st02.json,,その全てを忘れず,act8mini,695,特に、君の選択に最も影響を与えるであろう部分だけを選択的に削除し、君にとってより意味のある部分を残しておくような挙動はあり得ない、と考えている。,char_003_kalts_1
level_act8mini_st02.json,,その全てを忘れず,act8mini,696,Dr.{@nickname}……,char_003_kalts_1
level_act8mini_st02.json,,その全てを忘れず,act8mini,697,思うに、彼女は……私が過去把握していた以上に、君を信頼していたのだろうな。,char_003_kalts_1
level_act8mini_st02.json,,その全てを忘れず,act8mini,698,であれば我々も、懸命に努力し続けるべきだ。,char_003_kalts_1
level_act8mini_st02.json,,その全てを忘れず,act8mini,699,幾度となく口にしてきた通りだが――我々が共に立ち続ける限り、私は君の助けになろう。,char_003_kalts_1
level_act8mini_st03.json,,価値を知り得ず,act8mini,87,  当然だ、Dr.{@nickname}。君は彼とは違う。,char_003_kalts_1
level_act8mini_st03.json,,価値を知り得ず,act8mini,88,  我々の同類は誰で――,char_003_kalts_1
level_act8mini_st03.json,,価値を知り得ず,act8mini,89,  ……君の同類は誰なんだろうな。,char_003_kalts_1
level_act8mini_st04.json,,思慮は此に留まらず,act8mini,56,……殿下。会議はもう終わったのか？,char_003_kalts_1
level_act8mini_st04.json,,思慮は此に留まらず,act8mini,61,……早いな。,char_003_kalts_1
level_act8mini_st04.json,,思慮は此に留まらず,act8mini,65,いや、そうではない。普段に比して、君が会議を終えて出てくるのが早すぎる、という意味だ。,char_003_kalts_1
level_act8mini_st04.json,,思慮は此に留まらず,act8mini,66,討論の必要がないほど悪い結果でない限り……あの議長室に座る連中が、君をそう簡単に会議から解放するとは思えない。,char_003_kalts_1
level_act8mini_st04.json,,思慮は此に留まらず,act8mini,67,また、仮にそうだとしても……やはり君が来るには早すぎる。,char_003_kalts_1
level_act8mini_st04.json,,思慮は此に留まらず,act8mini,71,つまり、話し合いは決して順調にはいかなかったということだな。その上、私の予想では、状況はより悪いものだったと思われる。ほとんど一触即発の状態だったのだろう。,char_003_kalts_1
level_act8mini_st04.json,,思慮は此に留まらず,act8mini,73,……何があった？,char_003_kalts_1
level_act8mini_st04.json,,思慮は此に留まらず,act8mini,79,一部のサルカズが我々を裏切った。これは想定の範囲内だ。,char_003_kalts_1
level_act8mini_st04.json,,思慮は此に留まらず,act8mini,81,……だが、バベルの準備は未だ完全なものではない。,char_003_kalts_1
level_act8mini_st04.json,,思慮は此に留まらず,act8mini,85,あのナハツェーラーの王と、残りの王庭の成員たちは……,char_003_kalts_1
level_act8mini_st04.json,,思慮は此に留まらず,act8mini,112,……,char_003_kalts_1#3
level_act8mini_st04.json,,思慮は此に留まらず,act8mini,122,それで十分だ、テレジア。これ以上我々のために人を手配する必要はない。私がドクターを連れて、君と無事合流しよう。,char_003_kalts_1
level_act8mini_st04.json,,思慮は此に留まらず,act8mini,397,……Dr.{@nickname}。場を和ませるつもりか知らないが、この場に冗談など必要ない。Scoutも、これまでのやり取りをくだらない小芝居だとは思っていないだろうからな。,char_003_kalts_1#2
level_act8mini_st04.json,,思慮は此に留まらず,act8mini,399,だが……テレジア。少なくともこのサルカズは、以前捕虜が自供したスパイのリストには含まれていなかった。,char_003_kalts_1#2
level_act8mini_st04.json,,思慮は此に留まらず,act8mini,429,だが今回のような行為は、これが最後ではないだろう。,char_003_kalts_1#2
level_act8mini_st04.json,,思慮は此に留まらず,act8mini,431,テレジア。もしこれを放置して、さらなる面倒事が引き起こされた場合……それは今後、君の安全を脅かすことになる。,char_003_kalts_1#2
level_act8mini_st04.json,,思慮は此に留まらず,act8mini,464,私は反対だ。,char_003_kalts_1#2
level_act8mini_st04.json,,思慮は此に留まらず,act8mini,466,既存の証拠が彼の軍事委員会への関与を証明していなくとも、指揮官を襲撃した兵士を見逃すことには何の利益もない。,char_003_kalts_1#2
level_act8mini_st04.json,,思慮は此に留まらず,act8mini,468,……テレジア。,char_003_kalts_1#2
level_act8mini_st04.json,,思慮は此に留まらず,act8mini,488,Scout、彼があまり感情を高ぶらせない内に――,char_003_kalts_1#2
level_act8mini_st04.json,,思慮は此に留まらず,act8mini,526,……現状に関しては以上だ。連絡が取れた傭兵団は、二日後に到着する。,char_003_kalts_1
level_act8mini_st04.json,,思慮は此に留まらず,act8mini,530,ヘドリーだ。,char_003_kalts_1
level_act8mini_st04.json,,思慮は此に留まらず,act8mini,534,……彼が時間通りに到着できるよう、私の方で手配しておこう。,char_003_kalts_1
level_act8mini_st04.json,,思慮は此に留まらず,act8mini,540,君のその悲しげな表情は、マルコの件によるものか？,char_003_kalts_1
level_act8mini_st04.json,,思慮は此に留まらず,act8mini,546,遠すぎるくらいだ。それ故に君の民は、目前に存在する何らかの答えを望んでいるのだろう。,char_003_kalts_1
level_act8mini_st04.json,,思慮は此に留まらず,act8mini,550,……もちろんだ。,char_003_kalts_1
level_act8mini_st04.json,,思慮は此に留まらず,act8mini,552,そういえば……君は昨晩、遅くまで起きていたそうだな。服飾のデザインに没頭していたと聞いたが？,char_003_kalts_1
level_act8mini_st04.json,,思慮は此に留まらず,act8mini,556,いいや、そんなことはしないさ。適度な息抜きはストレスの解消になるからな。,char_003_kalts_1
level_act8mini_st04.json,,思慮は此に留まらず,act8mini,558,しかし、情勢は楽観視できない、君の一挙手一投足がサルカズすべての士気に影響することを念頭に置いておいてくれ。,char_003_kalts_1
level_act8mini_st04.json,,思慮は此に留まらず,act8mini,576,……テレジア。,char_003_kalts_1
level_act8mini_st05.json,,行き着く先を恐れず,act8mini,20,最近は忙しいだろう。処理すべきことが、山ほどあるからな。,
level_act8mini_st05.json,,行き着く先を恐れず,act8mini,21,しかし、時には適度な休息も必要だ。最近、君の生理的指標には若干の乱れが生じている。引き続き注意を払っておくが……,
level_act8mini_st05.json,,行き着く先を恐れず,act8mini,22,そういえば、ブレイズが今晩、報告のため君の元を訪れる予定だ。昨日、彼女は強襲作戦を主導していたからな。,
level_act8mini_st05.json,,行き着く先を恐れず,act8mini,38,――Scoutか。彼は昨夜の作戦担当だった。,char_003_kalts_1
level_act8mini_st05.json,,行き着く先を恐れず,act8mini,39,これは、彼がバベルのために遂行してきた任務の中でも数少ない失敗の記録だ。,char_003_kalts_1
level_act8mini_st05.json,,行き着く先を恐れず,act8mini,66,既に峠は越した。,char_003_kalts_1
level_act8mini_st05.json,,行き着く先を恐れず,act8mini,123,……それと、クロージャが君の元へ相談に来るかもしれない。彼女はロンディニウムの問題に関する私の立場を強く気にかけている。,
level_act8mini_st05.json,,行き着く先を恐れず,act8mini,124,必要なら、意志決定までのプロセスを共有しても構わない。彼女もまた、潜在的な作戦メンバーなのだから。,
level_act8mini_st05.json,,行き着く先を恐れず,act8mini,125,……まぁ、雑談に興じてもいいがな。,
level_act8mini_st05.json,,行き着く先を恐れず,act8mini,142,今度は何だ？,char_003_kalts_1#2
level_act8mini_st05.json,,行き着く先を恐れず,act8mini,146,まだ議論中だ。行動自体にリスクが伴うからな。しかし、なぜ突然そんなことを気にかける？,char_003_kalts_1
level_act8mini_st05.json,,行き着く先を恐れず,act8mini,151,別に悩んでなどいないさ。ロドスの安全こそが常に最優先すべきことだからな。,char_003_kalts_1
level_act8mini_st05.json,,行き着く先を恐れず,act8mini,156,テレジアは、私の意志決定に何ら関係ない。私が関心を持つのはその行動がロドスに利益をもたらすか否か……それだけだ。,char_003_kalts_1
level_act8mini_st05.json,,行き着く先を恐れず,act8mini,162,……ドクターはすでに、十分苦労をしている。,char_003_kalts_1
level_act8mini_st05.json,,行き着く先を恐れず,act8mini,168,それは今の方がいじめやすい、ということか？,char_003_kalts_1
level_act8mini_st05.json,,行き着く先を恐れず,act8mini,169,君が前回ドクターに試用させたランニングマシーンのことは聞いている。なんでも突然宙に浮いたとか……しかも商品広告を見ないと降りられない仕様らしいな。,char_003_kalts_1
level_act8mini_st05.json,,行き着く先を恐れず,act8mini,173,多忙の時に驚かされたい人間などいない。もっとドクターを気遣ってやれ。,char_003_kalts_1#2
level_act8mini_st05.json,,行き着く先を恐れず,act8mini,179,やめろ、クロージャ。この話はこれで終わりだ。決してドクターの前ではするなよ。,char_003_kalts_1#2
level_act8mini_st05.json,,行き着く先を恐れず,act8mini,186,必要ない。「建設計画区域」は全艦で最も頑丈な場所だ。,char_003_kalts_1
level_act8mini_st05.json,,行き着く先を恐れず,act8mini,193,君はただ行ってみたいだけだろう。,char_003_kalts_1
level_act8mini_st05.json,,行き着く先を恐れず,act8mini,197,……私には私の考えがある。,char_003_kalts_1
level_act8mini_st05.json,,行き着く先を恐れず,act8mini,202,ああ……その時が来たら、ちゃんと話す。,char_003_kalts_1
level_act8mini_st05.json,,行き着く先を恐れず,act8mini,224,コナー郡への患者の移送作業は、今日ですべて完了する。それと、近日中に施設の防衛能力を君に再評価してもらう必要があるな。,
level_act8mini_st05.json,,行き着く先を恐れず,act8mini,225,後ほど、医療部から関連データを送らせよう。,
level_act8mini_st05.json,,行き着く先を恐れず,act8mini,226,今後、同様の業務は徐々にエリートオペレーターに任せるようにしていく。君には、より重要な問題に注力してもらいたいからな。,
level_act8mini_st05.json,,行き着く先を恐れず,act8mini,258,慌てなくてもいい。私も今来たところだ。,char_003_kalts_1
level_act8mini_st05.json,,行き着く先を恐れず,act8mini,260,エリー、この患者の今日の血液検査レポートをくれ。,char_003_kalts_1
level_act8mini_st05.json,,行き着く先を恐れず,act8mini,267,……うむ。回復が早いな。鉱石病も、悪化の兆候はない。,char_003_kalts_1
level_act8mini_st05.json,,行き着く先を恐れず,act8mini,271,それは医師として当然の責務だ。,char_003_kalts_1
level_act8mini_st05.json,,行き着く先を恐れず,act8mini,272,ではこれより、移送に関する取り決めについて読み上げる。その後合意書にサインを頼む。『ロドス鉱石病収容治療規定』第四条に基づき……,char_003_kalts_1
level_act8mini_st05.json,,行き着く先を恐れず,act8mini,276,感謝する。だが、取り決めを読むこともあなたの権益を保障することに繋がるからな。,char_003_kalts_1
level_act8mini_st05.json,,行き着く先を恐れず,act8mini,278,エリー、時間は有限だ。患者を運ぶには、まだ人員が足りていない可能性がある。廊下に出て、誰か手伝ってくれる人がいないかを見てきてくれ。,char_003_kalts_1
level_act8mini_st05.json,,行き着く先を恐れず,act8mini,293,……いや、今の健康状態を鑑みるに肉体労働は推奨できない。,char_003_kalts_1
level_act8mini_st05.json,,行き着く先を恐れず,act8mini,307,遠慮する必要はない。どんなに些細な仕事でも、ロドスの誰もがそれに参加する義務を持っている。戦場指揮官であってもそれは同じことだ。,char_003_kalts_1
level_act8mini_st05.json,,行き着く先を恐れず,act8mini,335,ああいった講義は実践を通じて体得するものだ。しかし、ドクター……君はどのようにしてこの知識を身につけた？　確かあの時、君はサルゴンへの外勤に出ていたはずだが……,char_003_kalts_1
level_act8mini_st05.json,,行き着く先を恐れず,act8mini,351,……最後に一つ。近頃アーミヤは、ロンディニウムへの旅における各事項に関する評価で忙しくしている。時間を作り、彼女を気にかけてやってくれ。,
level_act8mini_st05.json,,行き着く先を恐れず,act8mini,352,彼女はロドスのリーダーであると同時に、一人の子供でもあるのだから。,
level_act8mini_st05.json,,行き着く先を恐れず,act8mini,367,テレジア、君はバベルのリーダーであると同時に、一人の鉱石病患者でもある。もっと自分の身体を労ってくれ。,char_003_kalts_1
level_act8mini_st05.json,,行き着く先を恐れず,act8mini,368,すぐに仕事の手を止めて、休息を取ることを勧める。,char_003_kalts_1
level_act8mini_st05.json,,行き着く先を恐れず,act8mini,448,今言ったことはすべて、君の通常スケジュール外の話で……,
level_act8mini_st05.json,,行き着く先を恐れず,act8mini,449,……おい、聞いているのか？　ドクター。,
level_act8mini_st05.json,,行き着く先を恐れず,act8mini,462,……時に、ドクター。生きる、とはどういうことだと思う？,
level_act8mini_st05.json,,行き着く先を恐れず,act8mini,466,前に進む理由を失い、他人の意志に従う……果たしてそれは、生きていると言えるのだろうか？,
level_act8mini_st05.json,,行き着く先を恐れず,act8mini,470,では、別のケースを想定してみよう。記憶は抜き取られた状態ながらも、肉体は残っている……これは生きていると言えると思うか？,
level_act8mini_st05.json,,行き着く先を恐れず,act8mini,474,もしこの二つの内、どちらか一方を選べと言われたら……君はどちらを選択する？,
level_act8mini_st05.json,,行き着く先を恐れず,act8mini,484,……自由には代償が伴う。,
level_act8mini_st05.json,,行き着く先を恐れず,act8mini,485,君は記憶を失くした状態で目覚め……戦うこと、犠牲を目の当たりにすることを余儀なくされた。そして、これまで我々は君にあまり選択肢を与えてこなかった……,
level_act8mini_st05.json,,行き着く先を恐れず,act8mini,486,……ドクター。君は一体何のために戦っている？　私の目を見て、答えてくれ。,
level_act8mini_st05.json,,行き着く先を恐れず,act8mini,497,ならば、どうか……今口にした答えを忘れないでくれ。,
level_act8mini_st05.json,,行き着く先を恐れず,act8mini,498,……誰にも理解されなくとも、我々は皆自らの道を見つけられる。,
level_act8mini_st05.json,,行き着く先を恐れず,act8mini,499,ドクター。君も、君の道を見つけられるだろう。,
level_act9d0_03_beg.json,DM-3,圧迫,act9d0,100,  ……そう緊張するな。会議の効率が悪くなる。,avg_npc_049
level_act9d0_03_beg.json,DM-3,圧迫,act9d0,101,  君たちは最善を尽くした。情報が漏れたのは我々の失策だ。,avg_npc_049
level_act9d0_03_beg.json,DM-3,圧迫,act9d0,105,  そうか。,avg_npc_049
level_act9d0_03_beg.json,DM-3,圧迫,act9d0,110,  感謝するならテレジアにするといい。彼女の発案だ。,avg_npc_049
level_act9d0_03_beg.json,DM-3,圧迫,act9d0,305,  テレジア、通信だ。,avg_npc_049
level_act9d0_03_beg.json,DM-3,圧迫,act9d0,306,  カズデルで動きがあった。ドクターはもう準備に取り掛かっているから、君も急いでくれ。,avg_npc_049
level_act9d0_03_beg.json,DM-3,圧迫,act9d0,320,  ……おい。,avg_npc_049
level_act9d0_03_beg.json,DM-3,圧迫,act9d0,321,  テレジアの決定にとやかく言うつもりはないが……,avg_npc_049
level_act9d0_03_beg.json,DM-3,圧迫,act9d0,322,  たとえ君が我々のために尽力したとしても、彼女が言うほど簡単にはいかないだろう。経歴を見る限り、君はかなり危険な人物のようだからな。,avg_npc_049
level_act9d0_03_beg.json,DM-3,圧迫,act9d0,326,  ……君はずいぶん回復が早いようだが、長く歩き回れるほどではないはずだ。,avg_npc_049
level_act9d0_03_beg.json,DM-3,圧迫,act9d0,327,  さっさと病棟に戻れ。いつまでもうろうろしていると、誰かに担がれて戻ることになるぞ。,avg_npc_049
level_act9d0_03_end.json,DM-5,軍旗,act9d0,9,  決めたようだな。……ああ、その顔を見れば、どんな答えを出したのかはわかる。,avg_npc_049
level_act9d0_03_end.json,DM-5,軍旗,act9d0,13,  今その話をすることに何の意味もない。,avg_npc_049
level_act9d0_03_end.json,DM-5,軍旗,act9d0,14,  私はただ、君の決定が惜しいというだけだ。君たちならテレジアの右腕になれただろうからな。,avg_npc_049
level_act9d0_03_end.json,DM-5,軍旗,act9d0,18,  彼女らしいな。,avg_npc_049
level_act9d0_03_end.json,DM-5,軍旗,act9d0,25,  雑草と同じほどだろう。,avg_npc_049
level_act9d0_03_end.json,DM-5,軍旗,act9d0,32,  ではなぜ、君はここから逃げることにしたんだ？,avg_npc_049
level_act9d0_03_end.json,DM-5,軍旗,act9d0,40,  ……言い方が悪かったな。,avg_npc_049
level_act9d0_03_end.json,DM-5,軍旗,act9d0,41,  君たちがここを離れ、傭兵として自由にこの大地をさまようことに決めたというのなら、私に止める理由はない。,avg_npc_049
level_act9d0_03_end.json,DM-5,軍旗,act9d0,42,  多くのことを承知の上……なのだろう？,avg_npc_049
level_act9d0_03_end.json,DM-5,軍旗,act9d0,46,  ならば君はそれでいい。だが、もう一人のサルカズはどうする？,avg_npc_049
level_act9d0_03_end.json,DM-5,軍旗,act9d0,51,  従属を望まぬ傭兵団は、決まって自由と独立性を主張する。……それだけでは、一つにまとまった力には勝てないのだがな。,avg_npc_049
level_act9d0_03_end.json,DM-5,軍旗,act9d0,52,  だが君たちが追い求めるものはきっと……道を失ったサルカズの戦士たちがもっとも望むものなのだろう。,avg_npc_049
level_act9d0_03_end.json,DM-5,軍旗,act9d0,53,  何はどうあれ、君たち自身が選んだ道だ。,avg_npc_049
level_act9d0_03_end.json,DM-5,軍旗,act9d0,54,  進むしかあるまい。,avg_npc_049
level_act9d0_03_end.json,DM-5,軍旗,act9d0,58,  ……うまくいくと良いな。,avg_npc_049
level_main_02-02_beg.json,2-2,不戦勝,main_2,13,   ――アーミヤ……,char_003_kalts_1
level_main_02-02_beg.json,2-2,不戦勝,main_2,15,   ……それに、{@nickname}か。,char_003_kalts_1#3
level_main_02-02_beg.json,2-2,不戦勝,main_2,16,   君も来ていたとは。,char_003_kalts_1#3
level_main_02-02_beg.json,2-2,不戦勝,main_2,32,   では、続けましょう。――現状については、ウェイ長官もよくご存知かと思います。,char_003_kalts_1
level_main_02-02_beg.json,2-2,不戦勝,main_2,39,   貴方は本件を重要視されているご様子ですから、恐らく、龍門の情報網を用いて、レユニオン関係の情報を多く収集していらっしゃることでしょう。,char_003_kalts_1
level_main_02-02_beg.json,2-2,不戦勝,main_2,40,   それでもなお、龍門にはとある重要な情報が欠けているのです。,char_003_kalts_1
level_main_02-02_beg.json,2-2,不戦勝,main_2,47,   加えて、感染者に対する検疫だけでは、根本的な対策とはなりえません。このことは、龍門近衛局の方々も実感しつつあるはずです。,char_003_kalts_1
level_main_02-02_beg.json,2-2,不戦勝,main_2,48,   レユニオンの構成員たちは、検査に大人しく協力することも、わざわざ当局の反応を待って行動することもないのですから。,char_003_kalts_1
level_main_02-02_beg.json,2-2,不戦勝,main_2,49,   しかし、我々ロドスの協力がなければ、龍門は現状の感染者対策だけを頼ることになるでしょう。そうなれば、来たるレユニオンの侵攻によって甚大な被害を被りかねません。,char_003_kalts_1
level_main_02-02_beg.json,2-2,不戦勝,main_2,58,   ええ。――龍門には、非武装の感染者への対処経験はあるかもしれません。ですが、暴徒化した感染者の集団を相手取ったことはないはずです。この事実は、損失のリスクに繋がることでしょう。,char_003_kalts_1
level_main_02-02_beg.json,2-2,不戦勝,main_2,59,   ロドスの培ってきた経験から言うと――感染者に対して、効率的に対応できるのはその感染者だけですから。,char_003_kalts_1
level_main_02-02_beg.json,2-2,不戦勝,main_2,67,   正確には、まだその経験があるというだけで、対応策を得たとまでは言い難い状態ですが。,char_003_kalts_1
level_main_02-02_beg.json,2-2,不戦勝,main_2,75,   ウェイ長官が、どこからその噂をお聞きになったのかはわかりかねますが――,char_003_kalts_1
level_main_02-02_beg.json,2-2,不戦勝,main_2,76,   現時点では、龍門に共有可能となるほどの情報とは言えないということです。我々の経験は今のところ、貴方とこうしてお話をする資格を得られる程度のものでしょうから。,char_003_kalts_1
level_main_02-02_beg.json,2-2,不戦勝,main_2,86,   であれば、私が少々言葉足らずだったようですね。,char_003_kalts_1
level_main_02-02_beg.json,2-2,不戦勝,main_2,87,   あえて強調させていただくとすれば――我々が得た情報は、我々の実力があってこそ持ち帰ることが叶ったものなのです。,char_003_kalts_1
level_main_02-02_beg.json,2-2,不戦勝,main_2,91,   ――チェンさんが龍門の安全よりも、感染者を盲目的に処罰することのほうが重要だとお考えなのであれば……,char_003_kalts_1
level_main_02-02_beg.json,2-2,不戦勝,main_2,92,   この龍門の法に従い、私を捕縛していただいても構いません。そうなれば、都市がレユニオンに焼き尽くされる様を、牢獄から眺めて嘆くとしましょう。,char_003_kalts_1
level_main_02-02_beg.json,2-2,不戦勝,main_2,93,   ――つまり、最早選択の余地はないということです。,char_003_kalts_1
level_main_02-02_end.json,2-2,不戦勝,main_2,21,   ですが、ウェイ長官。レユニオンに関して、貴方のご存知ない情報が未だ多数存在していることをお忘れなく。――私の見立てによると、本件への対処は、「防衛」だけでは不十分です。,char_003_kalts_1
level_main_02-02_end.json,2-2,不戦勝,main_2,22,   交戦時に我々が得た情報をもとに推測すると、より積極的な対策を講じなければ、あと数週間ほどで龍門はレユニオンに制圧されるものと思われます。,char_003_kalts_1
level_main_02-02_end.json,2-2,不戦勝,main_2,26,   チェン警司。チェルノボーグが一夜にして陥落した本当の理由を知りたいとは思いませんか？,char_003_kalts_1
level_main_02-02_end.json,2-2,不戦勝,main_2,32,   ――アーミヤ。,char_003_kalts_1
level_main_02-02_end.json,2-2,不戦勝,main_2,71,   ……,char_003_kalts_1#3
level_main_02-02_end.json,2-2,不戦勝,main_2,73,   ……ロドスからの要求はやはり多すぎる、ということですね。,char_003_kalts_1
level_main_02-02_end.json,2-2,不戦勝,main_2,80,   ――では、二つ目の条件というのは？,char_003_kalts_1
level_main_02-02_end.json,2-2,不戦勝,main_2,85,   失礼ながら、その説明だけでは理解が及びません。詳細な内容を開示していただけませんか。,char_003_kalts_1
level_main_02-02_end.json,2-2,不戦勝,main_2,90,   ……,char_003_kalts_1
level_main_02-02_end.json,2-2,不戦勝,main_2,95,   ……アーミヤ？,char_003_kalts_1
level_main_02-02_end.json,2-2,不戦勝,main_2,130,   アーミヤ。君には、こうした場面においても、自力で対処できるよう研鑽を積む必要がある。,char_003_kalts_1
level_main_02-02_end.json,2-2,不戦勝,main_2,131,   しかし、この結果を見るに、今回は良い働きだった。,char_003_kalts_1
level_main_02-02_end.json,2-2,不戦勝,main_2,137,   ときに――,char_003_kalts_1#3
level_main_02-02_end.json,2-2,不戦勝,main_2,140,   ……,char_003_kalts_1#3
level_main_02-02_end.json,2-2,不戦勝,main_2,143,   ……君は……,
level_main_02-02_end.json,2-2,不戦勝,main_2,149,   …………,char_003_kalts_1#3
level_main_02-02_end.json,2-2,不戦勝,main_2,154,   ――,char_003_kalts_1
level_main_02-02_end.json,2-2,不戦勝,main_2,158,   ……ふっ。,char_003_kalts_1
level_main_02-02_end.json,2-2,不戦勝,main_2,159,   願わくば、これまでの犠牲が……報われてくれると良いのだが。,char_003_kalts_1
level_main_02-02_end.json,2-2,不戦勝,main_2,162,   ともあれ、よく戻ったな、Dr.{@nickname}。,char_003_kalts_1#2
level_main_02-02_end.json,2-2,不戦勝,main_2,163,   君の帰還を歓迎しよう。,char_003_kalts_1#2
level_main_04-01_beg.json,4-1,フリーハグ,main_4,10,   戻ったか。,char_003_kalts_1
level_main_04-01_beg.json,4-1,フリーハグ,main_4,14,   ……,char_003_kalts_1
level_main_04-01_beg.json,4-1,フリーハグ,main_4,15,   偵察チームから詳細は聞いている。,char_003_kalts_1
level_main_04-01_beg.json,4-1,フリーハグ,main_4,16,   アーミヤ、手を診せてくれ。,char_003_kalts_1
level_main_04-01_beg.json,4-1,フリーハグ,main_4,20,   ……アーミヤ。,char_003_kalts_1
level_main_04-01_beg.json,4-1,フリーハグ,main_4,29,   …………,char_003_kalts_1
level_main_04-01_beg.json,4-1,フリーハグ,main_4,30,   幸い、指輪に亀裂や変色などはないようだな。,char_003_kalts_1
level_main_04-01_beg.json,4-1,フリーハグ,main_4,31,   だが、次もこう上手くいくとは限らない。,char_003_kalts_1
level_main_04-01_beg.json,4-1,フリーハグ,main_4,32,   改めて言っておくが――,char_003_kalts_1
level_main_04-01_beg.json,4-1,フリーハグ,main_4,33,   くれぐれも、気をつけるように。,char_003_kalts_1
level_main_04-01_beg.json,4-1,フリーハグ,main_4,38,   ああ、行きなさい。,char_003_kalts_1
level_main_04-01_beg.json,4-1,フリーハグ,main_4,45,   ――,char_003_kalts_1#2
level_main_04-01_beg.json,4-1,フリーハグ,main_4,46,   この件は、君にも責任がある。,char_003_kalts_1#2
level_main_04-01_beg.json,4-1,フリーハグ,main_4,47,   二度と、彼女をこうした危険な目には遭わせないようにしてもらいたいものだ。,char_003_kalts_1#2
level_main_04-01_beg.json,4-1,フリーハグ,main_4,49,   加えて、アーミヤのあの様子は、陰鬱な感情に囚われているように見受けられる。,char_003_kalts_1
level_main_04-01_beg.json,4-1,フリーハグ,main_4,50,   これは思わしくない傾向だ。,char_003_kalts_1
level_main_04-01_beg.json,4-1,フリーハグ,main_4,51,   恐らく、君がロドスへ戻ってきた際にも、彼女は今と同様の表情をしていたことだろうが……,char_003_kalts_1
level_main_04-01_beg.json,4-1,フリーハグ,main_4,52,   ……ともあれ、Dr.{@nickname}。今は、彼女のそばにいてやってくれ。,char_003_kalts_1
level_main_04-01_beg.json,4-1,フリーハグ,main_4,53,   ただし、下手な真似はしないように。,char_003_kalts_1
level_main_04-01_beg.json,4-1,フリーハグ,main_4,113,   ああ。……少し、話があってな。,char_003_kalts_1
level_main_04-01_beg.json,4-1,フリーハグ,main_4,114,   急を要する仕事で、いくらか人手が必要になった。,char_003_kalts_1
level_main_04-01_beg.json,4-1,フリーハグ,main_4,115,   ――龍門郊外に、廃墟となった移動都市が発見されたんだ。,char_003_kalts_1
level_main_04-01_beg.json,4-1,フリーハグ,main_4,116,   私の推測が正しければ、チェルノボーグ事変の際に離脱した都市の一つだろう。,char_003_kalts_1
level_main_04-01_beg.json,4-1,フリーハグ,main_4,117,   ついては、市街地を探索して情報収集を行うと共に、生存者の有無を確かめる必要がある。,char_003_kalts_1
level_main_04-01_beg.json,4-1,フリーハグ,main_4,118,   仮に、レユニオンの潜伏が確認されるなど、より深刻な状況が発覚した場合には、我々の今後の動きにも大きく影響を及ぼすことになるだろうしな。,char_003_kalts_1
level_main_04-01_beg.json,4-1,フリーハグ,main_4,119,   具体的な作戦内容はここにまとめてある。時間のある時に目を通してくれ。,char_003_kalts_1
level_main_04-01_beg.json,4-1,フリーハグ,main_4,123,   ああ、それと……,char_003_kalts_1
level_main_04-01_beg.json,4-1,フリーハグ,main_4,124,   フランカから受け取った報告書によると、彼女たちはBSWに帰還する必要があるそうだ。,char_003_kalts_1
level_main_04-01_beg.json,4-1,フリーハグ,main_4,125,   加えて、ペンギン急便からは、龍門のスラム街の状況について、現地で君と意見交換を行いたいと連絡を受けている。,char_003_kalts_1
level_main_04-01_beg.json,4-1,フリーハグ,main_4,126,   実際に見ておくべき細かな事情が存在する、ということだろう。,char_003_kalts_1
level_main_04-01_beg.json,4-1,フリーハグ,main_4,131,   いや。Dr.{@nickname}には、まだ話しておきたいことがある。,char_003_kalts_1
level_main_04-01_beg.json,4-1,フリーハグ,main_4,137,   駄目だ。,char_003_kalts_1
level_main_04-01_beg.json,4-1,フリーハグ,main_4,141,   駄目だと言っただろう。,char_003_kalts_1
level_main_04-01_beg.json,4-1,フリーハグ,main_4,147,   わかっている。,char_003_kalts_1
level_main_04-01_beg.json,4-1,フリーハグ,main_4,153,   ……さて。,char_003_kalts_1#3
level_main_04-01_beg.json,4-1,フリーハグ,main_4,154,   彼女に寄り添うことすら、まともにこなせないとはな。,char_003_kalts_1#3
level_main_04-01_beg.json,4-1,フリーハグ,main_4,156,   まあいい。この結果は予想していた。,char_003_kalts_1#2
level_main_04-01_beg.json,4-1,フリーハグ,main_4,158,   ――アーミヤは、本当に強い子だ。,char_003_kalts_1
level_main_04-01_beg.json,4-1,フリーハグ,main_4,159,   しかし、どんなに堅い殻で己を守っていたとしても、強い圧力を受け続ければ、いずれは押し潰されてしまうもの……,char_003_kalts_1
level_main_04-01_beg.json,4-1,フリーハグ,main_4,160,   君には、そうした事態が訪れないようにしてもらいたい。,char_003_kalts_1
level_main_04-01_beg.json,4-1,フリーハグ,main_4,161,   ゆえに、次に同様の事象が発生することがあれば、もう少し良い働きを期待したいものだ。,char_003_kalts_1
level_main_04-01_beg.json,4-1,フリーハグ,main_4,162,   ――？,char_003_kalts_1
level_main_04-01_beg.json,4-1,フリーハグ,main_4,163,   その表情は何だ。,char_003_kalts_1
level_main_04-01_beg.json,4-1,フリーハグ,main_4,168,   あれは、彼女の身体状況に関係している物だ。,char_003_kalts_1#2
level_main_04-01_beg.json,4-1,フリーハグ,main_4,169,   それ以上のことは、まだ教えられない。ただ、一点だけ注意すべきことを伝えるとするなら……,char_003_kalts_1#2
level_main_04-01_beg.json,4-1,フリーハグ,main_4,170,   この先、仮にアーミヤが激しい戦闘に巻き込まれることがあれば――,char_003_kalts_1#2
level_main_04-01_beg.json,4-1,フリーハグ,main_4,171,   ――状況が落ち着き次第、すぐに指輪の状態を確認するよう心がけてくれ。,char_003_kalts_1#2
level_main_04-01_beg.json,4-1,フリーハグ,main_4,174,   なお、その際指輪に少しでも変化が見られた場合には、必ず私に報告するように。,char_003_kalts_1
level_main_04-01_beg.json,4-1,フリーハグ,main_4,175,   ……ああ、それと。別件だが、二日後に検査センターで、君の身体検査を行う予定がある。忘れてくれるなよ。,char_003_kalts_1
level_main_04-01_beg.json,4-1,フリーハグ,main_4,177,   ――用件は以上だ。すでに、リスカムが君の護衛のため廊下で待機している。行ってやると良い。,
level_main_04-02_beg.json,4-2,雨の中を歩く,main_4,51,   ああ、聞いている。――君の言う通り、気を抜くべきではない状況だな。,
level_main_04-02_beg.json,4-2,雨の中を歩く,main_4,52,   ジェシカ。君の背後に、敵兵がいる可能性がある。,
level_main_04-02_beg.json,4-2,雨の中を歩く,main_4,82,   では、話を続けよう。――先ほど、レッドから連絡が入った。,char_219_meteo_1
level_main_04-02_beg.json,4-2,雨の中を歩く,main_4,83,   龍門内部に潜伏しているであろうレユニオンには、現状、活動の兆候がないそうだ。,char_219_meteo_1
level_main_04-02_beg.json,4-2,雨の中を歩く,main_4,84,   となれば、現段階で藪をつついて蛇を出すのは避けるべきだろう。,char_219_meteo_1
level_main_04-02_beg.json,4-2,雨の中を歩く,main_4,85,   また、そちらの廃都市にいる偵察隊からの報告も考慮すると、その場所には、予想を超える規模のレユニオンが潜伏しているものと思われる。,char_219_meteo_1
level_main_04-02_beg.json,4-2,雨の中を歩く,main_4,100,   それで、敵兵の数は確認できたのか？,char_219_meteo_1
level_main_04-02_beg.json,4-2,雨の中を歩く,main_4,111,   ひとまず、そちらの対応を。何かあれば、随時連絡してくれ。,char_219_meteo_1
level_main_04-03_beg.json,4-3,人工的冷却,main_4,5,   了解した。,char_003_kalts_1
level_main_04-03_beg.json,4-3,人工的冷却,main_4,6,   では、また連絡する。……無論、きな臭いと思えばいつでも教えてくれ。,char_003_kalts_1
level_main_04-03_beg.json,4-3,人工的冷却,main_4,7,   ああ。三つ目のキーを押すだけだ。,char_003_kalts_1
level_main_04-03_beg.json,4-3,人工的冷却,main_4,8,   ――うん？　Dr.{@nickname}か。,char_003_kalts_1
level_main_04-03_beg.json,4-3,人工的冷却,main_4,9,   アーミヤはどこへ行った？,char_003_kalts_1
level_main_04-03_beg.json,4-3,人工的冷却,main_4,14,   ――まさか、一人で行かせるとは。,char_003_kalts_1
level_main_04-03_beg.json,4-3,人工的冷却,main_4,15,   ……まあ、いいだろう。いざという時、護衛を行う人員はいることだしな。,char_003_kalts_1
level_main_04-03_beg.json,4-3,人工的冷却,main_4,16,   加えて、君が同行したところで、単なる足手まといになる可能性は高い。ゆえに今回は咎めずにおくとしよう。,char_003_kalts_1
level_main_04-03_beg.json,4-3,人工的冷却,main_4,17,   それで、君は？　一人で戻ってきたのか？,char_003_kalts_1
level_main_04-03_beg.json,4-3,人工的冷却,main_4,18,   ……なるほど、ペンギン急便がついていたわけか。,char_003_kalts_1
level_main_04-03_beg.json,4-3,人工的冷却,main_4,19,   わかった。だが、周囲の安全には、これまで以上に気を配るようにしてくれ。常に信頼できる現地ガイドを雇用できるとは限らないのだから。,char_003_kalts_1
level_main_04-03_beg.json,4-3,人工的冷却,main_4,20,   ――ドクター。,char_003_kalts_1
level_main_04-03_beg.json,4-3,人工的冷却,main_4,21,   このあとにも任務は控えている。ゆえにアーミヤは、じきに戻ってくるだろう。,char_003_kalts_1
level_main_04-03_beg.json,4-3,人工的冷却,main_4,22,   君は、もう一度彼女と向き合うことになる。,char_003_kalts_1
level_main_04-03_beg.json,4-3,人工的冷却,main_4,23,   ――私なら、この間伝えられなかったことを伝えよう、と思うだろうな。,char_003_kalts_1
level_main_04-03_beg.json,4-3,人工的冷却,main_4,84,   ああ。例の廃都市の件だ。先ほど、複数の偵察部隊から連絡が入ってな。,
level_main_04-03_beg.json,4-3,人工的冷却,main_4,85,   向こうの状況が、切迫しつつあるようだ。,
level_main_04-05_beg.json,4-5,官僚主義,main_4,19,   ――アーミヤ。,char_010_chen_1#3
level_main_04-05_beg.json,4-5,官僚主義,main_4,23,   ロドス本艦のブリッジだ。,char_002_amiya_1
level_main_04-05_beg.json,4-5,官僚主義,main_4,24,   君に頼みがあるのだが――,char_002_amiya_1
level_main_04-05_beg.json,4-5,官僚主義,main_4,25,   隣にいるだろうチェン警司に、一つ聞いてみてくれないか。,char_002_amiya_1
level_main_04-05_beg.json,4-5,官僚主義,main_4,26,   「龍門はいつまで下らん意地を張り続けるつもりだ？」と。,char_002_amiya_1
level_main_04-05_end.json,4-5,官僚主義,main_4,29,   ――――,char_002_amiya_1
level_main_04-05_end.json,4-5,官僚主義,main_4,30,   ……いいか、アーミヤ。以降も注意深く行動するように。状況は単純ではないからな。,char_002_amiya_1
level_main_04-05_end.json,4-5,官僚主義,main_4,34,   よろしい。……それでは、任務に取りかかろう。こちらでは、得られた情報を統合し、状況を整理しておいた。,char_002_amiya_1
level_main_04-05_end.json,4-5,官僚主義,main_4,35,   加えて、救援部隊の編成及び派遣もすでに済ませてある。,char_002_amiya_1
level_main_04-05_end.json,4-5,官僚主義,main_4,36,   だが、この救援部隊では、メテオリーテとほかの二人がいる地点まで進入することはできない。,char_002_amiya_1
level_main_04-05_end.json,4-5,官僚主義,main_4,37,   つまり、彼女たちの命運は君に委ねられているということだ。,char_002_amiya_1
level_main_04-05_end.json,4-5,官僚主義,main_4,43,   ならば、座標を送信しておこう。,char_002_amiya_1
level_main_04-05_end.json,4-5,官僚主義,main_4,44,   ただし、安全を最優先として行動するようにな。,char_002_amiya_1
level_main_04-06_end.json,4-6,見聞少なく怪多し,main_4,68,   ……,char_003_kalts_1
level_main_04-06_end.json,4-6,見聞少なく怪多し,main_4,69,   皮膚は赤く、腫れも見られる……全身の体温が低下し、組織の壊死まで起こっているようだが……,char_003_kalts_1
level_main_04-06_end.json,4-6,見聞少なく怪多し,main_4,70,   考えられる原因は――,char_003_kalts_1
level_main_04-06_end.json,4-6,見聞少なく怪多し,main_4,74,   凍傷、か？,char_003_kalts_1#3
level_main_04-07_beg.json,4-7,それぞれの行動,main_4,14,   ――アーミヤ。先ほど、救援部隊の全員が任務を終え、ロドスへ帰還した。,
level_main_04-07_beg.json,4-7,それぞれの行動,main_4,15,   これで、メテオリーテの部隊以外、すべての偵察隊が救出されたことになる。,
level_main_04-07_beg.json,4-7,それぞれの行動,main_4,16,   幸い、犠牲者は出なかったが、その代わりに――,
level_main_04-07_beg.json,4-7,それぞれの行動,main_4,17,   程度の差こそあれど、救出された隊員たちは皆凍傷を負っていた。,
level_main_04-07_beg.json,4-7,それぞれの行動,main_4,18,   これは重要な情報と捉えて良いだろう。,
level_main_04-07_beg.json,4-7,それぞれの行動,main_4,23,   ああ。加えて、すべての偵察隊員から、廃都市内にレユニオンの特殊部隊と思しき構成員を確認したという報告が上がっている。,char_002_amiya_1#6
level_main_04-07_beg.json,4-7,それぞれの行動,main_4,24,   彼らの戦い方は、盲目的な普通の構成員とはまったく異なっているとのことだ。,char_002_amiya_1#6
level_main_04-07_beg.json,4-7,それぞれの行動,main_4,25,   くれぐれも注意してくれ。,char_002_amiya_1#6
level_main_04-07_beg.json,4-7,それぞれの行動,main_4,29,   ドクター、君も状況は理解したな？,char_002_amiya_1
level_main_04-07_beg.json,4-7,それぞれの行動,main_4,32,   それは何よりだ。,char_002_amiya_1
level_main_04-07_beg.json,4-7,それぞれの行動,main_4,33,   では私も、己のすべきことを進めておくとしよう。,char_002_amiya_1
level_main_04-07_beg.json,4-7,それぞれの行動,main_4,34,   ――アーミヤ。Dr.{@nickname}がいくら有能であろうとも、一人の人間に頼りすぎないように。,char_002_amiya_1
level_main_04-07_beg.json,4-7,それぞれの行動,main_4,38,   それから、指輪の状態に気を配ることも忘れるな。,char_002_amiya_1
level_main_04-07_beg.json,4-7,それぞれの行動,main_4,62,   ――レッド、聞こえるか？,
level_main_04-07_beg.json,4-7,それぞれの行動,main_4,63,   ふむ……そうか。,
level_main_04-07_beg.json,4-7,それぞれの行動,main_4,64,   では、スラム街東側の入口で合流しよう。,
level_main_04-07_beg.json,4-7,それぞれの行動,main_4,65,   ああ。二人だけでいい。,
level_main_04-07_beg.json,4-7,それぞれの行動,main_4,66,   問題はない。,
level_main_04-07_beg.json,4-7,それぞれの行動,main_4,67,   レユニオンの相手など、我々二人で十分だ。,
level_main_06-10_end.json,6-11,「こんな事」,main_6,67,   その必要はないだろう。,char_003_kalts_1
level_main_06-10_end.json,6-11,「こんな事」,main_6,75,  君は……,char_003_kalts_1
level_main_06-10_end.json,6-11,「こんな事」,main_6,76,  イリヤの娘、リュドミラか？,char_003_kalts_1
level_main_06-10_end.json,6-11,「こんな事」,main_6,81,  君はそう思っているのか。,char_003_kalts_1
level_main_06-10_end.json,6-11,「こんな事」,main_6,86,  ……,char_003_kalts_1
level_main_06-10_end.json,6-11,「こんな事」,main_6,87,  君の髪、父親と全く同じ色だな。,char_003_kalts_1
level_main_06-10_end.json,6-11,「こんな事」,main_6,95,  君は、どうして私が君の非難を真っ向から否定しないのかが聞きたいのか？,char_003_kalts_1
level_main_06-10_end.json,6-11,「こんな事」,main_6,99,  なるほど。クズか。私にどんな人物であってほしいんだ？,char_003_kalts_1
level_main_06-10_end.json,6-11,「こんな事」,main_6,100,  臆病で金や道楽を貪る者……それとも、冷酷で残忍な、目的のためなら手段を選ばない者か？,char_003_kalts_1
level_main_06-10_end.json,6-11,「こんな事」,main_6,101,  今の私の姿は、君の想像を満足させることができたか？,char_003_kalts_1
level_main_06-10_end.json,6-11,「こんな事」,main_6,105,  君がセルゲイを殺した時、彼は後悔していたか？,char_003_kalts_1
level_main_06-10_end.json,6-11,「こんな事」,main_6,109,  君は、彼がアレックスとミーシャの父親だということは知っていたのか？,char_003_kalts_1
level_main_06-10_end.json,6-11,「こんな事」,main_6,113,  ………レユニオンはアレックスを受け入れ、彼の父を殺し、その姉を攫った。,char_003_kalts_1
level_main_06-10_end.json,6-11,「こんな事」,main_6,114,  フッ……,char_003_kalts_1
level_main_06-10_end.json,6-11,「こんな事」,main_6,116,  レッド。彼女にチャンスを与える。,char_003_kalts_1
level_main_06-10_end.json,6-11,「こんな事」,main_6,122,  一度だけ、私を殺すチャンスを与えよう。,char_003_kalts_1
level_main_06-10_end.json,6-11,「こんな事」,main_6,128,  普段なら、「後悔したことは一度もない」と言うところだが……,char_003_kalts_1
level_main_06-10_end.json,6-11,「こんな事」,main_6,129,  今日だけは素直に教えてやろう。一つだけ、とても後悔していることがある。,char_003_kalts_1
level_main_06-10_end.json,6-11,「こんな事」,main_6,130,  ——だがそれは、君の父の件とは全く関係のないことで、だ。,char_003_kalts_1
level_main_06-10_end.json,6-11,「こんな事」,main_6,138,  霧か？,char_003_kalts_1
level_main_06-10_end.json,6-11,「こんな事」,main_6,142,  霧……いや、本質は煙と言うべきか。,char_003_kalts_1
level_main_06-10_end.json,6-11,「こんな事」,main_6,143,  口腔内の発煙器官を使い、神経伝達によって煙を起こしている。確かに感染器官を利用した特殊なアーツだ。,char_003_kalts_1
level_main_06-10_end.json,6-11,「こんな事」,main_6,150,  リュドミラ、私はたまたま逃げ延びただけだ。,char_003_kalts_1
level_main_06-10_end.json,6-11,「こんな事」,main_6,154,  フッ。君の父は『正当と正義』を君に読ませたことがあるだろう？,char_003_kalts_1
level_main_06-10_end.json,6-11,「こんな事」,main_6,158,  五歳の君にそんな本を読ませるとは……イリヤは本当に、非常識な奴だったな。,char_003_kalts_1
level_main_06-10_end.json,6-11,「こんな事」,main_6,159,  奴はあの本が好きだった。真夏のある日、奴が君と本を抱えながら窓際に立ち、茂みには陽射しの茜色が映っていた光景を思い出す。奴は君に手を振るよう諭したが、君は頑なに顔を背けていたな。,char_003_kalts_1
level_main_06-10_end.json,6-11,「こんな事」,main_6,163,  あの日の夜、奴は私に尋ねた——もし石棺を封じ込め、中の装置の存在がウルサスに漏れなければ、より多くの人を救えるのではないかとな。,char_003_kalts_1
level_main_06-10_end.json,6-11,「こんな事」,main_6,164,  そう、ウルサスがあの装置を戦争に用いることを阻止できるのではないかと。,char_003_kalts_1
level_main_06-10_end.json,6-11,「こんな事」,main_6,168,  イリヤは石棺封印作戦の発案者の一人だった。そして、奴の信じた理念はその一生を左右することになった。,char_003_kalts_1
level_main_06-10_end.json,6-11,「こんな事」,main_6,169,  君は父の闘志を受け継いだようだが、君の父は決して闘志だけの男ではなかった……,char_003_kalts_1
level_main_06-10_end.json,6-11,「こんな事」,main_6,170,  リュドミラ、もし君が私を裏切り者と決めつけ、殺したいというならそうすればいい。ただし——,char_003_kalts_1
level_main_06-10_end.json,6-11,「こんな事」,main_6,171,  暴力という修羅の道を歩むなら、いずれ必ず君以上の力を持つ存在に遭遇することになる。,char_003_kalts_1
level_main_06-10_end.json,6-11,「こんな事」,main_6,181,  私が術師に見えるのか？　確かに感染者ではあるが……,char_003_kalts_1
level_main_06-10_end.json,6-11,「こんな事」,main_6,182,  来い、mon3tr。,char_003_kalts_1
level_main_06-10_end.json,6-11,「こんな事」,main_6,188,  どうやら君自身は霧の影響を受けないようだな。ではこれが見えるだろう。,char_003_kalts_1
level_main_06-10_end.json,6-11,「こんな事」,main_6,194,  私は術師ではない。アーツに頼ったことなどこれまで一度もない。,char_003_kalts_1
level_main_06-10_end.json,6-11,「こんな事」,main_6,195,  行け、mon3tr。,char_003_kalts_1
level_main_06-10_end.json,6-11,「こんな事」,main_6,207,  消し去れ……,char_003_kalts_1
level_main_06-10_end.json,6-11,「こんな事」,main_6,211,  ……彼女の頭上に落ちてくるものを。,char_003_kalts_1
level_main_06-10_end.json,6-11,「こんな事」,main_6,215,  暴れ過ぎだ。建物が崩れるぞ、彼女が潰されないようにしろ。,char_003_kalts_1
level_main_06-10_end.json,6-11,「こんな事」,main_6,225,  なぜだ？,char_003_kalts_1
level_main_06-10_end.json,6-11,「こんな事」,main_6,231,  ……死ぬ心の準備が本当にできているというのか？,char_003_kalts_1
level_main_06-10_end.json,6-11,「こんな事」,main_6,235,  君は、死にたいのか？,char_003_kalts_1
level_main_06-10_end.json,6-11,「こんな事」,main_6,239,  もし本当に私が裏切り者だとしたらどうする？　私を殺せば、君はそれで満足するのか？,char_003_kalts_1
level_main_06-10_end.json,6-11,「こんな事」,main_6,243,  イリヤは私の教え子であり、良き友だった。,char_003_kalts_1
level_main_06-10_end.json,6-11,「こんな事」,main_6,244,  君の父は私が教えた中ではトップクラスの研究者の一人だったよ。彼の私利私欲のなさと真面目さがあれば、本来ならウルサスの発展を五年ほど前に進められていたはずさ。,char_003_kalts_1
level_main_06-10_end.json,6-11,「こんな事」,main_6,248,  いや、君は聞きたいさ。君はこれまでも自分に疑問を抱き続けてきたのだから。,char_003_kalts_1
level_main_06-10_end.json,6-11,「こんな事」,main_6,249,  君はセルゲイに話をするチャンスは与えなかっただろう。だから私がその代わりに語ろうとしているだけだ。,char_003_kalts_1
level_main_06-10_end.json,6-11,「こんな事」,main_6,250,  ——私は誰も売ったことはない、無論セルゲイのこともだ。,char_003_kalts_1
level_main_06-10_end.json,6-11,「こんな事」,main_6,251,  セルゲイは優柔不断なところこそあれども、決して貪欲な人間ではなかった。,char_003_kalts_1
level_main_06-10_end.json,6-11,「こんな事」,main_6,252,  だが、生まれたばかりの子供たちがウルサスの手に落ち、自分の家族を救うために、君の父たちの行動を当局に流したんだ。,char_003_kalts_1
level_main_06-10_end.json,6-11,「こんな事」,main_6,253,  だが今となっては、ミーシャもアレックスも、どちらも死んだ。秘密を売っても、誰も守れなかったというわけだ。,char_003_kalts_1
level_main_06-10_end.json,6-11,「こんな事」,main_6,260,  ……,char_003_kalts_1
level_main_06-10_end.json,6-11,「こんな事」,main_6,261,  それができなかったからだ。,char_003_kalts_1
level_main_06-10_end.json,6-11,「こんな事」,main_6,262,  君の父を研究所から離れるように、説得することができなかった。,char_003_kalts_1
level_main_06-10_end.json,6-11,「こんな事」,main_6,263,  リュドミラ、私はチェルノボーグを離れる前に、君をシラクーザへと送ったはずだが、君は自らあの都市へ戻ったな。,char_003_kalts_1
level_main_06-10_end.json,6-11,「こんな事」,main_6,264,  君は君の父と同じだ。意志というものは、時間にすら打ち克つこともある。,char_003_kalts_1
level_main_06-10_end.json,6-11,「こんな事」,main_6,265,  君は必ずチェルノボーグへ戻ることとなる。ここで私と出会ったように。,char_003_kalts_1
level_main_06-10_end.json,6-11,「こんな事」,main_6,270,  それは違うな。研究員たちは自らの死によって秘密を守り抜いた。,char_003_kalts_1
level_main_06-10_end.json,6-11,「こんな事」,main_6,271,  それによりウルサスは石棺内の装置を解析できないまま、研究施設を破棄し、封印することとなったのだ。,char_003_kalts_1
level_main_06-10_end.json,6-11,「こんな事」,main_6,272,  ウルサスにできたのは、少しばかりのエネルギーを持ち帰り、チェルノボーグの動力コアにした程度に過ぎない。,char_003_kalts_1
level_main_06-10_end.json,6-11,「こんな事」,main_6,273,  私が「裏切り者」という称号に値するとすれば、それはウルサスという国家に対しての裏切り者になるだろう。,char_003_kalts_1
level_main_06-10_end.json,6-11,「こんな事」,main_6,274,  君の父の努力には意味があった。ウルサスが全てを覆い隠しても、君はそれを覚えているはずだ。,char_003_kalts_1
level_main_06-10_end.json,6-11,「こんな事」,main_6,275,  そして私も覚えている。,char_003_kalts_1
level_main_06-10_end.json,6-11,「こんな事」,main_6,279,  ……だが君のこれまでの行いには、一体どんな意味があったのだ？,char_003_kalts_1
level_main_06-10_end.json,6-11,「こんな事」,main_6,280,  ウルサスは研究所を丸ごと葬り、科学者の中でも希少な思いやりの心を持つ者を抹殺した。真の裏切り者は誰か。それは強欲な帝国そのものだ。,char_003_kalts_1
level_main_06-10_end.json,6-11,「こんな事」,main_6,281,  それなのに君は何をしてきた？　君はセルゲイを殺しただけだ。自身の子供すら守れなかった哀れな男をだ。,char_003_kalts_1
level_main_06-10_end.json,6-11,「こんな事」,main_6,282,  そして今、龍門にたどり着いたというわけだ。もし君と感染者の同胞たちが、本当にこの都市を手中に収ることができたら、元いた市民たちはどうするつもりだ？,char_003_kalts_1
level_main_06-10_end.json,6-11,「こんな事」,main_6,283,  皆殺しにするのか？　それとも全員奴隷にでも？　あるいは荒野に放逐し、見殺しにするか？,char_003_kalts_1
level_main_06-10_end.json,6-11,「こんな事」,main_6,287,  彼ら全員を鉱石病にし感染者とすることで、君たちの苦しみを彼らに伝えるか？,char_003_kalts_1
level_main_06-10_end.json,6-11,「こんな事」,main_6,288,  ……それとも、彼らと平和的共存を望むのか？,char_003_kalts_1
level_main_06-10_end.json,6-11,「こんな事」,main_6,289,  君たちにそれができるのか？　リュドミラ、今のレユニオンにそれができると思うか？　君はこんな方法で感染者の国家を築こうというのか？　それともこれがウルサスに対抗するための術か？,char_003_kalts_1
level_main_06-10_end.json,6-11,「こんな事」,main_6,290,  もしウルサスに対抗するつもりだというなら、なぜ龍門に来た？　恐怖を武器にしたとして、あのウルサスに勝てるとでも思うのか？,char_003_kalts_1
level_main_06-10_end.json,6-11,「こんな事」,main_6,294,  ……,char_003_kalts_1
level_main_06-10_end.json,6-11,「こんな事」,main_6,295,  Mon3tr、戻れ。,char_003_kalts_1
level_main_06-10_end.json,6-11,「こんな事」,main_6,299,  彼女には聞こえているだろう。,char_003_kalts_1
level_main_06-10_end.json,6-11,「こんな事」,main_6,300,  「クラウンスレイヤー」。レユニオンと君の憎しみは、他人の手のひらで転がされているに過ぎない。,char_003_kalts_1
level_main_06-10_end.json,6-11,「こんな事」,main_6,301,  君の父のことを思い出せ、君がイリヤから何を教わったのかを。,char_003_kalts_1
level_main_06-10_end.json,6-11,「こんな事」,main_6,302,  そして考えるんだ、本当は誰に復讐を果たすべきなのかを。,char_003_kalts_1
level_main_06-10_end.json,6-11,「こんな事」,main_6,303,  殺人と恐怖で舗装された道に君を引き入れた……君のリーダーは到底まともとは言えない。,char_003_kalts_1
level_main_06-10_end.json,6-11,「こんな事」,main_6,304,  真の理想主義者ならば、他人を自分のために死なせはしない。ましてや、自分の代わりに凶行をさせるなど、もってのほかだ。,char_003_kalts_1
level_main_06-10_end.json,6-11,「こんな事」,main_6,305,  ここを離れるんだ。この場所を離れ、今とは違う道を往け。,char_003_kalts_1
level_main_06-10_end.json,6-11,「こんな事」,main_6,306,  この大地を真の意味で変えられる道を……もし君がそれを望むのなら。,char_003_kalts_1
level_main_06-10_end.json,6-11,「こんな事」,main_6,315,  家を追われたハイエナを敢えて殺すべきだと思うか？　その家が虚構のものだったとしても。,char_003_kalts_1
level_main_06-10_end.json,6-11,「こんな事」,main_6,319,  では、レッド、彼女は私を殺すことで喜びを感じると思うか？,char_003_kalts_1
level_main_06-10_end.json,6-11,「こんな事」,main_6,323,  我々は法の代弁者ではないし、ましてや他人を裁く権利など有していない。我々には確かに他人を殺めるだけの能力はあるが、殺戮の正当性を宣言する権利などどこにもない。,char_003_kalts_1
level_main_06-10_end.json,6-11,「こんな事」,main_6,324,  もし彼女が殺戮に興奮と快楽を覚えるような者なら、私はすぐにでも彼女を殺していた。迷わずにな。,char_003_kalts_1
level_main_06-10_end.json,6-11,「こんな事」,main_6,328,  今の彼女はウイルスの温床になりえる。「不安」という名のウイルスを、荒れ狂うチェルノボーグの感染者たちの中に撒き散らすだろう。,char_003_kalts_1
level_main_06-10_end.json,6-11,「こんな事」,main_6,329,  ……人は何歳まで生き、どれだけのことを成せると思う？　我々の目が欺瞞に覆われていた時間は、事実を見極めるために要した時よりも長い。,char_003_kalts_1
level_main_06-10_end.json,6-11,「こんな事」,main_6,330,  それに、真実を見極めることと自らの決断をすることは全く別だ。,char_003_kalts_1
level_main_06-10_end.json,6-11,「こんな事」,main_6,331,  彼女が集団的復讐心から目覚る時が来れば、必ずレユニオンを離れるだろう。それでも、セルゲイの血、そしてチェルノボーグ人たちの血は、彼女の指先から拭い去ることはできないだろう。,char_003_kalts_1
level_main_06-10_end.json,6-11,「こんな事」,main_6,332,  レッド……人という生き物は、自ら下した選択をやり直すことはできない。,char_003_kalts_1
level_main_06-10_end.json,6-11,「こんな事」,main_6,336,  いい子だ。,char_003_kalts_1
level_main_06-10_end.json,6-11,「こんな事」,main_6,337,  あの匂いは覚えたか？,char_003_kalts_1
level_main_06-10_end.json,6-11,「こんな事」,main_6,341,  どんな匂いだ？,char_003_kalts_1
level_main_06-10_end.json,6-11,「こんな事」,main_6,346,  バカな子だ。タルラはドラコ人だ。オオカミは彼女であるはずがないだろう？,char_003_kalts_1
level_main_06-10_end.json,6-11,「こんな事」,main_6,351,  ああ、行こう。,char_003_kalts_1
level_main_06-10_end.json,6-11,「こんな事」,main_6,352,  ……気温が下がり始めたな。時間は緊迫している、ここからは効率が重要になる。,char_003_kalts_1
level_main_06-12_end.json,6-14,氷原の霜,main_6,185,  たまたま通りがかっただけだ。,char_003_kalts_1
level_main_06-12_end.json,6-14,氷原の霜,main_6,186,  君たちの心理状態が多少不安定になっているようだ。どうやらチェルノボーグの廃都市で、あのレユニオンの小隊との間に深い交流があったようだな。,char_003_kalts_1
level_main_06-12_end.json,6-14,氷原の霜,main_6,187,  見た限り、あの小隊の隊長は戦いには参加していない。,char_003_kalts_1
level_main_06-12_end.json,6-14,氷原の霜,main_6,190,  龍門の眼は、もう感染者を追うことはないだろう。だがロドスの視野は、一つの都市など比べ物にならないほどに広い。,char_003_kalts_1
level_main_06-12_end.json,6-14,氷原の霜,main_6,191,  ここから先は龍門はもう干渉してこない。もちろん君たちも干渉しない選択肢を選ぶことはできる。,char_003_kalts_1
level_main_06-12_end.json,6-14,氷原の霜,main_6,192,  ……だが君たちは、それを選ばないだろう。「メフィスト」と呼ばれる感染者も、「フロストノヴァ」と呼ばれる感染者もな。,char_003_kalts_1
level_main_06-12_end.json,6-14,氷原の霜,main_6,195,  私には私の仕事がある。,char_003_kalts_1
level_main_06-12_end.json,6-14,氷原の霜,main_6,196,  それと、Dr.{@nickname}……,char_003_kalts_1
level_main_06-12_end.json,6-14,氷原の霜,main_6,197,  そんな目で私を見るな。,char_003_kalts_1
level_main_06-12_end.json,6-14,氷原の霜,main_6,200,  だが私と君の間に信頼は必要ない。,char_003_kalts_1
level_main_06-12_end.json,6-14,氷原の霜,main_6,201,  君が必要としているのはオペレーターたちの信頼であって、私の信頼ではない。,char_003_kalts_1
level_main_06-12_end.json,6-14,氷原の霜,main_6,202,  ——君のことなど嫌というほど知っている。だから私は君を信頼などしない。かつては君も私のことを信頼していなかったようにな。,char_003_kalts_1
level_main_06-12_end.json,6-14,氷原の霜,main_6,205,  ……,char_003_kalts_1
level_main_06-12_end.json,6-14,氷原の霜,main_6,206,  そうだ。,char_003_kalts_1
level_main_06-12_end.json,6-14,氷原の霜,main_6,207,  ……,char_003_kalts_1
level_main_06-12_end.json,6-14,氷原の霜,main_6,208,  失言だった。いま言ったことは忘れてくれ。,char_003_kalts_1
level_main_06-12_end.json,6-14,氷原の霜,main_6,209,  ここからの行動は、より一層警戒が必要だ。死してなお一歩も引かない兵を訓練できる指揮官は、相当に危険な存在だ。,char_003_kalts_1
level_main_06-12_end.json,6-14,氷原の霜,main_6,210,  無論、最後まで見届けるかどうかは、君たち自身で決めると良い。,char_003_kalts_1
level_main_06-12_end.json,6-14,氷原の霜,main_6,211,  そして、体力は温存しておいた方が良い。これから休息する余裕はもうないかもしれないからな。,char_003_kalts_1
level_main_06-12_end.json,6-14,氷原の霜,main_6,214,  事態はそれほど簡単ではない。少なくとも私はそう考えている。,char_003_kalts_1
level_main_06-12_end.json,6-14,氷原の霜,main_6,215,  Dr.{@nickname}、ここから君がロドスの責任を背負うかどうかは、自分自身で決めてくれ……,char_003_kalts_1
level_main_06-12_end.json,6-14,氷原の霜,main_6,216,  ……つまり、「ロドスのオペレーターたちが信頼するに足る者に、君がなるかどうか」を。,char_003_kalts_1
level_main_07-01_end.json,7-2,別れの夜,main_7,13,  先ほど申し上げた通りです、ミスター・ウェイ。今から数えて32時間後、チェルノボーグの中枢区画は龍門に衝突します。,char_003_kalts_1
level_main_07-01_end.json,7-2,別れの夜,main_7,14,  その識別コードはいまだ変わりません。つまり、チェルノボーグという移動都市の一部である中枢区画は、現在もウルサス領土の一部ということです。,char_003_kalts_1
level_main_07-01_end.json,7-2,別れの夜,main_7,20,  その落ち着きようを見るに、ミスター・ウェイはウルサスを平和主義国家とでも考えているのでしょうか。,char_003_kalts_1
level_main_07-01_end.json,7-2,別れの夜,main_7,29,  ミスター・ウェイ。私の知る限り、どの国や都市においてもそのような輩は少なからず見受けられますが。,char_003_kalts_1
level_main_07-01_end.json,7-2,別れの夜,main_7,39,  つまり相手のことを信頼する、たとえそれがウルサスであっても、ということですか？,char_003_kalts_1
level_main_07-01_end.json,7-2,別れの夜,main_7,46,  利益が国策に勝る……それがミスター・ウェイ、あなたがウルサスが協定を守ることを信じる理由ですか？,char_003_kalts_1
level_main_07-01_end.json,7-2,別れの夜,main_7,118,  帝国の議長様はただ傍観しているだけのように聞こえますね。,char_003_kalts_1
level_main_07-01_end.json,7-2,別れの夜,main_7,119,  帝国議会はウルサスの中心にありますが、チェルノボーグの所在地はというと、ウルサスの辺境に当たります。,char_003_kalts_1
level_main_07-01_end.json,7-2,別れの夜,main_7,120,  辺境は今でも、軍と残存旧貴族の勢力圏内にあります。,char_003_kalts_1
level_main_07-01_end.json,7-2,別れの夜,main_7,121,  大反乱の後、軍は再び同じ行動に出る機会を失いましたが、感染者にはそれがありました。,char_003_kalts_1
level_main_07-01_end.json,7-2,別れの夜,main_7,122,  監視下に置かれた全ての旧貴族に、チェルノボーグ事変を計画することは不可能でしたが、感染者には可能でした。,char_003_kalts_1
level_main_07-01_end.json,7-2,別れの夜,main_7,123,  確かに、大多数の訓練されていないレユニオンの感染者程度では、軍事警察や、真相を知らされていないチェルノボーグ治安部隊には対抗できませんが――,char_003_kalts_1
level_main_07-01_end.json,7-2,別れの夜,main_7,124,  天災が発生すれば、それが可能になる確率は上がります。エリアの分断が事前にできていなかったチェルノボーグは、天災を前にしてなす術もありません。,char_003_kalts_1
level_main_07-01_end.json,7-2,別れの夜,main_7,125,  レユニオンは前もって都市に潜入し、武装組織の集結を防ぐ必要がありました。そして軍も彼らの潜入を黙認しました。,char_003_kalts_1
level_main_07-01_end.json,7-2,別れの夜,main_7,126,  龍門の場合は、レユニオンの行動を予測し、近衛局と我々ロドスで彼らの撃退に成功しましたが、チェルノボーグは……,char_003_kalts_1
level_main_07-01_end.json,7-2,別れの夜,main_7,127,  今日に至るまで、チェルノボーグ、あるいはウルサスの公式な声明は……一切出されていません。,char_003_kalts_1
level_main_07-01_end.json,7-2,別れの夜,main_7,128,  答えは明らかです。,char_003_kalts_1
level_main_07-01_end.json,7-2,別れの夜,main_7,129,  チェルノボーグに価値なしと判断したウルサスは、住民の生死を無視し、あっさりとそれをレユニオンに引き渡したのです。,char_003_kalts_1
level_main_07-01_end.json,7-2,別れの夜,main_7,130,  既に鉱石病に感染し、元より生死の間を彷徨い続けている者たちは死など恐れません。彼らは天災に乗じて、すぐにこの都市を占拠しました。,char_003_kalts_1
level_main_07-01_end.json,7-2,別れの夜,main_7,150,  戦争を起こせば、宣戦布告した側は必然的に他国から敵対視され、同盟を結ぶことも困難になります。,char_003_kalts_1
level_main_07-01_end.json,7-2,別れの夜,main_7,151,  つまり先に宣戦状態に入った側は、孤立無援の状況に陥る可能性が高い。,char_003_kalts_1
level_main_07-01_end.json,7-2,別れの夜,main_7,155,  国によっては真実はどうでも良く、ただ攻め入る口実が欲しいだけというケースもある……,char_003_kalts_1
level_main_07-01_end.json,7-2,別れの夜,main_7,156,  それでも、適切な外交手段を用いることができれば、平和は実現可能なものだと私は信じます。,char_003_kalts_1
level_main_07-01_end.json,7-2,別れの夜,main_7,164,  二個の軍はウルサスに開戦を強要することはできても、ウルサス領にいない龍門はどうにもできません。こちらは衝突しようとする移動都市への対応さえできれば……,char_003_kalts_1
level_main_07-01_end.json,7-2,別れの夜,main_7,177,  ミスター・ウェイ、どうか考え直してください。もし開戦すれば、深刻な事態を招く結果になります。,char_003_kalts_1
level_main_07-01_end.json,7-2,別れの夜,main_7,190,  …………,char_003_kalts_1
level_main_07-01_end.json,7-2,別れの夜,main_7,461,  あれは……アーツの奔流？,char_003_kalts_1#2
level_main_07-01_end.json,7-2,別れの夜,main_7,465,  いや……エネルギーでできたシールドなど、あのアーツの前では紙のように引き裂かれるだけだ。,char_003_kalts_1
level_main_07-01_end.json,7-2,別れの夜,main_7,466,  元より彼女の狙いは私たちではない。すぐにあのアーツの攻撃範囲から離れるんだ。,char_003_kalts_1
level_main_07-01_end.json,7-2,別れの夜,main_7,470,  アーツが広がり始めた。下がれ！,char_003_kalts_1#3
level_main_07-01_end.json,7-2,別れの夜,main_7,487,  火で源石を鍛造する……赤霄、か。まだこんな武器が造られていたとは。,char_003_kalts_1
level_main_07-02_end.json,7-3,変節の刃,main_7,104,  ええ、どうぞ。,char_003_kalts_1
level_main_07-02_end.json,7-3,変節の刃,main_7,154,  なんと……,char_003_kalts_1
level_main_07-02_end.json,7-3,変節の刃,main_7,158,  ああ、まあわからなくてもいい。がしかし……極東にこんな粗野な言葉があったなんて、すっかり忘れていたな。,char_003_kalts_1
level_main_07-02_end.json,7-3,変節の刃,main_7,171,  （それはフミヅキ氏も同じだ。多分な……）,char_003_kalts_1
level_main_07-02_end.json,7-3,変節の刃,main_7,198,  フミヅキさんの仰りたいことはよくわかりました。金額云々はさておき、お二人とも、少し私の話を聞いていただけませんか？,char_003_kalts_1
level_main_07-02_end.json,7-3,変節の刃,main_7,202,  このタイミングで申し上げるべきことではないかもしれませんが、率直に言って、今の龍門には外部の助力が必要です。,char_003_kalts_1
level_main_07-02_end.json,7-3,変節の刃,main_7,203,  フミヅキさん、このまま話を続けてもいいですか？,char_003_kalts_1
level_main_07-02_end.json,7-3,変節の刃,main_7,209,  ロドスは一介の製薬会社です。,char_003_kalts_1
level_main_07-02_end.json,7-3,変節の刃,main_7,210,  ただ、この大地は誰にも自由を許しません。特に我々のような、無数の敵を作り得るビジネス理念や政治的スタンスを掲げる一企業に対しては。,char_003_kalts_1
level_main_07-02_end.json,7-3,変節の刃,main_7,211,  各国の狭間を往来する生活も、仕方がないものです。,char_003_kalts_1
level_main_07-02_end.json,7-3,変節の刃,main_7,212,  もちろん各勢力からのプレッシャーに対しては、我々なりに安全と均衡を保つ手段を講じています。,char_003_kalts_1
level_main_07-02_end.json,7-3,変節の刃,main_7,213,  しかし、そういった手段が効力を発揮する大前提として、各勢力の首脳に少しでも理性が残っていなければなりません。,char_003_kalts_1
level_main_07-02_end.json,7-3,変節の刃,main_7,214,  その大前提が危うくなり、特異な状況がいつでも起こりうる現在、ロドスもあらためて相応の対策を準備する必要があります。,char_003_kalts_1
level_main_07-02_end.json,7-3,変節の刃,main_7,218,  提案があります。,char_003_kalts_1
level_main_07-02_end.json,7-3,変節の刃,main_7,222,  こちらからの提案の前に一つ事実をお伝えしておきます。これをミスター・ウェイに話すべきかは悩ましいところですが……,char_003_kalts_1
level_main_07-02_end.json,7-3,変節の刃,main_7,223,  龍門の実力とミスター・ウェイの手腕があれば、ロドスを握りつぶすことなど、目配せ一つで充分です。,char_003_kalts_1
level_main_07-02_end.json,7-3,変節の刃,main_7,224,  我々の技術がどんなに進歩していても、ミスター・ウェイの率いる部隊とは勝負になりません。,char_003_kalts_1
level_main_07-02_end.json,7-3,変節の刃,main_7,225,  あなたに楯突けば、ロドスはきっと血の海に沈むでしょう。,char_003_kalts_1
level_main_07-02_end.json,7-3,変節の刃,main_7,226,  …………,char_003_kalts_1
level_main_07-02_end.json,7-3,変節の刃,main_7,231,  ありがとうございます。,char_003_kalts_1
level_main_07-02_end.json,7-3,変節の刃,main_7,232,  我々が初めてミスター・ウェイと接触した際に、あなたはロドスの武装について興味を示されました。,char_003_kalts_1
level_main_07-02_end.json,7-3,変節の刃,main_7,233,  今なら認めますが、先ほど申し上げた通り、武装面でロドスは龍門の足元にも及びません。,char_003_kalts_1
level_main_07-02_end.json,7-3,変節の刃,main_7,234,  ただ、どんなに強大な武力も、効力の多寡はその時の状況によって左右されるものです。程度の違いはあれどそれは必ずあると言ってもいい。,char_003_kalts_1
level_main_07-02_end.json,7-3,変節の刃,main_7,235,  たとえあなたの部隊でも、何がしかの制限をされていれば、十全な能力を発揮できなくなります。あなた自らが戦場に出た場合でも、相手が弱みを握っている可能性は無視できません。,char_003_kalts_1
level_main_07-02_end.json,7-3,変節の刃,main_7,236,  実は、かつての私の同僚が、ある慈善パーティーでコシチェイ公爵とその養女に会いました。,char_003_kalts_1
level_main_07-02_end.json,7-3,変節の刃,main_7,237,  オークション会場でも貴族のサロンでもないそのパーティーに出席していたのは、それぞれ異なる思惑を持つ組織の代表たちでした。,char_003_kalts_1
level_main_07-02_end.json,7-3,変節の刃,main_7,242,  それからのことはもう予想がつくでしょう、ミスター・ウェイ。あのパーティーで多くの優秀な若者が、自身の理論と構想でそれぞれにふさわしい地位を得ました。しかし――,char_003_kalts_1
level_main_07-02_end.json,7-3,変節の刃,main_7,243,  タルラにそのようなことは起こりませんでした。だからこそ、私も同僚も、あの少女がレユニオンのリーダーとなる位に成長するとは思いもしなかったのです。,char_003_kalts_1
level_main_07-02_end.json,7-3,変節の刃,main_7,244,  ただ、今思えばあのコシチェイ公爵という人物は、必要な場にしか姿を現さず、必要なことしかしません。それ以外は決して表舞台に出てこない……,char_003_kalts_1
level_main_07-02_end.json,7-3,変節の刃,main_7,245,  彼は、力を誇示することで地位を築いてきたわけではありません。そしてタルラも同様でした。二人の関係にどんな意味があるのか、それは我々よりもそちらの方がお詳しいでしょう。,char_003_kalts_1
level_main_07-02_end.json,7-3,変節の刃,main_7,246,  私が得た確証は一つだけ。コシチェイ公爵が彼女を奴隷、あるいは人質として扱っていたという噂は、事実ではないということです。,char_003_kalts_1
level_main_07-02_end.json,7-3,変節の刃,main_7,254,  その通りです。,char_003_kalts_1
level_main_07-02_end.json,7-3,変節の刃,main_7,255,  コシチェイ公爵はあなたが持っているもの、あなたに可能なこととそうでないことを詳細に把握しています。そしてそれは、タルラも同様です。,char_003_kalts_1
level_main_07-02_end.json,7-3,変節の刃,main_7,256,  ミスター・ウェイ、この件をどうかロドスに任せていただけませんでしょうか？　我々こそが今回の事件解決に最も適任のはずです。,char_003_kalts_1
level_main_07-02_end.json,7-3,変節の刃,main_7,257,  アーミヤが言うように、龍門とロドスの正式協定は失効しました。,char_003_kalts_1
level_main_07-02_end.json,7-3,変節の刃,main_7,258,  ロドス本艦は現在、既に龍門の接舷エリアから離脱をしています。これから起きることは、龍門とは一切関係ありません。,char_003_kalts_1
level_main_07-02_end.json,7-3,変節の刃,main_7,259,  アーミヤ、そうだろう？,char_003_kalts_1
level_main_07-02_end.json,7-3,変節の刃,main_7,275,  ミスター・ウェイ、あなたは自分で部隊を率いてチェルノボーグ中枢区画を襲撃するつもりですね？,char_003_kalts_1
level_main_07-02_end.json,7-3,変節の刃,main_7,279,  先ほどのミスター・ウェイの言葉に、あなた自身の意志が現れています。あなたは、それが自分以外には不可能だと思っていらっしゃる。,char_003_kalts_1
level_main_07-02_end.json,7-3,変節の刃,main_7,280,  確かに龍門にはその力が有り、あなたにもウルサスの陰謀を退けた自信がお有りでしょう——,char_003_kalts_1
level_main_07-02_end.json,7-3,変節の刃,main_7,281,  しかも今回の戦い、あなたはご自身の死をもって幕を引くつもりでいらっしゃる。,char_003_kalts_1
level_main_07-02_end.json,7-3,変節の刃,main_7,282,  フミヅキさんの仰るように、あなたは龍門のために多くの不本意な采配をしてきた。そして極め付けが今回行おうという宣戦行為だ。それら一切合切を、ご自身の命で清算しようと考えておられる。,char_003_kalts_1
level_main_07-02_end.json,7-3,変節の刃,main_7,286,  それでも、あなたが亡くなった後、周りが本当に無事でいられると思いますか？,char_003_kalts_1
level_main_07-02_end.json,7-3,変節の刃,main_7,290,  いえ、私が言いたいのは、フミヅキさんのことです。,char_003_kalts_1
level_main_07-02_end.json,7-3,変節の刃,main_7,296,  奥様は、あなたのせいで苦難の道を歩む可能性があります。あなたが亡くなった後、全てを知るのは残された奥様だけなのですから。,char_003_kalts_1
level_main_07-02_end.json,7-3,変節の刃,main_7,297,  あなたに不本意なことをさせるほどの人物です。奥様がどのような仕打ちを受けるかは想像に難くないと思いますが。,char_003_kalts_1
level_main_07-02_end.json,7-3,変節の刃,main_7,298,  確かあの方も、心の広い方ではないでしょう？,char_003_kalts_1
level_main_07-02_end.json,7-3,変節の刃,main_7,304,  どうでしょう、フミヅキさんだけでは済まないかもしれません。,char_003_kalts_1
level_main_07-02_end.json,7-3,変節の刃,main_7,314,  あなたが大切に守ってきた都市……そして心から大切に思っている人のために――,char_003_kalts_1
level_main_07-02_end.json,7-3,変節の刃,main_7,315,  どうかお願いします。この件を専門家に任せてください。,char_003_kalts_1
level_main_07-02_end.json,7-3,変節の刃,main_7,316,  どんな勢力が相手でも勝算があるとまでは言いませんが、感染者のことならば、我々が一番良く知っています。,char_003_kalts_1
level_main_07-02_end.json,7-3,変節の刃,main_7,317,  彼らの望み、そして弱み、全てを識り尽くしています。,char_003_kalts_1
level_main_07-02_end.json,7-3,変節の刃,main_7,318,  感染者に対抗できるのは、感染者の専門家である我々だけです。,char_003_kalts_1
level_main_07-02_end.json,7-3,変節の刃,main_7,324,  さすがミスター・ウェイと言ったところでしょうか。厳しい現状を正確に認識していらっしゃる。,char_003_kalts_1
level_main_07-02_end.json,7-3,変節の刃,main_7,348,  ……では、もう一つ提案があるのですが。,char_003_kalts_1
level_main_07-02_end.json,7-3,変節の刃,main_7,353,  20年前に龍門で亡くなった、エドワード・アルトリウス——つまりタルラ・アルトリウスの父親の件です。,char_003_kalts_1
level_main_07-02_end.json,7-3,変節の刃,main_7,354,  ミスター・ウェイが預かっているはずの、彼の遺品をお借りしたいのですが。,char_003_kalts_1
level_main_07-03_beg.json,7-4,共闘の誓い-1,main_7,138,  二人共、もう資料は手元に渡ってるな？,char_003_kalts_1
level_main_07-03_beg.json,7-4,共闘の誓い-1,main_7,139,  これは、私たち三人の共同指揮による初めての作戦だ。,char_003_kalts_1
level_main_07-03_beg.json,7-4,共闘の誓い-1,main_7,143,  もちろん参加しないという選択肢もある。これは君自身の選択だ。それに口出しする権利は私にはない。,char_003_kalts_1
level_main_07-03_beg.json,7-4,共闘の誓い-1,main_7,147,  ああ。,char_003_kalts_1
level_main_07-03_beg.json,7-4,共闘の誓い-1,main_7,160,  ふん。,char_003_kalts_1
level_main_07-03_beg.json,7-4,共闘の誓い-1,main_7,166,  Dr.{@nickname}。,char_003_kalts_1
level_main_07-03_beg.json,7-4,共闘の誓い-1,main_7,167,  君も私も過去を水に流すという選択肢はない。道徳を振りかざしたところで、私たちのような手合いが良い人間になることはない。,char_003_kalts_1
level_main_07-03_beg.json,7-4,共闘の誓い-1,main_7,171,  君の要求を断るとは言っていない、アーミヤ。,char_003_kalts_1
level_main_07-03_beg.json,7-4,共闘の誓い-1,main_7,172,  ただ、盲目的な寛容や、憤る権利の無条件放棄は、自身とその立場をいたずらに弱くするだけだ。,char_003_kalts_1
level_main_07-03_beg.json,7-4,共闘の誓い-1,main_7,173,  この最低限の権利を手放すつもりはない。,char_003_kalts_1
level_main_07-03_beg.json,7-4,共闘の誓い-1,main_7,174,  だが今は個人的感情はしばらく脇に置こう。まずはあの移動都市への対応が先決だ。,char_003_kalts_1
level_main_07-03_beg.json,7-4,共闘の誓い-1,main_7,175,  一刻も早く、徹底的に解決しなくては。,char_003_kalts_1
level_main_07-03_beg.json,7-4,共闘の誓い-1,main_7,187,  アーミヤ。,char_003_kalts_1
level_main_07-03_beg.json,7-4,共闘の誓い-1,main_7,195,  …………,char_003_kalts_1#2
level_main_07-03_beg.json,7-4,共闘の誓い-1,main_7,202,  …………,char_003_kalts_1
level_main_07-03_beg.json,7-4,共闘の誓い-1,main_7,214,  アーミヤ。そこまで卑屈になる必要はない。,char_003_kalts_1
level_main_07-03_beg.json,7-4,共闘の誓い-1,main_7,215,  Dr.{@nickname}にも得手不得手はある。リハビリには時間が必要だ。Dr.{@nickname}はいずれ必要な時に正しい選択をしてくれるだろうさ。,char_003_kalts_1
level_main_07-03_beg.json,7-4,共闘の誓い-1,main_7,216,  目覚めてから今までの出来事を、再び忘れることもないだろう。,char_003_kalts_1
level_main_07-03_beg.json,7-4,共闘の誓い-1,main_7,217,  その重い口が開く時を、精々期待せずに待つのみだ——,char_003_kalts_1
level_main_07-03_beg.json,7-4,共闘の誓い-1,main_7,224,  …………,char_003_kalts_1
level_main_07-03_beg.json,7-4,共闘の誓い-1,main_7,225,  君がそれでいいのなら。,char_003_kalts_1
level_main_07-03_beg.json,7-4,共闘の誓い-1,main_7,226,  しかしそんなにあっさり承諾するとは思わなかったな。何か裏でもあるんじゃないかと疑ってすらいるよ。,char_003_kalts_1
level_main_07-03_beg.json,7-4,共闘の誓い-1,main_7,227,  まあそれでも別に構わないが……,char_003_kalts_1
level_main_07-03_beg.json,7-4,共闘の誓い-1,main_7,228,  Dr.{@nickname}。よろしく。,char_003_kalts_1
level_main_07-03_beg.json,7-4,共闘の誓い-1,main_7,237,  ロドスなりのやり方ならある。,char_003_kalts_1
level_main_07-03_beg.json,7-4,共闘の誓い-1,main_7,238,  資料を見てくれ。作戦の詳細を説明しよう。,char_003_kalts_1
level_main_07-03_beg.json,7-4,共闘の誓い-1,main_7,239,  4時間後、チェルノボーグ中枢区画の進行ルート付近に、小規模の砂嵐を起こす予定だ。,char_003_kalts_1
level_main_07-03_beg.json,7-4,共闘の誓い-1,main_7,314,  多くの戦闘ミッションを経験してきた結果、ロドスのオペレーターにとって隠密侵入のスキルは、ほぼ必修科目になっている。,char_003_kalts_1
level_main_07-03_beg.json,7-4,共闘の誓い-1,main_7,322,  もちろんこれは、侵入の痕跡を隠すためだけのものだ。我々は単純な直球勝負のみの作戦は基本的にしない。確実な成功のためには、複合的な戦略が必要だ。,char_003_kalts_1
level_main_07-03_beg.json,7-4,共闘の誓い-1,main_7,323,  アザゼル診療所から得た資料が、私の手元にあったチェルノボーグ設計図の正確性を証明した。中枢区画の下層構造は把握済みだ。,char_003_kalts_1
level_main_07-03_beg.json,7-4,共闘の誓い-1,main_7,324,  我々は、中枢区画の排水施設とインフラ部分の両方から侵入する。それと同時に、囮部隊も展開する。,char_003_kalts_1
level_main_07-03_beg.json,7-4,共闘の誓い-1,main_7,325,  エサがなければ、獲物は隙を見せないからな。,char_003_kalts_1
level_main_07-03_beg.json,7-4,共闘の誓い-1,main_7,329,  ふっ……ああ、そうだ。,char_003_kalts_1
level_main_07-03_beg.json,7-4,共闘の誓い-1,main_7,330,  だが時間が経つにつれ、どんなに凡庸なハンターでも獲物と囮の区別はつくようになる。我々の意図が看破される前に、奴らの懐に侵入を完了しなければならない。,char_003_kalts_1
level_main_07-04_end.json,7-5,共闘の誓い-2,main_7,17,  その通りだ。状況は逼迫している。,char_003_kalts_1
level_main_07-04_end.json,7-5,共闘の誓い-2,main_7,24,  砂地で移動都市が通りかかるのを待っていたら、相対速度的にも高度的にも、かなりの行動制限を受ける。作戦遂行は実質不可能だ。,char_003_kalts_1
level_main_07-04_end.json,7-5,共闘の誓い-2,main_7,25,  移動都市下層部のメンテナンス口やダストシュートをこじ開けられなければ、用意したエサやカモフラージュが無意味になる。,char_003_kalts_1
level_main_07-04_end.json,7-5,共闘の誓い-2,main_7,26,  我々の五個小隊は、砂嵐を隠れ蓑にして中枢区画に接近、最終的にその下層に位置する工業エリアに侵入する。,char_003_kalts_1
level_main_07-04_end.json,7-5,共闘の誓い-2,main_7,30,  ウルサスの地方官僚相手に勇み足を踏むつもりはない。,char_003_kalts_1
level_main_07-04_end.json,7-5,共闘の誓い-2,main_7,31,  容易に動向を察知された挙げ句、遣わされた高速軍艦でロドスごと蹂躙されるのはご免だからな。,char_003_kalts_1
level_main_07-04_end.json,7-5,共闘の誓い-2,main_7,32,  この辺境の地でそんなことが起きても、メディアで報道されることはない。ただ資産家や保険会社が、裏で入手した被害者の名前を顧客リストから消し、宙に浮いた財産をそっと金庫にしまうだけだ。,char_003_kalts_1
level_main_07-04_end.json,7-5,共闘の誓い-2,main_7,33,  誰も口を開くことはない。ウルサスがそれを望まないからだ。,char_003_kalts_1
level_main_07-04_end.json,7-5,共闘の誓い-2,main_7,34,  中立の立場はロドスに自由を保証しているが、その代わり、我々はどこかの政治勢力を後ろ盾にすることはできない。,char_003_kalts_1
level_main_07-04_end.json,7-5,共闘の誓い-2,main_7,35,  水面下の行動は我々の基本的生存戦略だ。君を救出する際も同様の状況だった。憶えていないだろうがね。,char_003_kalts_1
level_main_07-04_end.json,7-5,共闘の誓い-2,main_7,36,  作戦規模の大小に関わらず、ロドスが同時派遣可能な最大戦力は、5個小隊。それが我々の戦略を成り立たせる必須条件だ。,char_003_kalts_1
level_main_07-04_end.json,7-5,共闘の誓い-2,main_7,40,  ,char_003_kalts_1
level_main_07-04_end.json,7-5,共闘の誓い-2,main_7,41,  龍門ほどの規模の都市でも、本気を出せば我々を潰すのは容易い。,char_003_kalts_1
level_main_07-04_end.json,7-5,共闘の誓い-2,main_7,42,  君も目にしたと思うが、近衛局や、他国のエリート兵団にも劣らぬ特殊部隊の実力は一介の製薬会社とは比べ物にもならない。我々は自分たちで思うほど強い存在ではないのだよ。,char_003_kalts_1
level_main_07-04_end.json,7-5,共闘の誓い-2,main_7,46,  この陰謀には既に感染者が巻き込まれているからだ。ロドスが戦う理由はその一点に尽きる。,char_003_kalts_1
level_main_07-04_end.json,7-5,共闘の誓い-2,main_7,47,  今ロドスは龍門を離れ、時速15キロで次の目的地へ航行中だ。,char_003_kalts_1
level_main_07-04_end.json,7-5,共闘の誓い-2,main_7,48,  その間、我々は荒野に数週間留まることになるかもしれない。,char_003_kalts_1
level_main_07-04_end.json,7-5,共闘の誓い-2,main_7,49,  ロドスの通信員と一部の限られた船以外、誰も我々との交信はできない。全ての視線を避ける移動ルートを選択しているのだ。,char_003_kalts_1
level_main_07-04_end.json,7-5,共闘の誓い-2,main_7,50,  もし龍門が約束を破るようなことになったとしても、我々を見つけ出すのは容易ではあるまい。邪魔をされる前に中枢区画を止める。そのための本作戦だ。,char_003_kalts_1
level_main_07-04_end.json,7-5,共闘の誓い-2,main_7,56,  そうだ。他にも策が必要だ。より効果的で、かつ致命的な——,char_003_kalts_1
level_main_07-04_end.json,7-5,共闘の誓い-2,main_7,62,  待てアーミヤ……私が笑っただって？,char_003_kalts_1
level_main_07-04_end.json,7-5,共闘の誓い-2,main_7,66,  何だ、そういうことか。,char_003_kalts_1
level_main_07-04_end.json,7-5,共闘の誓い-2,main_7,70,  いや。言っておくが、私は友好関係を築くつもりはない。,char_003_kalts_1
level_main_07-04_end.json,7-5,共闘の誓い-2,main_7,76,  ちなみにこの五つの小隊を率いるのは、私とアーミヤ、それと他三名のエリートオペレーターだ。,char_003_kalts_1
level_main_07-04_end.json,7-5,共闘の誓い-2,main_7,77,  偵察小隊が一つ、作戦小隊が三つ、残る一つは特殊工作小隊だ。,char_003_kalts_1
level_main_07-04_end.json,7-5,共闘の誓い-2,main_7,78,  そういえば……隊長の中に一人、作戦開始前に君に会っておいてもらいたい人物がいる——,char_003_kalts_1
level_main_07-04_end.json,7-5,共闘の誓い-2,main_7,178,  …………,char_003_kalts_1
level_main_07-04_end.json,7-5,共闘の誓い-2,main_7,179,  その反応を見る限りだと、もう会っているみたいだな。,char_003_kalts_1
level_main_07-04_end.json,7-5,共闘の誓い-2,main_7,188,  重要なのは行動だ。計画はあくまで机上の空論に過ぎない。行動中の予期せぬ出来事が計画を覆すことは大いにあり得る。,char_003_kalts_1
level_main_07-04_end.json,7-5,共闘の誓い-2,main_7,282,  各ドライバー、等速を維持。図面の通り、登攀ツールが使用可能な距離まで中枢区画下層部に接近する。では状況開始！,char_003_kalts_1
level_main_07-04_end.json,7-5,共闘の誓い-2,main_7,344,  サポートならいる。,char_003_kalts_1
level_main_07-04_end.json,7-5,共闘の誓い-2,main_7,348,  私だ。,char_003_kalts_1
level_main_07-04_end.json,7-5,共闘の誓い-2,main_7,353,  Dr.{@nickname}、自分で運命を掴むのは、また次の機会にするがいい。,char_003_kalts_1
level_main_07-05_beg.json,7-6,忘却の地,main_7,17,  そうだ。君を待っていた。遅いぞ。,char_003_kalts_1
level_main_07-05_beg.json,7-6,忘却の地,main_7,20,  周辺の把握が終わり次第行動を開始する。それまでに、君にここの現状を説明しよう。,char_003_kalts_1
level_main_07-05_beg.json,7-6,忘却の地,main_7,21,  アーミヤは現場の処理に向かわせた。このブリーフィングには参加しない。,char_003_kalts_1
level_main_07-05_beg.json,7-6,忘却の地,main_7,22,  任務の概要には既に目を通していると思うが、君がここで行動するにあたって、あれだけの資料では足りないだろう。,char_003_kalts_1
level_main_07-05_beg.json,7-6,忘却の地,main_7,25,  もし最悪の状況が発生した場合、君が理由も知らないまま命を失うのはさすがに忍びないのでな。,char_003_kalts_1
level_main_07-05_beg.json,7-6,忘却の地,main_7,27,  私の顔に気になる部分があるならはっきり言ってくれて構わない。黙りこくって見つめられてもわからないのでな。,char_003_kalts_1
level_main_07-05_beg.json,7-6,忘却の地,main_7,29,  覚えていないかもしれないが、君の特技は確か、インスタント麺を口の中で調理することだったな。乾麺と粉末スープを口に入れて、熱湯を注いで3分。碗もフォークも要らないと豪語していたが……,char_003_kalts_1
level_main_07-05_beg.json,7-6,忘却の地,main_7,30,  ここから生還できたら試してみるといい。,char_003_kalts_1
level_main_07-05_beg.json,7-6,忘却の地,main_7,32,  無駄話はここまでにしよう。時間がない。,char_003_kalts_1
level_main_07-05_beg.json,7-6,忘却の地,main_7,33,  先日の龍門における戦闘で、ロドスと近衛局は協力してレユニオンを撃退し、「メフィスト」と「クラウンスレイヤー」が率いる部隊を壊滅させた。,char_003_kalts_1
level_main_07-05_beg.json,7-6,忘却の地,main_7,34,  これにより、レユニオンは、龍門内の戦力を全て失った。,char_003_kalts_1
level_main_07-05_beg.json,7-6,忘却の地,main_7,35,  アーミヤから報告は受けている。君たちはレユニオンの特殊部隊の指揮官――「フロストノヴァ」という名の感染者と、龍門の底部で熾烈な戦いを繰り広げたと。,char_003_kalts_1
level_main_07-05_beg.json,7-6,忘却の地,main_7,36,  最後は君たちが勝利を収めたようだが。,char_003_kalts_1
level_main_07-05_beg.json,7-6,忘却の地,main_7,39,  そうか……PRTSからの報告によると、君はオペレーターの協力のもと、ロドスで敵感染者の遺体を処理したそうだな。,char_003_kalts_1
level_main_07-05_beg.json,7-6,忘却の地,main_7,42,  Dr.{@nickname}、「敵味方の分別をわきまえろ」。,char_003_kalts_1
level_main_07-05_beg.json,7-6,忘却の地,main_7,43,  ……いや、この言い方は勘違いを生むかもしれん。ひとまず、最後まで話を聞いてくれ。,char_003_kalts_1
level_main_07-05_beg.json,7-6,忘却の地,main_7,46,  君を責めているのではない、Dr.{@nickname}。,char_003_kalts_1
level_main_07-05_beg.json,7-6,忘却の地,main_7,47,  アーミヤから敵指揮官の事情は聞いている。現場を君たちに任せている以上、状況にどう対処するかは、現場にいる君たち次第だ。,char_003_kalts_1
level_main_07-05_beg.json,7-6,忘却の地,main_7,48,  責任を負わない私には、現場の判断に口出しする資格がない。,char_003_kalts_1
level_main_07-05_beg.json,7-6,忘却の地,main_7,49,  君は感染者の行動の動機を理解しようとした。フロストノヴァ——彼女の行動がもたらした結果を背負いたいと思った。,char_003_kalts_1
level_main_07-05_beg.json,7-6,忘却の地,main_7,50,  そしてそれを実行した……と、そういうことだな。,char_003_kalts_1
level_main_07-05_beg.json,7-6,忘却の地,main_7,51,  君がこの大地で起こっている出来事を真摯に理解しようとしているなら、私には君を責める理由はない、ドクター。,char_003_kalts_1
level_main_07-05_beg.json,7-6,忘却の地,main_7,52,  それどころか、オペレーターたちに対し、君の行動を保証することも厭わない。どうかその姿勢を貫いてくれ、Dr.{@nickname}。君の判断には、私もなるべく干渉しないようにする。,char_003_kalts_1
level_main_07-05_beg.json,7-6,忘却の地,main_7,53,  それによる結果のうち、ロドスの責任となる部分は私が背負う。,char_003_kalts_1
level_main_07-05_beg.json,7-6,忘却の地,main_7,54,  君の責任と権限は互いに補完し合う事で成立する。「敵味方の分別をわきまえろ」とは言ったが、それは君自身が判断するのだ。私ではなく、な。,char_003_kalts_1
level_main_07-05_beg.json,7-6,忘却の地,main_7,55,  …………,char_003_kalts_1
level_main_07-05_beg.json,7-6,忘却の地,main_7,56,  （もし君が本当に彼らと共に生きようとするならば、な。）,char_003_kalts_1
level_main_07-05_beg.json,7-6,忘却の地,main_7,59,  そうは言っていないが。,char_003_kalts_1
level_main_07-05_beg.json,7-6,忘却の地,main_7,60,  話を戻そうか。フロストノヴァが率いた小隊「スノーデビル」は、とある感染者遊撃隊に属している。,char_003_kalts_1
level_main_07-05_beg.json,7-6,忘却の地,main_7,61,  今現在、レユニオンに動かせる精鋭部隊は残り二つのみ。遊撃隊はその一つだ。,char_003_kalts_1
level_main_07-05_beg.json,7-6,忘却の地,main_7,62,  そしてもう一つの精鋭部隊は、サルカズの傭兵「W」という指揮官が率いるサルカズ傭兵軍だ。,char_003_kalts_1
level_main_07-05_beg.json,7-6,忘却の地,main_7,63,  情報では、Wは様々な手段を用いて、サルカズ傭兵軍のリーダーの座を手に入れたそうだ。,char_003_kalts_1
level_main_07-05_beg.json,7-6,忘却の地,main_7,64,  はっきり言おう。このサルカズ傭兵軍という連中は信用ならない。それはWにとっても、レユニオンにとっても、という意味だ。,char_003_kalts_1
level_main_07-05_beg.json,7-6,忘却の地,main_7,65,  彼女らは普通の傭兵組織ではない。カズデルの管理キャパシティを超えた軍事力が、各地に溢れ出た結果の産物だ。,char_003_kalts_1
level_main_07-05_beg.json,7-6,忘却の地,main_7,66,  それを利用しようとすれば、後ろで糸を引いている者を呼び寄せる羽目になるだけだ。,char_003_kalts_1
level_main_07-05_beg.json,7-6,忘却の地,main_7,69,  重要なのはそこではない。,char_003_kalts_1
level_main_07-05_beg.json,7-6,忘却の地,main_7,70,  問題は、スノーデビルの所属する遊撃隊は、他の傭兵たちとは全く違うということだ。,char_003_kalts_1
level_main_07-05_beg.json,7-6,忘却の地,main_7,71,  隊の形式、編制、行動の傾向、そして掲げる理念。遊撃隊と傭兵との間には、共通点は一つもない。,char_003_kalts_1
level_main_07-05_beg.json,7-6,忘却の地,main_7,72,  レユニオンの配下になる以前、独立した一個の組織だった彼らは、一部地域の感染者たちの間で、後からのし上がってきたレユニオンよりもその名を轟かせていた。,char_003_kalts_1
level_main_07-05_beg.json,7-6,忘却の地,main_7,73,  彼らの正体は……元ウルサス軍の一部だ。,char_003_kalts_1
level_main_07-05_beg.json,7-6,忘却の地,main_7,76,  …………,char_003_kalts_1
level_main_07-05_beg.json,7-6,忘却の地,main_7,77,  どこでその情報を手に入れたのかは知らないが、賞賛に値する情報収集能力だ、ドクター。,char_003_kalts_1
level_main_07-05_beg.json,7-6,忘却の地,main_7,78,  入手自体はさほど難しいものではないが、君が自ら情報を得ようとするその姿勢は、喜ばしいことだ。,char_003_kalts_1
level_main_07-05_beg.json,7-6,忘却の地,main_7,81,  ま、これくらいにしておこう。,char_003_kalts_1
level_main_07-05_beg.json,7-6,忘却の地,main_7,82,  ここからの行動について伝える。,char_003_kalts_1
level_main_07-05_beg.json,7-6,忘却の地,main_7,83,  私たちが率いる三つの小隊は、地下通路、下水道および工業エリアをくぐり抜け、中央エリアへ向かう。,char_003_kalts_1
level_main_07-05_beg.json,7-6,忘却の地,main_7,84,  注意すべきなのは、ここで巡回している敵は、通常のレユニオンの暴徒たちとは違うということだ。,char_003_kalts_1
level_main_07-05_beg.json,7-6,忘却の地,main_7,85,  厳しく訓練された「兵士」に遭遇することになる。ウルサス軍流のやり方で遊撃隊が鍛え上げた、レユニオンの「兵士」たちだ。,char_003_kalts_1
level_main_07-05_beg.json,7-6,忘却の地,main_7,86,  それに加えて、我々の偵察隊が都市の通信網が人為的に切断されていることを発見した。あるいは、レユニオンは通信を維持する気がないのかもしれない。,char_003_kalts_1
level_main_07-05_beg.json,7-6,忘却の地,main_7,87,  通常の通信手段を使用する現代の戦術部隊にとっては、かなりの牽制となる。,char_003_kalts_1
level_main_07-05_beg.json,7-6,忘却の地,main_7,88,  つまりは、レユニオンには特殊な通信手段がある、もしくはまだ応戦の準備ができていない、ということを意味するが——,char_003_kalts_1
level_main_07-05_beg.json,7-6,忘却の地,main_7,89,  チェルノボーグ事変を鑑みれば、後者である可能性はほぼゼロだ。しかし通信を切断すれば、下層にいるレユニオン兵は一切の指示を受けられなくなる。,char_003_kalts_1
level_main_07-05_beg.json,7-6,忘却の地,main_7,90,  つまり、ほとんどの時間、彼らは自由な独立行動をとるはずだ。,char_003_kalts_1
level_main_07-05_beg.json,7-6,忘却の地,main_7,91,  おそらく彼らはまだ気づいていないだろう。自分たちのチャンネルが受信できないシグナル――国や都市にしか識別できないあのシグナルが、ウルサスの画策する陰謀を乗せて発信されていることに。,char_003_kalts_1
level_main_07-05_beg.json,7-6,忘却の地,main_7,92,  この都市は嵐を孕んでいる。意図的であろうとそうでなかろうと、混乱は重い煙のように広がっていくだろう。,char_003_kalts_1
level_main_07-05_beg.json,7-6,忘却の地,main_7,93,  私より先に、誰かによって崩壊の種が既に撒かれていたのだ。,char_003_kalts_1
level_main_07-05_beg.json,7-6,忘却の地,main_7,96,  レユニオンの内部に衝突が生まれつつある。,char_003_kalts_1
level_main_07-05_beg.json,7-6,忘却の地,main_7,99,  似たようなことは、この大地で何度も繰り返されている。,char_003_kalts_1
level_main_07-05_beg.json,7-6,忘却の地,main_7,102,  言えることはほぼ伝えた。残りは必要な時に話そう。,char_003_kalts_1
level_main_07-05_beg.json,7-6,忘却の地,main_7,103,  戦闘の準備段階とはいえ、効率も考えなければならないのだ。,char_003_kalts_1
level_main_07-05_beg.json,7-6,忘却の地,main_7,104,  ドクター、R-4小隊に指令を出してくれ。これらの装備を取りに来るようにと。,char_003_kalts_1
level_main_07-05_beg.json,7-6,忘却の地,main_7,107,  まだ何か？,char_003_kalts_1
level_main_07-05_beg.json,7-6,忘却の地,main_7,110,  そうだ。,char_003_kalts_1
level_main_07-05_beg.json,7-6,忘却の地,main_7,111,  なるほど、君と彼女の交流は生物処理室での会話だけではなかったようだな。,char_003_kalts_1
level_main_07-05_beg.json,7-6,忘却の地,main_7,117,  エリートオペレーターにはそれぞれがかなりの力量を持っている。一人で小隊以上の働きをする必要があるからだ。,char_003_kalts_1
level_main_07-05_beg.json,7-6,忘却の地,main_7,118,  ……ということは、君はまだ彼女の戦い振りを見ていないのだな。,char_003_kalts_1
level_main_07-05_beg.json,7-6,忘却の地,main_7,119,  言っておくが、彼らに全てを背負わせるわけにはいかない。ロドスの戦地指揮官には様々な責任があり、オペレーターの負担を軽減するのもその内の一つだ。,char_003_kalts_1
level_main_07-05_beg.json,7-6,忘却の地,main_7,120,  しかし……この後の戦いで、君は衝撃を受けるかもしれないな。,char_003_kalts_1
level_main_07-05_beg.json,7-6,忘却の地,main_7,123,  ロスモンティスの戦いに驚かない者はまずいない。,char_003_kalts_1
level_main_07-05_beg.json,7-6,忘却の地,main_7,124,  覚悟をしておくのだな。,char_003_kalts_1
level_main_07-05_end.json,7-6,忘却の地,main_7,25,  …………,char_003_kalts_1
level_main_07-05_end.json,7-6,忘却の地,main_7,26,  質問があるようだな。聞いてやろう。,char_003_kalts_1
level_main_07-05_end.json,7-6,忘却の地,main_7,31,  ここは私に任せておけ。君には戦闘能力を失った敵負傷者の確認を頼む。あの中には伝令兵もいるはずだ。,char_003_kalts_1
level_main_07-05_end.json,7-6,忘却の地,main_7,32,  もし彼らに逃げられたら、我々の作戦に支障が出る。,char_003_kalts_1
level_main_07-05_end.json,7-6,忘却の地,main_7,40,  14歳だ。,char_003_kalts_1
level_main_07-05_end.json,7-6,忘却の地,main_7,162,  ここにいたのか。ずいぶんと探したぞ。,char_003_kalts_1
level_main_07-05_end.json,7-6,忘却の地,main_7,165,  ……高火力で迅速かつ効果的に敵を無力化することができ、優れた自制心と臨機応変さを併せ持つ。,char_003_kalts_1
level_main_07-05_end.json,7-6,忘却の地,main_7,166,  ロスモンティスは、ロドスで最も優秀な殲滅戦要員の一人だ。,char_003_kalts_1
level_main_07-05_end.json,7-6,忘却の地,main_7,167,  対人コミュニケーションにはやや難がある上、戦闘スタイルも外見に反して容赦無く見える。,char_003_kalts_1
level_main_07-05_end.json,7-6,忘却の地,main_7,168,  彼女と比べれば、チェーンソーを振り回すブレイズの方がまだ受け入れやすいかもしれないな。ロスモンティスの戦闘中に飛び散る破片には確かに不安を覚えるが……,char_003_kalts_1
level_main_07-05_end.json,7-6,忘却の地,main_7,169,  私の保証で君の不安が少しでも和らぐのならそうしよう。君に私の言葉が信じられるのであれば、だが。,char_003_kalts_1
level_main_07-05_end.json,7-6,忘却の地,main_7,170,  ――ロスモンティスが敵を殺してしまうことは実は少ない。戦い方は衝撃的に見えるが、彼女の目的は相手の戦闘能力を奪うことだ。,char_003_kalts_1
level_main_07-05_end.json,7-6,忘却の地,main_7,171,  その証拠に、先ほどの戦闘では、全ての敵の武装が解除されたが、誰一人死んではいない。,char_003_kalts_1
level_main_07-05_end.json,7-6,忘却の地,main_7,172,  彼女の武器コントロール精度は、以前よりかなり向上している。,char_003_kalts_1
level_main_07-05_end.json,7-6,忘却の地,main_7,173,  もちろん、敵の重症者が助かるかどうかは、中枢区画を完全制圧するまでの時間にかかっている。その時になって初めて、ここに医療班を送らせることが可能になるからな。,char_003_kalts_1
level_main_07-05_end.json,7-6,忘却の地,main_7,174,  だが当然、致命的なダメージを与えることが、目的を達成する条件になる時もある。その際に死傷者が出るのは避けられないことだと覚えておいてくれ。,char_003_kalts_1
level_main_07-05_end.json,7-6,忘却の地,main_7,175,  ……まだ不満そうだ。目の当たりにした事実に耐えられないのか？,char_003_kalts_1
level_main_07-05_end.json,7-6,忘却の地,main_7,179,  現実は君の想像をはるかに超えるものだろう。,char_003_kalts_1
level_main_07-05_end.json,7-6,忘却の地,main_7,180,  恐ろしいほどのアーツの才能や精神感応能力を持っていたことが、彼女をエリートオペレーターに抜擢した理由ではない。,char_003_kalts_1
level_main_07-05_end.json,7-6,忘却の地,main_7,181,  逆に、エリートオペレーターになったからこそ、このような素質を開花させたと言える。,char_003_kalts_1
level_main_07-05_end.json,7-6,忘却の地,main_7,182,  「実力を鑑みて彼女を戦場に送るべき」という理屈ではなく、「彼女を戦士にしなければ、恐ろしい結果が待っている」と我々は判断したのだ。,char_003_kalts_1
level_main_07-05_end.json,7-6,忘却の地,main_7,186,  端的に言えば、彼女の身体からにじみ出るアーツは、放っておくと他人の命を奪ってしまう。彼女が望むと望まざるとに拘らず、な。,char_003_kalts_1
level_main_07-05_end.json,7-6,忘却の地,main_7,187,  人間同士の殺し合いは普遍であり、この大地では途切れることなく発生しているが、多くの人は自らの意志で武器を振るっているはずだ。,char_003_kalts_1
level_main_07-05_end.json,7-6,忘却の地,main_7,188,  自我を失った人が人と呼べるかという問題について議論するつもりはない。だが我々が向き合わなければならないのは、まさにこの問題の延長だ。,char_003_kalts_1
level_main_07-05_end.json,7-6,忘却の地,main_7,189,  「人間から自我が奪われた後、そこに残った個体をいったいどう定義するのか？」,char_003_kalts_1
level_main_07-05_end.json,7-6,忘却の地,main_7,190,  「その個体が兵器となり、それによって他者の命が奪われた時、咎められるべきは誰なのか？」,char_003_kalts_1
level_main_07-05_end.json,7-6,忘却の地,main_7,191,  その兵器を生み出した者か、その兵器を利用した者か、それとも兵器にされた張本人か？,char_003_kalts_1
level_main_07-05_end.json,7-6,忘却の地,main_7,195,  そのうち説明してやれる時間があるかもしれないが、今は少し自分の頭で考えてみてくれ。,char_003_kalts_1
level_main_07-05_end.json,7-6,忘却の地,main_7,196,  ちなみにもう一つ……年齢のことだ。,char_003_kalts_1
level_main_07-05_end.json,7-6,忘却の地,main_7,197,  アーミヤが背伸びをしている姿を見て、君が勘違いをしている……かどうかはわからないが——,char_003_kalts_1
level_main_07-05_end.json,7-6,忘却の地,main_7,198,  戦場で兵器として恐れられる子供は、たとえ外見が幼くても普通の子供として見られることはまずない。,char_003_kalts_1
level_main_07-05_end.json,7-6,忘却の地,main_7,199,  ――ましてや、多くのことを経験したあの二人なら尚のこと。,char_003_kalts_1
level_main_07-05_end.json,7-6,忘却の地,main_7,200,  少しお喋りが過ぎたな……さて、そろそろ地表に向けて出発する頃合だ。もう一度自分の装備をチェックしてくれ。,char_003_kalts_1
level_main_07-05_end.json,7-6,忘却の地,main_7,204,  ……本人に訊けばいい。,char_003_kalts_1
level_main_07-05_end.json,7-6,忘却の地,main_7,205,  むしろ、それは本人の口から聞くべきことだ。,char_003_kalts_1
level_main_07-05_end.json,7-6,忘却の地,main_7,218,  ワルファリンか。もうすぐ出発だ。言いたいことがあれば要点だけにしろ。,char_003_kalts_1
level_main_07-05_end.json,7-6,忘却の地,main_7,222,  預言？,char_003_kalts_1
level_main_07-05_end.json,7-6,忘却の地,main_7,226,  ……アーミヤこそがこの作戦の発起人であり、総指揮なのだが。,char_003_kalts_1
level_main_07-05_end.json,7-6,忘却の地,main_7,230,  ワルファリン。私たちがカズデルを離れてから、どれほど経っていると思う？,char_003_kalts_1
level_main_07-05_end.json,7-6,忘却の地,main_7,234,  話は終わりだな。それでは行くぞ。　,char_003_kalts_1
level_main_07-05_end.json,7-6,忘却の地,main_7,238,  冗談に付き合ってる暇はない。,char_003_kalts_1
level_main_07-05_end.json,7-6,忘却の地,main_7,242,  そうだ、ワルファリン。時が経つのは早い。,char_003_kalts_1
level_main_07-05_end.json,7-6,忘却の地,main_7,243,  そもそもコータスとブラッドブルードとでは、成長速度に天地ほどの開きがある……私たちがカズデルを出てから今日までで既に3年が経過している。,char_003_kalts_1
level_main_07-05_end.json,7-6,忘却の地,main_7,244,  君にとっては一瞬かもしれないが、アーミヤが成長するには十分な時間だ。,char_003_kalts_1
level_main_07-05_end.json,7-6,忘却の地,main_7,248,  ……「最後のウェンディゴは魔王の手によって死ぬ」？,char_003_kalts_1
level_main_07-05_end.json,7-6,忘却の地,main_7,252,  預言の原文は「ホルテクツの仔、サルカズに背きし者、及び其の不義の血脈に連なる末裔は、サルカズ君主の手ずから断絶せらる」というものだ。,char_003_kalts_1
level_main_07-05_end.json,7-6,忘却の地,main_7,253,  あれは預言とは呼べない。彼らの純粋な——いわゆる「血脈」が生き延びていようがいまいが、今でもウルサスやクルビアには多くのウェンディゴが生存している。,char_003_kalts_1
level_main_07-05_end.json,7-6,忘却の地,main_7,254,  ……数十人を「多く」と言って差し支えないのであれば、な。,char_003_kalts_1
level_main_07-05_end.json,7-6,忘却の地,main_7,255,  それに、当時の状況を考えれば、あれは威嚇や牽制として見るのが妥当だろう。ウェンディゴがカズデルから離れることを望まない者は大勢いた。,char_003_kalts_1
level_main_07-05_end.json,7-6,忘却の地,main_7,259,  ……君も歳を取ったな。サルカズ巫術の「預言」などという戯言を信じるとは。,char_003_kalts_1
level_main_07-05_end.json,7-6,忘却の地,main_7,263,  私は鉱石病に感染している。その時が来るまでは常に死と隣り合わせだ。ワルファリン、私の命はきっと君の想像よりも短いだろう。,char_003_kalts_1
level_main_07-05_end.json,7-6,忘却の地,main_7,268,  深刻な話を始めたのは君の方だろうに。,char_003_kalts_1
level_main_07-05_end.json,7-6,忘却の地,main_7,276,  …………,char_003_kalts_1
level_main_07-05_end.json,7-6,忘却の地,main_7,277,  私は違うのだ、ワルファリン。私はサルカズではない。,char_003_kalts_1
level_main_07-05_end.json,7-6,忘却の地,main_7,281,  いや……,char_003_kalts_1
level_main_07-05_end.json,7-6,忘却の地,main_7,282,  わかった、ベストを尽くそう。,char_003_kalts_1
level_main_07-05_end.json,7-6,忘却の地,main_7,283,  ……ワルファリン、私も彼のことはよく覚えている。,char_003_kalts_1
level_main_07-05_end.json,7-6,忘却の地,main_7,287,  そううまく行くとは思わないことだな。,char_003_kalts_1
level_main_07-05_end.json,7-6,忘却の地,main_7,291,  ……君の忠告は遅過ぎた。君のところにはまだ伝わっていないかもしれないが、不吉なことが既に起きている。,char_003_kalts_1
level_main_07-05_end.json,7-6,忘却の地,main_7,292,  先日、チェルノボーグの感染者診療所「アザゼル」より最新の情報が入った。判明したのは彼がレユニオンに協力しているということだけではない。,char_003_kalts_1
level_main_07-05_end.json,7-6,忘却の地,main_7,293,  それから、彼と敵対するなら、ウルサスで最も凶悪な太刀筋を味わうことになると、君も知っているはずだ。,char_003_kalts_1
level_main_07-05_end.json,7-6,忘却の地,main_7,294,  ロドスのオペレーターをそんな危険に晒すべきではない。,char_003_kalts_1
level_main_07-05_end.json,7-6,忘却の地,main_7,298,  ……努力次第、か。,char_003_kalts_1
level_main_07-05_end.json,7-6,忘却の地,main_7,302,  もう一つ注意しておこう。前にも言ったことがある……君は忘れたかもしれないが。,
level_main_07-05_end.json,7-6,忘却の地,main_7,303,  今回、それを理由に君を咎めるようなことはしない。しかし万が一の時には、何か強制的な手段を取る用意はある。,
level_main_07-05_end.json,7-6,忘却の地,main_7,304,  横暴だとは言わせない、ワルファリン。これは掟だ。,
level_main_07-05_end.json,7-6,忘却の地,main_7,305,  「いかなる場合でも――たとえロドスの中にいても――『魔王』という言葉を口にすることは一切禁ずる。」,
level_main_07-05_end.json,7-6,忘却の地,main_7,306,  絶対にだ。,
level_main_07-06_beg.json,7-8,沈黙者の憤怒-1,main_7,112,  だが、それによって我々も作戦変更を余儀なくされるだろうな。,char_003_kalts_1
level_main_07-06_beg.json,7-8,沈黙者の憤怒-1,main_7,113,  今後もこの移動都市は、何度か停止すると予想される。敵指揮官が馬脚を露わして、感染者難民の受け入れを拒否しない限りは。,char_003_kalts_1
level_main_07-06_beg.json,7-8,沈黙者の憤怒-1,main_7,114,  もしウェイが、停止したタイミングで攻撃を展開すれば、敵は防衛配置を変更するだろう。そうなれば我々は奇襲のアドバンテージを失うことになる。,char_003_kalts_1
level_main_07-06_beg.json,7-8,沈黙者の憤怒-1,main_7,123,  偵察小隊と特殊工作小隊は先に到着しているはずだ。全てが順調に進行している。今のところはな。,char_003_kalts_1
level_main_07-06_beg.json,7-8,沈黙者の憤怒-1,main_7,127,  偵察小隊と特殊工作小隊には、それぞれ単独の任務がある。,char_003_kalts_1
level_main_07-06_beg.json,7-8,沈黙者の憤怒-1,main_7,128,  今回の作戦では、ロドスの通信スペシャリストの一人、Raidianが偵察小隊を率いている。,char_003_kalts_1
level_main_07-06_beg.json,7-8,沈黙者の憤怒-1,main_7,129,  Raidianの采配により、偵察小隊は我々作戦部隊の通信ハブとして機能する。,char_003_kalts_1
level_main_07-06_beg.json,7-8,沈黙者の憤怒-1,main_7,130,  ここから他の隊と連絡を取れるということは、偵察小隊がきっちり仕事をしている証拠だ。,char_003_kalts_1
level_main_07-06_beg.json,7-8,沈黙者の憤怒-1,main_7,133,  偵察隊員は常に単独隠密行動だからな。,char_003_kalts_1
level_main_07-06_beg.json,7-8,沈黙者の憤怒-1,main_7,134,  Outcast、Raidian、それからチェルノボーグでの救出作戦で犠牲になったScout――,char_003_kalts_1
level_main_07-06_beg.json,7-8,沈黙者の憤怒-1,main_7,135,  偵察部隊の隊長を担当するオペレーターは、隊を率い、危機の探知と報告、そして時には排除までをも一身に担う。,char_003_kalts_1
level_main_07-06_beg.json,7-8,沈黙者の憤怒-1,main_7,136,  Raidianは、他の二人ほど戦闘に長けているというわけではないが、戦局を左右するという面では、ロドスでも屈指の人材と言えよう。,char_003_kalts_1
level_main_07-06_beg.json,7-8,沈黙者の憤怒-1,main_7,137,  今回の攻撃はこちらの三つの作戦小隊によって行う。Raidianたちは戦闘には参加しない。,char_003_kalts_1
level_main_07-06_beg.json,7-8,沈黙者の憤怒-1,main_7,138,  特殊工作小隊の任務は、正面での作戦とは関係ないところにある。,char_003_kalts_1
level_main_07-06_beg.json,7-8,沈黙者の憤怒-1,main_7,141,  今は必要なことだけ知っていれば作戦に支障はない。それ以上の事については、これから自ずと判ってくる。,char_003_kalts_1
level_main_07-06_beg.json,7-8,沈黙者の憤怒-1,main_7,142,  それぞれ役割の異なるチームによる最小編成を一単位として部隊を構成する。その強固な構造は安定した戦果をもたらす。,char_003_kalts_1
level_main_07-06_beg.json,7-8,沈黙者の憤怒-1,main_7,143,  それに対し、強大な敵には複雑で緻密なネットワーク構造がある。喩えるなら大木のようなものだ。地中に張り巡らせた根から養分を吸い上げるため、多少枝を切られても活動維持に影響はない。,char_003_kalts_1
level_main_07-06_beg.json,7-8,沈黙者の憤怒-1,main_7,144,  我々の任務は、地を這って接近し、土に潜って根を燃やすことだ。,char_003_kalts_1
level_main_07-06_beg.json,7-8,沈黙者の憤怒-1,main_7,147,  ふっ。君に理解できないはずはない——,char_003_kalts_1
level_main_07-06_beg.json,7-8,沈黙者の憤怒-1,main_7,148,  「ドクター」。,char_003_kalts_1
level_main_07-06_beg.json,7-8,沈黙者の憤怒-1,main_7,164,  ――アーミヤ。,char_003_kalts_1
level_main_07-06_beg.json,7-8,沈黙者の憤怒-1,main_7,168,  気を付けろ……感じないか？,char_003_kalts_1
level_main_07-06_beg.json,7-8,沈黙者の憤怒-1,main_7,170,  オペレーター諸君……防護装置を着用せよ。,char_003_kalts_1
level_main_07-06_beg.json,7-8,沈黙者の憤怒-1,main_7,176,  あれは彼女のアーツの感応領域ではないよ。,char_003_kalts_1
level_main_07-06_beg.json,7-8,沈黙者の憤怒-1,main_7,177,  アーミヤ、感情ばかりに頼るな。感情だけが感覚ではないだろう。手で髪に触れた時、最初に受ける感覚は、恋しいや嬉しいといった感情ではないはずだ。もっと表層にも意識を巡らせて。,char_003_kalts_1
level_main_07-06_beg.json,7-8,沈黙者の憤怒-1,main_7,181,  内面よりも表面的なものに集中するんだ。君ならできる。,char_003_kalts_1
level_main_07-06_beg.json,7-8,沈黙者の憤怒-1,main_7,193,  術の完成後は自律的に作動する、古い儀式だな。,char_003_kalts_1
level_main_07-06_beg.json,7-8,沈黙者の憤怒-1,main_7,194,  ――これは現代のアーツでも、戦術でもない。,char_003_kalts_1
level_main_07-06_beg.json,7-8,沈黙者の憤怒-1,main_7,201,  敵は、「純血種」のサルカズかもしれない。現代では使われるはずのないこの技術は、古代サルカズとサルゴン人の間だけに伝わっていたものだ。,char_003_kalts_1
level_main_07-06_beg.json,7-8,沈黙者の憤怒-1,main_7,209,  巫術「人喰い」。,char_003_kalts_1
level_main_07-06_beg.json,7-8,沈黙者の憤怒-1,main_7,210,  確かこの儀式はそういう名前だったはずだ。不穏にも程があるが、それに見合った凄まじい殺傷力を持つ。,char_003_kalts_1
level_main_07-06_beg.json,7-8,沈黙者の憤怒-1,main_7,211,  儀式で使用される装置を「祭壇」と呼ぶのも無理からぬことだ。,char_003_kalts_1
level_main_07-06_beg.json,7-8,沈黙者の憤怒-1,main_7,218,  完全には無理だ。儀式が生み出すエネルギーは、装置の耐久性能を遥かに超えている。,char_003_kalts_1
level_main_07-06_beg.json,7-8,沈黙者の憤怒-1,main_7,219,  天災で破壊されたこの都市では、儀式は最大限の効果を発揮する。,char_003_kalts_1
level_main_07-06_beg.json,7-8,沈黙者の憤怒-1,main_7,220,  我々の防護装置では、儀式による影響を相殺することはできない。古に創られた巫術だからこそ、その威力は計り知れない。,char_003_kalts_1
level_main_07-06_beg.json,7-8,沈黙者の憤怒-1,main_7,221,  我々にできるのは、防護装置でそのダメージを少しでも削ぎつつ、エリア全体を制圧してから「祭壇」を破壊することだ。,char_003_kalts_1
level_main_07-06_beg.json,7-8,沈黙者の憤怒-1,main_7,222,  サルカズの儀式は、現代アーツへの挑戦というだけではない。,char_003_kalts_1
level_main_07-06_beg.json,7-8,沈黙者の憤怒-1,main_7,223,  あれは、この大地にある他の全文明へのアンチテーゼとも言える。歴史上のサルカズたちがそう画策していたように。,char_003_kalts_1
level_main_07-06_beg.json,7-8,沈黙者の憤怒-1,main_7,227,  ああ。だがサルカズの歴史は比喩ではない。,char_003_kalts_1
level_main_07-06_beg.json,7-8,沈黙者の憤怒-1,main_7,228,  チェルノボーグの中枢区画を守っているのは普通のレユニオンだけではない。この点については既に話したはずだ。,char_003_kalts_1
level_main_07-06_beg.json,7-8,沈黙者の憤怒-1,main_7,229,  連中はおそらく、「ニューラルネットワーク」における各「中枢」を頼りに、大規模な連携行動を取っているものと予想される。,char_003_kalts_1
level_main_07-06_beg.json,7-8,沈黙者の憤怒-1,main_7,230,  そんな集団に対し、通常の近代的戦略を想定して応戦しても、連中はセオリーに反する動きをするだろう。,char_003_kalts_1
level_main_07-06_beg.json,7-8,沈黙者の憤怒-1,main_7,231,  想像してみるといい。近代における戦争の経験しかなく、サルカズの戦い方を知らない部隊が、連中の前にのこのこ出て行ったら……,char_003_kalts_1
level_main_07-06_beg.json,7-8,沈黙者の憤怒-1,main_7,232,  惨敗は火を見るより明らかだ。,char_003_kalts_1
level_main_07-06_beg.json,7-8,沈黙者の憤怒-1,main_7,243,  いいだろう。私が奇襲に同行しよう。,char_003_kalts_1
level_main_07-06_beg.json,7-8,沈黙者の憤怒-1,main_7,248,  ――わかった。,char_003_kalts_1
level_main_07-06_beg.json,7-8,沈黙者の憤怒-1,main_7,249,  私の助力が必要ないなら……Dr.{@nickname}。,char_003_kalts_1
level_main_07-06_beg.json,7-8,沈黙者の憤怒-1,main_7,253,  アーミヤの采配に協力してやってくれ。,char_003_kalts_1
level_main_07-06_beg.json,7-8,沈黙者の憤怒-1,main_7,254,  状況の判断は君たち自身に任せる。,char_003_kalts_1
level_main_07-06_beg.json,7-8,沈黙者の憤怒-1,main_7,269,  …………,char_003_kalts_1
level_main_07-06_beg.json,7-8,沈黙者の憤怒-1,main_7,270,  （ふっ。）,char_003_kalts_1
level_main_07-06_beg.json,7-8,沈黙者の憤怒-1,main_7,271,  （あとは任せた、Dr.{@nickname}。我々を失望させないでくれよ。）,char_003_kalts_1
level_main_07-06_beg.json,7-8,沈黙者の憤怒-1,main_7,287,  （君が、過去のDr.{@nickname}とは違うと証明してくれ。）,
level_main_07-06_beg.json,7-8,沈黙者の憤怒-1,main_7,288,  （今こそ……）,
level_main_07-06_beg.json,7-8,沈黙者の憤怒-1,main_7,289,  （いや、どういう状況でもだ、Dr.{@nickname}。君はそうする他に選択肢はない……）,
level_main_07-07_end.json,7-9,沈黙者の憤怒-2,main_7,112,  アーミヤ。彼の識別コードをスキャンしてくれ。,char_003_kalts_1
level_main_07-07_end.json,7-9,沈黙者の憤怒-2,main_7,123,  説明してくれないか……Guard。,
level_main_07-08_beg.json,7-10,暗がりの火,main_7,14,  Guard、君の行動について説明してくれと言っている。,char_003_kalts_1
level_main_07-08_beg.json,7-10,暗がりの火,main_7,89,  （アーミヤ。）,char_003_kalts_1
level_main_07-08_beg.json,7-10,暗がりの火,main_7,93,  （ここからは落ち着いて行動するように。）,char_003_kalts_1
level_main_07-08_beg.json,7-10,暗がりの火,main_7,116,  そこのウルサスの感染者。,char_003_kalts_1
level_main_07-08_beg.json,7-10,暗がりの火,main_7,121,  君に、幾つかの問題について諮りたいのだが。,char_003_kalts_1
level_main_07-08_beg.json,7-10,暗がりの火,main_7,126,  ふむ……君は比較的、高等な教育を受けているようだな。,char_003_kalts_1
level_main_07-08_beg.json,7-10,暗がりの火,main_7,131,  では訊くが、君の後ろにいる男——かつて我々の一員だったが今はレユニオンとなった彼のことを、君は信頼しているのか？,char_003_kalts_1
level_main_07-08_beg.json,7-10,暗がりの火,main_7,136,  ロドスには、「戦闘状態においても、罪なき一般人の生存を優先的に確保せよ」という行動規約がある。,char_003_kalts_1
level_main_07-08_beg.json,7-10,暗がりの火,main_7,137,  しかし、君が「罪なき一般人」の分類に入るかどうかは、まだ判断しかねるが……どうしたものかな？,char_003_kalts_1
level_main_07-08_beg.json,7-10,暗がりの火,main_7,138,  そうだな……よし——,char_003_kalts_1
level_main_07-08_beg.json,7-10,暗がりの火,main_7,164,  Guard……君の首に触れている刃は、8度の切入角しかない。6mm刃を入れるだけで君の大動脈を切断できる。,char_003_kalts_1
level_main_07-08_beg.json,7-10,暗がりの火,main_7,165,  お嬢さん。,char_003_kalts_1
level_main_07-08_beg.json,7-10,暗がりの火,main_7,169,  彼は、彼自身の言葉の中にあったように、君たちの生存の権利を、迷いなく守ってくれたのか？,char_003_kalts_1
level_main_07-08_beg.json,7-10,暗がりの火,main_7,173,  彼、あるいは彼が所属するレユニオン部隊が、君の命を脅かす、あるいは君を傷つけるような行動をしたことはないか？,char_003_kalts_1
level_main_07-08_beg.json,7-10,暗がりの火,main_7,174,  事実だけ教えてほしい。君の返答次第で彼の処分が決定する。,char_003_kalts_1
level_main_07-08_beg.json,7-10,暗がりの火,main_7,178,  彼個人として、レユニオンの命令に従って他人を害するような行為はあったか？,char_003_kalts_1
level_main_07-08_beg.json,7-10,暗がりの火,main_7,182,  私が重きを置くのは、目撃者と被害者の証言だ。君が彼女の権利を保証していると主張するのに対し、君が不当な行為を行わなかったかどうかを判断する唯一の材料は、このお嬢さんの言葉しかない。,char_003_kalts_1
level_main_07-08_beg.json,7-10,暗がりの火,main_7,183,  君の言葉は単に君の言い分に過ぎない。,char_003_kalts_1
level_main_07-08_beg.json,7-10,暗がりの火,main_7,187,  彼女の立ち位置は君とは違う。,char_003_kalts_1
level_main_07-08_beg.json,7-10,暗がりの火,main_7,188,  君には力がある。破壊を伴う攻撃や、脅迫に効果を発揮する力だ。それをどう使うかは別問題として。,char_003_kalts_1
level_main_07-08_beg.json,7-10,暗がりの火,main_7,196,  彼は君たちのために、他のレユニオンに抵抗したことはあるか？　他のレユニオンの侵害から君たちを守っていたか？,char_003_kalts_1
level_main_07-08_beg.json,7-10,暗がりの火,main_7,202,  緊急の措置とはいえ、我々の行為は、ウルサスの最低限のモラルを逸脱していないと判断する。そして彼のことを告訴したのは君だ。,char_003_kalts_1
level_main_07-08_beg.json,7-10,暗がりの火,main_7,208,  彼女の答えが先だ。,char_003_kalts_1
level_main_07-08_beg.json,7-10,暗がりの火,main_7,209,  言うんだ。でないと、誰も真実を知りえない。,char_003_kalts_1
level_main_07-08_beg.json,7-10,暗がりの火,main_7,217,  Mon3tr。,char_003_kalts_1
level_main_07-08_beg.json,7-10,暗がりの火,main_7,224,  アーミヤ。ドクター。,char_003_kalts_1
level_main_07-08_beg.json,7-10,暗がりの火,main_7,228,  行くぞ。,char_003_kalts_1
level_main_07-08_end.json,7-10,暗がりの火,main_7,44,  人間の中にある最も醜悪な感情は、誰かに扇動される必要はない。そのまま放置するだけで、都市一つを塗りつぶすのには充分だ。,char_003_kalts_1
level_main_07-08_end.json,7-10,暗がりの火,main_7,48,  アーミヤ、君はもうあんな茶番で驚きはしないだろうと思ったが。,char_003_kalts_1
level_main_07-08_end.json,7-10,暗がりの火,main_7,52,  交渉に時間を費やし過ぎては、次の行動の妨げになる。,char_003_kalts_1
level_main_07-08_end.json,7-10,暗がりの火,main_7,62,  Guard、君を殺すようなことはしない。,char_003_kalts_1
level_main_07-08_end.json,7-10,暗がりの火,main_7,63,  君はロドスのオペレーターだ。私がまず信じているのは君の方だ。,char_003_kalts_1
level_main_07-08_end.json,7-10,暗がりの火,main_7,64,  どちらかというと、あれは彼女のための心理療法みたいなものだ。結果的に、二人で君の無実を証明した。,char_003_kalts_1
level_main_07-08_end.json,7-10,暗がりの火,main_7,69,  大したことではない。実行はしないが、大半の人にそうすると思わせることくらいはしなければ。,char_003_kalts_1
level_main_07-08_end.json,7-10,暗がりの火,main_7,73,  うむ。,char_003_kalts_1
level_main_07-08_end.json,7-10,暗がりの火,main_7,122,  ところで、君はパトリオットを信頼しているようだな。彼と遊撃隊について、それとレユニオンの話も聞かせてほしいのだが。,char_003_kalts_1
level_main_07-08_end.json,7-10,暗がりの火,main_7,192,  彼の年齢は、確かに君の想像を超えるかもしれない。,char_003_kalts_1
level_main_07-08_end.json,7-10,暗がりの火,main_7,196,  多少は聞いている。大反乱の際、彼が精鋭部隊を一個小隊率いてウルサスを離れたとか。大反乱は確かに、本来荒唐無稽であった物事に可能性をもたらしたようだな。,char_003_kalts_1
level_main_07-08_end.json,7-10,暗がりの火,main_7,222,  わかっている。,char_003_kalts_1
level_main_07-08_end.json,7-10,暗がりの火,main_7,232,  その様子だと、全く知らないんだな。この都市が、もうすぐ龍門に衝突するということを。,char_003_kalts_1
level_main_07-08_end.json,7-10,暗がりの火,main_7,238,  中枢区画が発信しているのはウルサスの都市識別コードだ。,char_003_kalts_1
level_main_07-08_end.json,7-10,暗がりの火,main_7,245,  ロドスが急いで今回の行動に出た理由がやっとわかったようだな。,char_003_kalts_1
level_main_07-08_end.json,7-10,暗がりの火,main_7,249,  （ロドス戦術サインの一つ、「沈黙」のジェスチャー）,char_003_kalts_1
level_main_07-08_end.json,7-10,暗がりの火,main_7,255,  レユニオンが「本来はそうすべきじゃない」からだ。,char_003_kalts_1
level_main_07-08_end.json,7-10,暗がりの火,main_7,273,  自分を責める必要はないぞ。むしろロドスの理念に照らすならば、君の行動は賞賛すべきものだろう。,char_003_kalts_1
level_main_07-08_end.json,7-10,暗がりの火,main_7,274,  ……だが、今、君の置かれている状況はとても危険だ。,char_003_kalts_1
level_main_07-08_end.json,7-10,暗がりの火,main_7,275,  もしレユニオンがこのまま傾き、崩壊していくならば、感染者たちの救助や基本生活の維持といった、君の行おうとする支援活動は、更に困難なものになるだろう。,char_003_kalts_1
level_main_07-08_end.json,7-10,暗がりの火,main_7,276,  そうなる事に懸念はないか？,char_003_kalts_1
level_main_07-08_end.json,7-10,暗がりの火,main_7,284,  だが、レユニオンは変化へのモチベーションを欠いているようだ。それに情報を総合的に分析した結果、タルラは、レユニオンのためなら全てを尽くすというタイプのリーダーではない。,char_003_kalts_1
level_main_07-08_end.json,7-10,暗がりの火,main_7,285,  この中枢区画、それが離れた後に残されたチェルノボーグの廃墟、そしてウルサスの感染者……,char_003_kalts_1
level_main_07-08_end.json,7-10,暗がりの火,main_7,286,  更には、いつ動き出すかわからないウルサス第三軍。状況は悪化する一方だろう。,char_003_kalts_1
level_main_07-08_end.json,7-10,暗がりの火,main_7,305,  ロドスとしては、君の新たな考えとそれに基づいた行動は、我々に損害をもたらすものではないと判断する。,char_003_kalts_1
level_main_07-08_end.json,7-10,暗がりの火,main_7,306,  むしろオペレーターたちには、未知の環境や知識に対する積極的な接触を推奨している。それにより彼らは自らの目標を見つけ出し、些細なことで自身を疑うようなことがなくなる。,char_003_kalts_1
level_main_07-08_end.json,7-10,暗がりの火,main_7,307,  人の考えとは常に変わりゆくものだ。,char_003_kalts_1
level_main_07-08_end.json,7-10,暗がりの火,main_7,321,  人それぞれに異なる選択がある。君が重要だと思ったのなら、その選択を信じるがいい。,char_003_kalts_1
level_main_07-08_end.json,7-10,暗がりの火,main_7,322,  このウルサス人の中で、君にベストな立ち位置を見つけてほしい。そして君の信念に従い、守るべき者たちをしっかり守ってほしい。,char_003_kalts_1
level_main_07-08_end.json,7-10,暗がりの火,main_7,330,  そうだ。ええと——,char_003_kalts_1
level_main_07-08_end.json,7-10,暗がりの火,main_7,331,  この期間中の給与についてだが、こういったケースについては支払いの対象として見なされない。済まん。,char_003_kalts_1
level_main_07-08_end.json,7-10,暗がりの火,main_7,332,  それから、Guard……一つ教えてくれ。,char_003_kalts_1
level_main_07-08_end.json,7-10,暗がりの火,main_7,333,  もしパトリオットがタルラを裏切ったとすれば、どうなる？,char_003_kalts_1
level_main_07-08_end.json,7-10,暗がりの火,main_7,337,  なるほど。では、逆の場合は？,char_003_kalts_1
level_main_07-08_end.json,7-10,暗がりの火,main_7,341,  もし、タルラがパトリオットを裏切ったら？,char_003_kalts_1
level_main_07-08_end.json,7-10,暗がりの火,main_7,342,  あるいは、我々は既にレユニオンの指揮官「フロストノヴァ」と遭遇しており、結果的に彼女を死に追いやっていたとしたら？,char_003_kalts_1
level_main_07-08_end.json,7-10,暗がりの火,main_7,378,  Mantra-2小隊、聴こえるか。,char_003_kalts_1
level_main_07-08_end.json,7-10,暗がりの火,main_7,385,  無力化しているのならそれで十分だ。ここで彼らの殲滅や、仲間割れをさせるのが我々の目的ではない。,char_003_kalts_1
level_main_07-08_end.json,7-10,暗がりの火,main_7,386,  むしろ彼らの内部で混乱が生じるのは望ましくない。彼らは、自らを欺いた相手に反旗を翻すために一致団結するべきだ。そのために彼らには、ことの真相を知らしめなくてはならない。,char_003_kalts_1
level_main_07-08_end.json,7-10,暗がりの火,main_7,391,  もちろん……今ではないが。,char_003_kalts_1
level_main_07-08_end.json,7-10,暗がりの火,main_7,392,  レユニオン・ムーブメントの精神はすでに腐敗しているが、その虚構に塗れた背骨がまだ残っている。,char_003_kalts_1
level_main_07-08_end.json,7-10,暗がりの火,main_7,393,  我々の目的は、それを取り除く、あるいは打ち砕くことによって、レユニオンを崩壊させることだった。,char_003_kalts_1
level_main_07-08_end.json,7-10,暗がりの火,main_7,394,  だがタルラは、我々よりも先んじて計画を進めている。感染者同士の衝突を露わにし、その社会的矛盾を激化させた……,char_003_kalts_1
level_main_07-08_end.json,7-10,暗がりの火,main_7,395,  彼女の行動は、単なる精神異常者による迷走の末路なのではないかと思っていたが、今考えれば、それはもっと悪辣な……計算された狂気と言えるかもしれない。,char_003_kalts_1
level_main_07-08_end.json,7-10,暗がりの火,main_7,401,  だが、この都市の感染者と市民は必ずや反旗を翻すだろう。,
level_main_07-08_end.json,7-10,暗がりの火,main_7,402,  この地が混沌と化していく状況を放置するというタルラの選択が、彼らに交流、共存、そして理解し合う機会を与えたのだ。,
level_main_07-08_end.json,7-10,暗がりの火,main_7,403,  とは言え、彼女のクイーンはきっとまだ盤上に残っているはずだ。そうでなければ、ここまで好き勝手にはできないだろう。,
level_main_07-08_end.json,7-10,暗がりの火,main_7,404,  一つ確信しているのは、彼女はレユニオンを壊滅させるつもりだということ。最も不名誉な手段でな。,
level_main_07-08_end.json,7-10,暗がりの火,main_7,405,  我々は、この地に染み込んだ彼女の毒を中和しなければならない。,
level_main_07-08_end.json,7-10,暗がりの火,main_7,406,  しかしこれも全て、ボジョカスティの行動次第……か。,
level_main_07-08_end.json,7-10,暗がりの火,main_7,416,  ああ、潜入行動はここまでだ、Dr.{@nickname}。,char_003_kalts_1
level_main_07-08_end.json,7-10,暗がりの火,main_7,417,  最初に言ったように、潜入は作戦の20パーセントでしかない。,char_003_kalts_1
level_main_07-08_end.json,7-10,暗がりの火,main_7,418,  ブリッジと動力制御エリアを制圧し、移動都市の進行を止めるためには、中央エリアは避けて通れない場所だ。,char_003_kalts_1
level_main_07-08_end.json,7-10,暗がりの火,main_7,419,  しかし、ここから我々の前に立ちはだかるのは、普通のレユニオンでも、戦闘力だけのサルカズ傭兵軍でもない。,char_003_kalts_1
level_main_07-08_end.json,7-10,暗がりの火,main_7,423,  Wのことはひとまず置いておく。,char_003_kalts_1
level_main_07-08_end.json,7-10,暗がりの火,main_7,424,  戦術指揮官として君が最も注意すべき対象は、暴君タルラよりも、もう一人のリーダーだ。,char_003_kalts_1
level_main_07-08_end.json,7-10,暗がりの火,main_7,425,  ウルサス西北部の奥地に駐留する強大な第四軍に、少数の精鋭で長らく抵抗を続けていた西北凍原の遊撃隊……結成されてから今日に至るまで、その統率者はたった一人。,char_003_kalts_1
level_main_07-08_end.json,7-10,暗がりの火,main_7,426,  並の反抗勢力であれば蟻のように鏖殺されるだけだが、遊撃隊にはそれを跳ね除ける力があった。,char_003_kalts_1
level_main_07-08_end.json,7-10,暗がりの火,main_7,427,  当地の権力者は軍隊を派遣し、彼らを殲滅させようとしたが、その行為は他の権力者や議会に自身の無能さを宣言するに等しかった。,char_003_kalts_1
level_main_07-08_end.json,7-10,暗がりの火,main_7,428,  戦火は長きにわたり燻り続けていた。雪原でかろうじて生き延びる感染者たちをして「盾」と言わしめたのが、かの遊撃隊だった。,char_003_kalts_1
level_main_07-08_end.json,7-10,暗がりの火,main_7,429,  感染者の盾。,char_003_kalts_1
level_main_07-08_end.json,7-10,暗がりの火,main_7,430,  スノーデビルは彼ら遊撃隊の一員だった。しかし彼ら全員が感染者というわけではない。,char_003_kalts_1
level_main_07-08_end.json,7-10,暗がりの火,main_7,431,  この遊撃隊は、感染者のためだけに戦うわけではない。他にも彼らが守ろうとしたのは、追放される者、迫害される者、反抗する者、流浪する者、エルフ、ドゥリン、サルカズ……,char_003_kalts_1
level_main_07-08_end.json,7-10,暗がりの火,main_7,434,  ほう？　気づいたか。,char_003_kalts_1
level_main_07-08_end.json,7-10,暗がりの火,main_7,437,  ロドスと同じ。君もそう思っただろう？,char_003_kalts_1
level_main_07-08_end.json,7-10,暗がりの火,main_7,438,  このままいけば、君の直感はロドスに欠かせぬ才能になるだろう。Dr.{@nickname}。,char_003_kalts_1
level_main_07-08_end.json,7-10,暗がりの火,main_7,442,  何故私の目を見る？,char_003_kalts_1
level_main_07-08_end.json,7-10,暗がりの火,main_7,443,  私の目を見ても何も答えは得られないぞ。,char_003_kalts_1
level_main_07-08_end.json,7-10,暗がりの火,main_7,445,  こんな時の沈黙に価値はないと思うが。,char_003_kalts_1
level_main_07-08_end.json,7-10,暗がりの火,main_7,446,  一つの意志を貫くかどうかは、君自身が決めることだ。,char_003_kalts_1
level_main_07-08_end.json,7-10,暗がりの火,main_7,448,  君が望むなら、そうするが。,char_003_kalts_1
level_main_07-08_end.json,7-10,暗がりの火,main_7,449,  私に非難されたいのか、Dr.{@nickname}？,char_003_kalts_1
level_main_07-08_end.json,7-10,暗がりの火,main_7,450,  その必要はない。君が望むとは思わないし、君の考えは正しい。,char_003_kalts_1
level_main_07-08_end.json,7-10,暗がりの火,main_7,452,  実際、ロドスと遊撃隊の共通点は他にもある。一人の優れた指揮官を擁立し、全幅の信頼を置いている点だ。,char_003_kalts_1
level_main_07-08_end.json,7-10,暗がりの火,main_7,453,  そうだドクター。この遊撃隊はある意味もう一つの「ロドス」だ。,char_003_kalts_1
level_main_07-08_end.json,7-10,暗がりの火,main_7,454,  しかし彼らのリーダーは、君とはまったくタイプが違う。,char_003_kalts_1
level_main_07-08_end.json,7-10,暗がりの火,main_7,455,  Dr.{@nickname}、しっかりと準備をするのだ。でないと後悔することになる。,char_003_kalts_1
level_main_07-08_end.json,7-10,暗がりの火,main_7,456,  我々の戦略目標の一つは、中央エリアの防衛ラインを無力化させ、ブリッジと動力制御エリアへの道を開くことではあるが……,char_003_kalts_1
level_main_07-08_end.json,7-10,暗がりの火,main_7,457,  君の安全のためにも、君やアーミヤが彼と直接対峙するような状況は避けてほしい。,char_003_kalts_1
level_main_07-08_end.json,7-10,暗がりの火,main_7,458,  それでも全てを完全に回避することは叶わないだろう。であれば、先ほどの言葉を繰り返すしかない。,char_003_kalts_1
level_main_07-08_end.json,7-10,暗がりの火,main_7,459,  ……準備をするのだ、Dr.{@nickname}。彼の相手をする前に、まず彼の部隊を相手にする準備だ。,char_003_kalts_1
level_main_07-08_end.json,7-10,暗がりの火,main_7,460,  私は滅多に他人に忠告をすることはないのだよ、ドクター。,char_003_kalts_1
level_main_07-08_end.json,7-10,暗がりの火,main_7,461,  だが、相手はボジョカスティ……「パトリオット」だからな。,char_003_kalts_1
level_main_07-11_beg.json,7-13,感染者の盾-1,main_7,19,  Raidian、こちらケルシーだ。我々は今中央エリアの境界付近にいる。倉庫エリアの出口から南西へ410メートル、座標は17.67。,char_003_kalts_1
level_main_07-11_beg.json,7-13,感染者の盾-1,main_7,20,  そちらは位置に着いたのか？　途中、何か問題は？,char_003_kalts_1
level_main_07-11_beg.json,7-13,感染者の盾-1,main_7,21,  「順調だった」？,char_003_kalts_1
level_main_07-11_beg.json,7-13,感染者の盾-1,main_7,22,  ……我々の推測は見事に証明されたらしい。,char_003_kalts_1
level_main_07-11_beg.json,7-13,感染者の盾-1,main_7,23,  レユニオンは遊撃隊を中央エリアの各要衝に配置している。その他のエリアにいるのはレユニオン一般兵とサルカズ傭兵だ。,char_003_kalts_1
level_main_07-11_beg.json,7-13,感染者の盾-1,main_7,24,  全てのエリアに戦力を分散投入するのは愚策だ。私がレユニオンの戦地指揮官ならば、精鋭を重要な場所に固めておくだろう。,char_003_kalts_1
level_main_07-11_beg.json,7-13,感染者の盾-1,main_7,28,  アーミヤ、焦らなくてもすぐに替わってやるから。,char_003_kalts_1
level_main_07-11_beg.json,7-13,感染者の盾-1,main_7,32,  ……まだ任務があるから、次にしよう。いいな？,char_003_kalts_1
level_main_07-11_beg.json,7-13,感染者の盾-1,main_7,36,  Raidian、アーミヤに替わる——アーミヤ。,char_003_kalts_1
level_main_07-11_beg.json,7-13,感染者の盾-1,main_7,46,  （アーミヤとロスモンティスの様子を見ればわかると思うが……）,char_003_kalts_1
level_main_07-11_beg.json,7-13,感染者の盾-1,main_7,47,  （Raidianは、面倒見がよく、特に若年層のメンバーたちに人気の高いオペレーターだ。大人からすれば、彼女の世話の焼き具合はやや過剰に思われるかもしれない。）,char_003_kalts_1
level_main_07-11_beg.json,7-13,感染者の盾-1,main_7,48,  （彼女とウマが合わないのは、主に思春期のメンバーだ。）,char_003_kalts_1
level_main_07-11_beg.json,7-13,感染者の盾-1,main_7,51,  （パーソナルアイデンティティーを構築する時期特有の性質が、Raidianの振りまく無条件の母性と相容れないからだ。）,char_003_kalts_1
level_main_07-11_beg.json,7-13,感染者の盾-1,main_7,52,  （私は基本的に、彼らを同じチームに配置しないようにしている。細かな注意事項はマニュアルにも記してあるから、今後采配をとる際は参考にすると良い。）,char_003_kalts_1
level_main_07-11_beg.json,7-13,感染者の盾-1,main_7,71,  アーミヤ、そろそろ始まるぞ。,char_003_kalts_1
level_main_07-11_beg.json,7-13,感染者の盾-1,main_7,76,  ……よし、まずは通信回線のチェックからだ。,char_003_kalts_1
level_main_07-11_beg.json,7-13,感染者の盾-1,main_7,77,  R-4小隊、設置した全ての通信機器を起動せよ。,char_003_kalts_1
level_main_07-11_beg.json,7-13,感染者の盾-1,main_7,78,  Raidian、ロスモンティスのアーツ展開後10分以内は、特殊な状況と判断される場合を除き、通信の維持に努めてくれ。,char_003_kalts_1
level_main_07-11_beg.json,7-13,感染者の盾-1,main_7,79,  だがアーツの継続使用が、君のコンディションに悪影響を及ぼす可能性がある。少しでも酷くなりそうな予兆があれば、直ちに調合した薬を規定量服用すること。,char_003_kalts_1
level_main_07-11_beg.json,7-13,感染者の盾-1,main_7,80,  副作用で中程度の眩暈が生じる。君の精神自体には影響はないが、それによって体力が大幅に消耗してしまう。,char_003_kalts_1
level_main_07-11_beg.json,7-13,感染者の盾-1,main_7,81,  くれぐれも過度の服用はしないように。10分経過後は、ある程度の断続的な通信で済むようになる。絶対に無理をするな。,char_003_kalts_1
level_main_07-11_beg.json,7-13,感染者の盾-1,main_7,82,  苦労をかける……頼むぞRaidian。,char_003_kalts_1
level_main_07-11_beg.json,7-13,感染者の盾-1,main_7,87,  ロスモンティス、全ての敵伝令兵の特徴は、Raidianが発信する信号で君の携帯端末に転送される。君はそれを感じ取って、記録するように。,char_003_kalts_1
level_main_07-11_beg.json,7-13,感染者の盾-1,main_7,88,  彼らの位置が変更になっても、端末を手放さないように注意しろ。変化した彼らの感覚を掴み、再度それを記録するのだ。,char_003_kalts_1
level_main_07-11_beg.json,7-13,感染者の盾-1,main_7,89,  リラックスして意識を外に向けろ、ロスモンティス。自分がこの都市を歩き回っていると想像してみればいい。,char_003_kalts_1
level_main_07-11_beg.json,7-13,感染者の盾-1,main_7,93,  アーミヤ、サポートを。,char_003_kalts_1
level_main_07-11_beg.json,7-13,感染者の盾-1,main_7,97,  済まない。異常が発生した場合は、君たちのアーツを中断させる。身体に痛みを感じたらすぐに報告を。,char_003_kalts_1
level_main_07-11_beg.json,7-13,感染者の盾-1,main_7,110,  アーミヤはロスモンティスの感情を安定させようとしている。,char_003_kalts_1
level_main_07-11_beg.json,7-13,感染者の盾-1,main_7,111,  直視しない方がいい、Dr.{@nickname}。誰だろうとロスモンティスのアーツが展開する様子を直視することはおすすめしない。アーミヤのように、多くの地獄を経験した戦士以外は……,char_003_kalts_1
level_main_07-11_beg.json,7-13,感染者の盾-1,main_7,114,  …………,char_003_kalts_1
level_main_07-11_beg.json,7-13,感染者の盾-1,main_7,115,  もっと早い段階で気づいていると思っていたが——,char_003_kalts_1
level_main_07-11_beg.json,7-13,感染者の盾-1,main_7,116,  あるいは、君は既にそういう認識を持っているが、まだそれを自分自身で信じられずにいるんじゃないか？,char_003_kalts_1
level_main_07-11_beg.json,7-13,感染者の盾-1,main_7,117,  しかし、事実なのだよ、Dr.{@nickname}。,char_003_kalts_1
level_main_07-11_beg.json,7-13,感染者の盾-1,main_7,118,  アーミヤの身体が……あるいは精神が経験してきた戦いの記憶は、一個人が容易に耐えられるようなものではないのだ。,char_003_kalts_1
level_main_07-11_beg.json,7-13,感染者の盾-1,main_7,121,  だが二人ならば……あるいは三人ならばそれが可能になるかもしれない。分かち合う者が増えれば、個々の負担は軽減される。,char_003_kalts_1
level_main_07-11_beg.json,7-13,感染者の盾-1,main_7,122,  Dr.{@nickname}、これは記憶や経験だけに限った話ではない。身体能力や責任なども含まれる。,char_003_kalts_1
level_main_07-11_beg.json,7-13,感染者の盾-1,main_7,123,  君がそう望みさえすれば、アーミヤの手を握って分担してやることも可能だ。,char_003_kalts_1
level_main_07-11_beg.json,7-13,感染者の盾-1,main_7,126,  いや、今はしなくていい。私たちにはそれとは別に、重要な任務が控えている。,char_003_kalts_1
level_main_07-11_beg.json,7-13,感染者の盾-1,main_7,127,  彼女らの仕事が終わるまで、時間を稼いでやらなければならない。,char_003_kalts_1
level_main_07-11_beg.json,7-13,感染者の盾-1,main_7,128,  …………,char_003_kalts_1
level_main_07-11_beg.json,7-13,感染者の盾-1,main_7,129,  製薬会社としての立場で、問題の原因を追及し、環境に適応し、責任を合理的に分配し、突破口を探す。,char_003_kalts_1
level_main_07-11_beg.json,7-13,感染者の盾-1,main_7,130,  通常の戦争と比べて、我々の目標は非常に限定的だ。そして攻撃を伴う任務は、戦争というより外科手術に近いのだ。,char_003_kalts_1
level_main_07-11_beg.json,7-13,感染者の盾-1,main_7,131,  戦争を生業にする者が不得手とすることが、まさに我々の専門だ。,char_003_kalts_1
level_main_07-11_beg.json,7-13,感染者の盾-1,main_7,132,  ロドスが、中枢区画で遂行しようとしているのは、病巣の根絶だ。今回のような場合であっても、我々が標的を処理する際の基本方針に変わりはない。,char_003_kalts_1
level_main_07-11_beg.json,7-13,感染者の盾-1,main_7,133,  しかし病巣を摘出しても、真の病因を特定できなければ、根本的な治癒には至らない。,char_003_kalts_1
level_main_07-11_beg.json,7-13,感染者の盾-1,main_7,134,  Dr.{@nickname}、この問題について、君にも少し考えてもらいたいのだ。,char_003_kalts_1
level_main_07-11_beg.json,7-13,感染者の盾-1,main_7,135,  ――我々にとっての病人とは、誰のことだ？,char_003_kalts_1
level_main_07-11_beg.json,7-13,感染者の盾-1,main_7,136,  通常の感染者なのか、ウルサスによって半強制的に感染させられた人たちなのか、レユニオンなのか、それともこの都市全体なのか？,char_003_kalts_1
level_main_07-11_beg.json,7-13,感染者の盾-1,main_7,137,  その病根はどこにある？,char_003_kalts_1
level_main_07-11_beg.json,7-13,感染者の盾-1,main_7,139,  前にも話したと思うが、レユニオンは都市内の通信設備を管理していない。,char_003_kalts_1
level_main_07-11_beg.json,7-13,感染者の盾-1,main_7,140,  今ならはっきりと解るが、タルラは都市内の混乱状態を継続させるために、意図的に天災によって現れた源石群を放置している。,char_003_kalts_1
level_main_07-11_beg.json,7-13,感染者の盾-1,main_7,141,  そしてそれは電波通信を著しく阻害する。,char_003_kalts_1
level_main_07-11_beg.json,7-13,感染者の盾-1,main_7,142,  たとえ最先端の通信設備であっても、この状況下ではまともに稼働することはできない。,char_003_kalts_1
level_main_07-11_beg.json,7-13,感染者の盾-1,main_7,143,  しかし、エリートオペレーターのRaidianの能力を利用することで、我々は混乱した信号を識別できるようになる。,char_003_kalts_1
level_main_07-11_beg.json,7-13,感染者の盾-1,main_7,144,  つまり我々は相手より更に高効率な通信能力を持っている。これは戦略上の強みだ。,char_003_kalts_1
level_main_07-11_beg.json,7-13,感染者の盾-1,main_7,147,  確かにそうだ。,char_003_kalts_1
level_main_07-11_beg.json,7-13,感染者の盾-1,main_7,148,  あの拡声器を背負った伝令兵を目にしただろう。あのような原始的な通信環境で、遊撃隊は暗号化された情報と命令を伝達している。,char_003_kalts_1
level_main_07-11_beg.json,7-13,感染者の盾-1,main_7,149,  我々はまだ、この戦場にいる全伝令兵の動向を把握していないが、ロスモンティスがすぐに発見してくれるだろう。,char_003_kalts_1
level_main_07-11_beg.json,7-13,感染者の盾-1,main_7,150,  伝令兵が伝達する情報は常に最新とは限らず、距離的制限もある。しかし、劣悪な環境では最も安定し、隊の規律の維持にも有効だ。,char_003_kalts_1
level_main_07-11_beg.json,7-13,感染者の盾-1,main_7,151,  ここで質問だ。このシステムの弱点は？,char_003_kalts_1
level_main_07-11_beg.json,7-13,感染者の盾-1,main_7,154,  その通り。,char_003_kalts_1
level_main_07-11_beg.json,7-13,感染者の盾-1,main_7,155,  だが当然のことながら、指揮者は自身の居場所を隠している。,char_003_kalts_1
level_main_07-11_beg.json,7-13,感染者の盾-1,main_7,156,  君ならどうする、ドクター？,char_003_kalts_1
level_main_07-11_beg.json,7-13,感染者の盾-1,main_7,159,  正解だ。,char_003_kalts_1
level_main_07-11_beg.json,7-13,感染者の盾-1,main_7,160,  その方向で対策を立てようとしている。これは戦術の基本だな。,char_003_kalts_1
level_main_07-11_beg.json,7-13,感染者の盾-1,main_7,161,  ……,char_003_kalts_1
level_main_07-11_beg.json,7-13,感染者の盾-1,main_7,162,  ドクター、ロスモンティスが展開しているアーツによって、全ての伝令兵の現在位置と巡回ルートを特定できる。,char_003_kalts_1
level_main_07-11_beg.json,7-13,感染者の盾-1,main_7,163,  彼女は自らの思念を拡散させ、範囲内の全ての対象を捕捉するが、同時に彼女の精神状態は徐々に混乱状態に陥っていく。,char_003_kalts_1
level_main_07-11_beg.json,7-13,感染者の盾-1,main_7,164,  そこで彼女の精神を安定させるために、アーミヤをサポートにつけている。,char_003_kalts_1
level_main_07-11_beg.json,7-13,感染者の盾-1,main_7,165,  Raidianは我々の通信システムの要だ。彼女のアーツのおかげで、我々は短時間だが妨害を受けずに通信が可能となる。,char_003_kalts_1
level_main_07-11_beg.json,7-13,感染者の盾-1,main_7,166,  ロスモンティスによる伝令兵の特定が終われば、我々の行動を開始する。,char_003_kalts_1
level_main_07-11_beg.json,7-13,感染者の盾-1,main_7,167,  敵が、我々についてまだ何も知らない状態で。,char_003_kalts_1
level_main_07-11_beg.json,7-13,感染者の盾-1,main_7,168,  我々が遊撃隊の通信システムを無力化させようとしていることも、サルカズの巫術に対応する手段があることも、奴らは知らない。,char_003_kalts_1
level_main_07-11_beg.json,7-13,感染者の盾-1,main_7,169,  たとえ効果が限定的であっても、それで充分だ。,char_003_kalts_1
level_main_07-11_beg.json,7-13,感染者の盾-1,main_7,170,  伝令兵を潰した後は、遊撃隊も即座にそれに対応するだろう。30分もしないうちに新しい伝令兵が補充されることになる。,char_003_kalts_1
level_main_07-11_beg.json,7-13,感染者の盾-1,main_7,171,  その後は彼らも、今よりもっと警戒体勢を強めることになる。弱点はまず無いだろう。,char_003_kalts_1
level_main_07-11_beg.json,7-13,感染者の盾-1,main_7,172,  同時に、我々の位置と戦術が露見し、アドバンテージを失う。,char_003_kalts_1
level_main_07-11_beg.json,7-13,感染者の盾-1,main_7,173,  我々の攻撃チャンスは一度しかない。しかし、この一度の攻撃で、奴らの指揮部隊を引きずり出す。,char_003_kalts_1
level_main_07-11_beg.json,7-13,感染者の盾-1,main_7,174,  遊撃隊は、自分たち以外の感染者特殊部隊の存在を想定していないだろう。,char_003_kalts_1
level_main_07-11_beg.json,7-13,感染者の盾-1,main_7,175,  以上三つが、我々の戦略的優位点だ。,char_003_kalts_1
level_main_07-11_beg.json,7-13,感染者の盾-1,main_7,178,  ……こんな時に大口を叩くつもりはない。,char_003_kalts_1
level_main_07-11_beg.json,7-13,感染者の盾-1,main_7,179,  Dr.{@nickname}、たとえこの三つの優位点があるとしても、成功の確率は失敗よりも低いだろう。,char_003_kalts_1
level_main_07-11_beg.json,7-13,感染者の盾-1,main_7,182,  他のプランの成功確率が更に低いからだ。,char_003_kalts_1
level_main_07-11_beg.json,7-13,感染者の盾-1,main_7,183,  ……ロスモンティスの捜索が始まる。呼吸を止め、直視を避けろ。,char_003_kalts_1
level_main_07-11_beg.json,7-13,感染者の盾-1,main_7,197,  …………,char_003_kalts_1
level_main_07-11_beg.json,7-13,感染者の盾-1,main_7,198,  ドクター、怪我するのは嫌か？,char_003_kalts_1
level_main_07-11_beg.json,7-13,感染者の盾-1,main_7,201,  三つの作戦小隊は別行動になる。それぞれ異なるエリアで敵の相手をする。伝令兵が無力化し、通信システムが停止しているうちに。,char_003_kalts_1
level_main_07-11_beg.json,7-13,感染者の盾-1,main_7,202,  それぞれの小隊における攻撃力の配分も見直してある。心配ない。,char_003_kalts_1
level_main_07-11_beg.json,7-13,感染者の盾-1,main_7,203,  さて、今から私についてきてもらおうか。,char_003_kalts_1
level_main_07-11_beg.json,7-13,感染者の盾-1,main_7,206,  君のボディガードを信用してくれ。そもそも君に拒否権はないが。,char_003_kalts_1
level_main_07-11_beg.json,7-13,感染者の盾-1,main_7,207,  遊撃隊には、ウルサス軍に匹敵するほどの優れた軍備があるうえ、彼らよりも厳しく有効的な規律と戦術を実践している。,char_003_kalts_1
level_main_07-11_beg.json,7-13,感染者の盾-1,main_7,208,  そして、サルカズ、ウルサス、リーベリなど、多くの種族が一つの名前の下に集っている。,char_003_kalts_1
level_main_07-11_beg.json,7-13,感染者の盾-1,main_7,209,  私の護衛の下なら君は安全だ。ここにいることでロスモンティスが間違えて君を傷つけたり、彼女をサポートするアーミヤが君に気を取られるようなことも避けたい。,char_003_kalts_1
level_main_07-11_beg.json,7-13,感染者の盾-1,main_7,210,  私のそばにいれば、無用なトラブルは避けられる。,char_003_kalts_1
level_main_07-11_beg.json,7-13,感染者の盾-1,main_7,211,  ……待て。,char_003_kalts_1
level_main_07-11_beg.json,7-13,感染者の盾-1,main_7,212,  ――ロスモンティス？,char_003_kalts_1
level_main_07-11_beg.json,7-13,感染者の盾-1,main_7,218,  Raidian、ロスモンティスの通信を切断しろ。今すぐ！,char_003_kalts_1#2
level_main_07-11_beg.json,7-13,感染者の盾-1,main_7,219,  アーミヤ、彼女の精神状態は？,char_003_kalts_1#2
level_main_07-11_beg.json,7-13,感染者の盾-1,main_7,225,  体温低下、呼吸数及び脈拍数上昇……エンドルフィン放出レベルが急激に降下——,char_003_kalts_1#2
level_main_07-11_beg.json,7-13,感染者の盾-1,main_7,228,  （首を振る）,char_003_kalts_1#2
level_main_07-11_beg.json,7-13,感染者の盾-1,main_7,229,  Raidianが薬で体力を補うのとは違う。ロスモンティスの使用するアーツは体内環境におけるホルモンバランスを傾かせるが、それを完全に崩すわけではない。,char_003_kalts_1#2
level_main_07-11_beg.json,7-13,感染者の盾-1,main_7,230,  それに注射は、数分以内にホルモン分泌を急激に促進するが、後には内分泌系の重度の障害、更には抑制機能の喪失をもたらすことさえある。,char_003_kalts_1#2
level_main_07-11_beg.json,7-13,感染者の盾-1,main_7,240,  それは自分の無能さを許す言い訳にもならない。,char_003_kalts_1#2
level_main_07-11_beg.json,7-13,感染者の盾-1,main_7,241,  Dr.{@nickname}、私は、生体機能を損なうような応急措置を他人に施すようなことは絶対にしない。それがどんなに有効でも。,char_003_kalts_1#2
level_main_07-11_beg.json,7-13,感染者の盾-1,main_7,242,  今、ロスモンティスに起こっている問題は生理的なものではない。ならば、彼女自身が解決するしかない。,char_003_kalts_1#2
level_main_07-11_beg.json,7-13,感染者の盾-1,main_7,248,  ロスモンティス。,char_003_kalts_1
level_main_07-11_beg.json,7-13,感染者の盾-1,main_7,249,  ロスモンティス、私の手を見ろ。,char_003_kalts_1
level_main_07-11_beg.json,7-13,感染者の盾-1,main_7,253,  そうだ。先生の手を見るんだ。,char_003_kalts_1
level_main_07-11_beg.json,7-13,感染者の盾-1,main_7,254,  今、先生の手が君の顔に触れている。ケルシー先生が、君の頬に触れている。ほら、先生の目を見ろ。,char_003_kalts_1
level_main_07-11_beg.json,7-13,感染者の盾-1,main_7,258,  ロスモンティス、ケルシーもアーミヤも、君と一緒にいられる時間は長くない。,char_003_kalts_1
level_main_07-11_beg.json,7-13,感染者の盾-1,main_7,259,  Outcastも、Miseryも、ブレイズも。みんなそうだ。,char_003_kalts_1
level_main_07-11_beg.json,7-13,感染者の盾-1,main_7,260,  だが今は、ケルシーもアーミヤも、ここにいる。,char_003_kalts_1
level_main_07-11_beg.json,7-13,感染者の盾-1,main_7,264,  頑張れ、ロスモンティス。前に進め。,char_003_kalts_1
level_main_07-11_beg.json,7-13,感染者の盾-1,main_7,270,  私たちは君と一緒にいる。,char_003_kalts_1
level_main_07-11_beg.json,7-13,感染者の盾-1,main_7,285,  ――ああ。,char_003_kalts_1
level_main_07-11_beg.json,7-13,感染者の盾-1,main_7,286,  Raidian、ロスモンティスの端末に再接続。彼女はもう大丈夫だ。,char_003_kalts_1
level_main_07-11_beg.json,7-13,感染者の盾-1,main_7,287,  保証する。続けてくれ。,char_003_kalts_1
level_main_07-11_beg.json,7-13,感染者の盾-1,main_7,318,  よし、準備は整った。,char_003_kalts_1
level_main_07-11_beg.json,7-13,感染者の盾-1,main_7,330,  Raidian、各通信兵に接続を分散。君は5分間の休憩を。,char_003_kalts_1
level_main_07-11_beg.json,7-13,感染者の盾-1,main_7,331,  アーミヤ、ロスモンティス、通信は切らないように。,char_003_kalts_1
level_main_07-11_beg.json,7-13,感染者の盾-1,main_7,342,  ドクター、まだ何か聞きたいことがあるのかな？,char_003_kalts_1
level_main_07-11_beg.json,7-13,感染者の盾-1,main_7,345,  そんなことが聞きたいわけではないだろう。君が望むなら、もっと厳しくすることもできるが……,char_003_kalts_1
level_main_07-11_beg.json,7-13,感染者の盾-1,main_7,348,  ……先ほどの君は、運が良かった。,char_003_kalts_1
level_main_07-11_beg.json,7-13,感染者の盾-1,main_7,349,  あるいは、ロスモンティスは君が嫌いではないのかもしれないな。彼女は、暴れようとする衝動を自分の意志で抑えた。,char_003_kalts_1
level_main_07-11_beg.json,7-13,感染者の盾-1,main_7,350,  私とアーミヤが彼女を宥める様子を、君が好奇の目で見ていた時、一歩間違えば君は、彼女のアーツの実体が見えた瞬間に自分の舌を噛み切っていたかもしれないのだ。,char_003_kalts_1
level_main_07-11_beg.json,7-13,感染者の盾-1,main_7,351,  ……ロスモンティスは、ある研究所で生まれた感染者だ。,char_003_kalts_1
level_main_07-11_beg.json,7-13,感染者の盾-1,main_7,352,  多くの実験体がたどった悲惨な末路とは違い、彼女は実験によって命を落とさずに済んだ。,char_003_kalts_1
level_main_07-11_beg.json,7-13,感染者の盾-1,main_7,353,  プロジェクトが進むにつれ、研究所は少しずつ彼女によって破壊されていった……そうだ、彼女が研究所に壊されたのではなく、彼女が研究所を壊したのだ。,char_003_kalts_1
level_main_07-11_beg.json,7-13,感染者の盾-1,main_7,354,  彼女のアーツは、精神状態と密接に連動している。それを観測する者の精神も、そのアーツによって過剰な影響を受けることになる。,char_003_kalts_1
level_main_07-11_beg.json,7-13,感染者の盾-1,main_7,355,  崩壊した研究所から彼女を保護した組織は、秘密裏にロドスに引き渡した。それによって世間に「『ロスモンティス』などというものは存在しない」という情報を伝えようとしたのだ。,char_003_kalts_1
level_main_07-11_beg.json,7-13,感染者の盾-1,main_7,356,  君の考えていることはわかる。もちろん私は、推薦されようが脅迫されようが、そんな境遇を持つ感染者の少女をオペレーターに抜擢することはない。,char_003_kalts_1
level_main_07-11_beg.json,7-13,感染者の盾-1,main_7,357,  しかし彼女は自ら、責任と訓練、そして周りとの繋がりを求めて、ロドスのオペレーターになることを望んだのだ。,char_003_kalts_1
level_main_07-11_beg.json,7-13,感染者の盾-1,main_7,358,  ロドスの術師たちは、無意識に損害を発生させ続ける彼女のアーツを訓練することにした。彼女は他の者よりも早く成長しなければならなかった。そしてそれは彼女自身の望みでもあった。,char_003_kalts_1
level_main_07-11_beg.json,7-13,感染者の盾-1,main_7,359,  我々は彼女を荒野に置き去りにしたくなかった。彼女に抑制薬剤を注射したくなかった。もちろん、彼女の手でロドスが崩壊するのを見ているつもりもなかった。,char_003_kalts_1
level_main_07-11_beg.json,7-13,感染者の盾-1,main_7,360,  だからこれが唯一の解決策だった。彼女を放置するわけでも、監禁するわけでもなく、自らの意志でアーツを制御することが可能になるよう、彼女を訓練したのだ。,char_003_kalts_1
level_main_07-11_beg.json,7-13,感染者の盾-1,main_7,361,  彼女はアーミヤと似ている部分はあるが、異なる点も多い。わかるかな、ドクター？,char_003_kalts_1
level_main_07-11_beg.json,7-13,感染者の盾-1,main_7,364,  では最後まで私の話に付き合ってもらおうか。,char_003_kalts_1
level_main_07-11_beg.json,7-13,感染者の盾-1,main_7,365,  彼女たちに共通しているのは、他人のために戦うことを厭わないという部分だ。,char_003_kalts_1
level_main_07-11_beg.json,7-13,感染者の盾-1,main_7,366,  そして異なる点とは――,char_003_kalts_1
level_main_07-11_beg.json,7-13,感染者の盾-1,main_7,367,  君も知っているだろうが、アーミヤは他人と敵対することを極端に嫌う。たとえ任務に反しようと、涙を流しながら最後まで衝突回避の努力をする。失敗して最終的に敵を滅ぼす結果になっても。,char_003_kalts_1
level_main_07-11_beg.json,7-13,感染者の盾-1,main_7,368,  だがロスモンティスの場合は違う……,char_003_kalts_1
level_main_07-11_beg.json,7-13,感染者の盾-1,main_7,369,  彼女は、任務に逆らったことは一度もない。どんな状況でも、彼女は命令通りにベストな対応をし、迅速に任務を遂行する。アーミヤとの違いはそこだ。,char_003_kalts_1
level_main_07-11_beg.json,7-13,感染者の盾-1,main_7,370,  おそらく君の目に映っているロスモンティスは、理性を持ちつつも理解し難い……殲滅戦特化オペレーターとしての彼女の姿だろう。,char_003_kalts_1
level_main_07-11_beg.json,7-13,感染者の盾-1,main_7,371,  彼女がエリートオペレーターになれた理由は、ただ単に各能力値が指標に達していたからだ。それ以外に特別な理由は何もない。,char_003_kalts_1
level_main_07-11_beg.json,7-13,感染者の盾-1,main_7,372,  最初に彼女を恐れていた者たちも、その真の姿を理解した後には、喜んで彼女に命を預けるようになった……,char_003_kalts_1
level_main_07-11_beg.json,7-13,感染者の盾-1,main_7,373,  その理由は、彼女が皆を守るために自身の持つ力を全て惜しみなく発揮するからだ。,char_003_kalts_1
level_main_07-11_beg.json,7-13,感染者の盾-1,main_7,374,  ブレイズが、自分のチームを先頭に立って導くことで、皆の敬意を勝ち取ったと言うならば、ロスモンティスは、皆に支えられながらチームを率いていると言えよう。,char_003_kalts_1
level_main_07-11_beg.json,7-13,感染者の盾-1,main_7,375,  皆の期待に応え、そしてそれを上回る成果を出す。彼女はそうやって戦い続けることで信頼を得て来たのだ。,char_003_kalts_1
level_main_07-11_beg.json,7-13,感染者の盾-1,main_7,378,  ああ。他にも、使用条件がそれぞれ異なるとは言え、彼女の索敵能力と似たようなアーツを持ったオペレーターはいるが——,char_003_kalts_1
level_main_07-11_beg.json,7-13,感染者の盾-1,main_7,379,  ロスモンティスの真価は索敵だけではない。彼女の戦っている姿を君も目にしただろう。,char_003_kalts_1
level_main_07-11_beg.json,7-13,感染者の盾-1,main_7,380,  Dr.{@nickname}。ロスモンティスの作戦参加を許可したのは、この戦場に彼女が必要であるという判断からだ。彼女自身もそう考えている。,char_003_kalts_1
level_main_07-11_beg.json,7-13,感染者の盾-1,main_7,381,  そして彼女のアーツは、我々が最大の脅威に対抗するのを大いに助けてくれるはずだ。遊撃隊の指揮官——,char_003_kalts_1
level_main_07-11_beg.json,7-13,感染者の盾-1,main_7,382,  「レユニオンのパトリオット」に……,char_003_kalts_1
level_main_07-11_beg.json,7-13,感染者の盾-1,main_7,391,  了解。,char_003_kalts_1
level_main_07-11_beg.json,7-13,感染者の盾-1,main_7,396,  私たちは第四高校だ。行こう、ドクター。,char_003_kalts_1
level_main_07-11_beg.json,7-13,感染者の盾-1,main_7,400,  …………,char_003_kalts_1
level_main_07-11_beg.json,7-13,感染者の盾-1,main_7,401,  そのつもりだ。,char_003_kalts_1
level_main_07-11_beg.json,7-13,感染者の盾-1,main_7,402,  私とロスモンティスとアーミヤは、伝令兵の無力化に全力を注ぐ。そして君は……,char_003_kalts_1
level_main_07-11_beg.json,7-13,感染者の盾-1,main_7,403,  Dr.{@nickname}、君には各小隊の選抜メンバーを指揮し、遊撃隊の足止めをしてもらう。,char_003_kalts_1
level_main_07-11_beg.json,7-13,感染者の盾-1,main_7,404,  注意してほしいのは、我々は能力範囲内の戦闘しかすべきでないということだ。,char_003_kalts_1
level_main_07-11_beg.json,7-13,感染者の盾-1,main_7,405,  遊撃隊が集結し始めたら、すぐに撤退するのだ。我々は作戦遂行のために来ている。正面から彼らに対抗するのは無駄な行為であり、それが可能かも知れないという妄想も不要だ。,char_003_kalts_1
level_main_07-11_beg.json,7-13,感染者の盾-1,main_7,406,  ある程度の長期戦が予想される。我々の戦力も損耗は免れず、敗北する可能性も少なくない。,char_003_kalts_1
level_main_07-11_beg.json,7-13,感染者の盾-1,main_7,407,  その時は、感染者にとって更なる暗黒時代の始まりになる。,char_003_kalts_1
level_main_07-11_beg.json,7-13,感染者の盾-1,main_7,408,  もし彼らの指揮部隊が現れなかった場合、我々にとってはそれが最も有利な展開になるかもしれない。,char_003_kalts_1
level_main_07-11_beg.json,7-13,感染者の盾-1,main_7,409,  その場合は、我々はこのままブリッジと動力制御エリアを制圧し、この都市における感染者の問題を、彼ら自身で解決できるよう陰からサポートする。,char_003_kalts_1
level_main_07-11_beg.json,7-13,感染者の盾-1,main_7,410,  だが彼がそうはさせないだろう。遊撃隊の指揮官が黙っているはずがない。,char_003_kalts_1
level_main_07-11_beg.json,7-13,感染者の盾-1,main_7,411,  彼は戦況の急転直下も、自分の部隊の崩壊も見過ごさないだろう。今までこの部隊を維持できたのは、単純に力があるだけではない。彼が示した信念は、その呼び名の意に見合ったものだ。,char_003_kalts_1
level_main_07-11_beg.json,7-13,感染者の盾-1,main_7,412,  この戦闘が終わり、そのまま順調にいけば……我々は彼の指揮する部隊を相手に、総力戦を余儀なくされるだろう。,char_003_kalts_1
level_main_07-11_beg.json,7-13,感染者の盾-1,main_7,413,  あのボジョカスティと、直接対峙するのだ。,char_003_kalts_1
level_main_07-15_end.json,7-17,感染者の盾-2,main_7,17,  ８番伝令兵、制圧完了。,char_003_kalts_1
level_main_07-15_end.json,7-17,感染者の盾-2,main_7,18,  Raidian、陽動作戦を展開。君のアーツで影響範囲を拡大するほか、奴らの神経システムに直接干渉しても構わない。,char_003_kalts_1
level_main_07-15_end.json,7-17,感染者の盾-2,main_7,19,  全ての敵を引きずり出せ。,char_003_kalts_1
level_main_07-15_end.json,7-17,感染者の盾-2,main_7,75,  サルカズの術師だ。彼らにしかこの手のアーツを無効化する手段はない。,char_003_kalts_1
level_main_07-15_end.json,7-17,感染者の盾-2,main_7,79,  Raidian、あとどれくらい持つ？,char_003_kalts_1
level_main_07-15_end.json,7-17,感染者の盾-2,main_7,80,  ……わかった、こちらを急がせる。,char_003_kalts_1
level_main_07-15_end.json,7-17,感染者の盾-2,main_7,145,  ドクター！　私のそばに来るんだ！,char_003_kalts_1
level_main_07-15_end.json,7-17,感染者の盾-2,main_7,148,  ロスモンティスが遊撃隊の拠点を破壊している。落石に気をつけるんだ！,char_003_kalts_1
level_main_07-15_end.json,7-17,感染者の盾-2,main_7,151,  ロスモンティスのアーツに対する質問と捉えよう。そろそろ君にも説明した方がいい。,char_003_kalts_1
level_main_07-15_end.json,7-17,感染者の盾-2,main_7,152,  あれは彼女自身の精神状態が具現化したものだ。彼女の周囲には、観察することも触れることもできない巨大なエネルギー体があると解釈して良い。,char_003_kalts_1
level_main_07-15_end.json,7-17,感染者の盾-2,main_7,153,  それが彼女の感覚を拡張している。彼女はそれで物体を握ったり、押したり、振り払ったりもできる。,char_003_kalts_1
level_main_07-15_end.json,7-17,感染者の盾-2,main_7,154,  しかし、彼女の主観的で確固たるイメージに対し、第三者にとってこのアーツは、客観的な視認性や質量を欠いている。,char_003_kalts_1
level_main_07-15_end.json,7-17,感染者の盾-2,main_7,155,  我々はその力を一方的に受けるだけで、返すことはできない。これは非常に特殊なアーツで「それが確実に存在する」という結論しか得られないのだ。,char_003_kalts_1
level_main_07-15_end.json,7-17,感染者の盾-2,main_7,156,  理解するのは難しいかもしれない。君の専門外のことだからな。,char_003_kalts_1
level_main_07-15_end.json,7-17,感染者の盾-2,main_7,157,  武器を与えられる前、彼女のアーツはもっと大規模で無秩序な破壊をもたらした。移動都市に轢かれたような廃墟には、そこで跪いて号泣する幼い娘の他に、動くものは残っていなかった。,char_003_kalts_1
level_main_07-15_end.json,7-17,感染者の盾-2,main_7,158,  あのような状況は二度と繰り返してはならないのだ。,char_003_kalts_1
level_main_07-15_end.json,7-17,感染者の盾-2,main_7,159,  ……ドクター、行こう。,char_003_kalts_1
level_main_07-15_end.json,7-17,感染者の盾-2,main_7,160,  見えた。指揮部隊はもうすぐ現れる。,char_003_kalts_1
level_main_07-15_end.json,7-17,感染者の盾-2,main_7,161,  廃公園の噴水。その下には地下水路が通っているはずだ。,char_003_kalts_1
level_main_07-15_end.json,7-17,感染者の盾-2,main_7,162,  あんな場所に隠れているとは……,char_003_kalts_1
level_main_07-15_end.json,7-17,感染者の盾-2,main_7,163,  灰馬峰で7日間潜伏し、当時最強の征戦騎士たちをも欺いたというあの待ち伏せ作戦の話は本当だったのかもしれないな……,char_003_kalts_1
level_main_07-15_end.json,7-17,感染者の盾-2,main_7,164,  今だ！　行こう。Dr.{@nickname}、急ぐんだ！,char_003_kalts_1
level_main_07-15_end.json,7-17,感染者の盾-2,main_7,165,  Raidian、交戦を停止。安全を確保し、通信の維持に専念。,char_003_kalts_1
level_main_07-15_end.json,7-17,感染者の盾-2,main_7,166,  Mantra-2、全ての会話をしっかり記録するように。一言一句も漏らさずにだ。,char_003_kalts_1
level_main_07-15_end.json,7-17,感染者の盾-2,main_7,269,  ロスモンティス、撤退だ。,
level_main_07-15_end.json,7-17,感染者の盾-2,main_7,275,  ロスモンティス、これは命令だ。,
level_main_07-15_end.json,7-17,感染者の盾-2,main_7,276,  命令だと言っている。,
level_main_07-15_end.json,7-17,感染者の盾-2,main_7,294,  身分はどうでもいいかも知れんが、立場はどうなる？,char_003_kalts_1
level_main_07-15_end.json,7-17,感染者の盾-2,main_7,300,  ……思い出したか。,char_003_kalts_1
level_main_07-15_end.json,7-17,感染者の盾-2,main_7,304,  久しぶりだな、ボジョカスティ。,char_003_kalts_1
level_main_07-16_beg.json,7-18,愛国者の死,main_7,12,  久しぶりだな、ボジョカスティ。,char_003_kalts_1
level_main_07-16_beg.json,7-18,愛国者の死,main_7,23,  その話し方……病変は喉か？,char_003_kalts_1
level_main_07-16_beg.json,7-18,愛国者の死,main_7,29,  ずいぶん昔の話だ。,char_003_kalts_1
level_main_07-16_beg.json,7-18,愛国者の死,main_7,33,  ……まだ彼女のことを殿下と呼ぶのだな。,char_003_kalts_1
level_main_07-16_beg.json,7-18,愛国者の死,main_7,40,  カズデルの君主とウルサスの皇帝を、今でもはっきり別物と考えているのだな。,char_003_kalts_1
level_main_07-16_beg.json,7-18,愛国者の死,main_7,48,  いや、私たちは変わったのだ、ボジョカスティ。私はもう過去の私ではない。,char_003_kalts_1
level_main_07-16_beg.json,7-18,愛国者の死,main_7,49,  ボジョカスティ……何故カズデルを離れた？,char_003_kalts_1
level_main_07-16_beg.json,7-18,愛国者の死,main_7,55,  君の意志は世情に左右されず、血管には熱い血が流れ続けている。笑われるようなことではない。君は尊敬に値する。,char_003_kalts_1
level_main_07-16_beg.json,7-18,愛国者の死,main_7,60,  君の部下は、君こそがウルサスのために戦う戦士だと思っている。君はウルサスの未来のために、不公平、迫害、暴虐と戦ってきた。,char_003_kalts_1
level_main_07-16_beg.json,7-18,愛国者の死,main_7,61,  そうじゃないとでも言うのか？,char_003_kalts_1
level_main_07-16_beg.json,7-18,愛国者の死,main_7,68,  だが、戦争は永遠に終わらない。,char_003_kalts_1
level_main_07-16_beg.json,7-18,愛国者の死,main_7,77,  ――！,char_003_kalts_1#2
level_main_07-16_beg.json,7-18,愛国者の死,main_7,91,  ロドスに報復するか、「パトリオット」？,char_003_kalts_1
level_main_07-16_beg.json,7-18,愛国者の死,main_7,122,  （アーミヤ、やめるんだ。これ以上は言うな。）,char_003_kalts_1
level_main_07-16_beg.json,7-18,愛国者の死,main_7,144,  だがその前に、レユニオンは自身の重みを支えきれなくなるのだ。既にタルラは、裏でレユニオンを内部分裂させてしまった。,char_003_kalts_1
level_main_07-16_beg.json,7-18,愛国者の死,main_7,151,  ……本当にそう決まったと思うか？,char_003_kalts_1
level_main_07-16_beg.json,7-18,愛国者の死,main_7,152,  ボジョカスティ……君には命を投げ出すという選択肢以外にも道はあるはずだ。,char_003_kalts_1
level_main_07-16_beg.json,7-18,愛国者の死,main_7,198,  ボジョカスティ、君は生きていていいのだ。愚かな行動はよせ。,char_003_kalts_1
level_main_07-16_beg.json,7-18,愛国者の死,main_7,203,  ボジョカスティ……,char_003_kalts_1
level_main_07-16_beg.json,7-18,愛国者の死,main_7,208,  …………,char_003_kalts_1
level_main_07-16_beg.json,7-18,愛国者の死,main_7,209,  まさか君にも感じられたとは……,char_003_kalts_1
level_main_07-16_beg.json,7-18,愛国者の死,main_7,210,  あれは彼女のアーツを含んだ波動エネルギーが、大地を通じて全てのサルカズの体内に響き渡った瞬間だ。,char_003_kalts_1
level_main_07-16_beg.json,7-18,愛国者の死,main_7,211,  ほんの一瞬だったが、君がそれを感じ取ったということは……君の血脈が十分に古のものだということを意味する。,char_003_kalts_1
level_main_07-16_beg.json,7-18,愛国者の死,main_7,223,  …………,char_003_kalts_1
level_main_07-16_beg.json,7-18,愛国者の死,main_7,278,  君は私たちを認めない、と。,char_003_kalts_1
level_main_07-16_beg.json,7-18,愛国者の死,main_7,298,  ——！！,char_003_kalts_1
level_main_07-16_beg.json,7-18,愛国者の死,main_7,299,  オペレーター全員、直ちに退避！,char_003_kalts_1
level_main_07-16_beg.json,7-18,愛国者の死,main_7,303,  我々の交戦相手は、レユニオンの指揮官、通称「パトリオット」！,char_003_kalts_1#3
level_main_07-16_beg.json,7-18,愛国者の死,main_7,304,  彼の鎧、彼の力、彼の身体は、君たちの戦士に対する想像を遥かに凌駕する。,char_003_kalts_1#3
level_main_07-16_beg.json,7-18,愛国者の死,main_7,305,  彼は感染者だ。おそらく源石が、既に彼の生理機能の多くを奪っている。喉にある結晶は……全身の高い源石融合率の証明だ。,char_003_kalts_1#3
level_main_07-16_beg.json,7-18,愛国者の死,main_7,306,  以上が、各データから導き出された結論だ。,char_003_kalts_1#3
level_main_07-16_beg.json,7-18,愛国者の死,main_7,307,  通常は致命傷となる攻撃も、彼に実質的ダメージを与えられない。源石が絶え間なく増殖し、宿主の体組織を代替するからだ！,char_003_kalts_1#3
level_main_07-16_beg.json,7-18,愛国者の死,main_7,308,  ウェンディゴの身体は、元々並外れた強靭さと修復力を持つ。だが感染が彼にもたらしたものが、病なのかそれとも進化か、我々には知り得ない。,char_003_kalts_1#3
level_main_07-16_beg.json,7-18,愛国者の死,main_7,309,  しかし、どんなに彼が強靭でも、我々は彼を倒すしかない。,char_003_kalts_1#3
level_main_07-16_beg.json,7-18,愛国者の死,main_7,310,  彼を倒して初めて、我々は中央エリアを抜け、ブリッジに向かい、レユニオンを利用しようとする真の敵の元へ行けるのだ！,char_003_kalts_1#3
level_main_07-16_beg.json,7-18,愛国者の死,main_7,311,  彼の衛兵たちは、まだ彼の突発的な行動によって混乱状態にある。今が最初で最後のチャンスだ。,char_003_kalts_1#3
level_main_07-16_beg.json,7-18,愛国者の死,main_7,319,  ……我々は彼の歩む道の途上にある一つの分岐点に過ぎない。我々の目的は、彼にとって何の意味もない。,char_003_kalts_1#3
level_main_07-16_beg.json,7-18,愛国者の死,main_7,320,  彼にとって、我々との戦争と、「今すぐタルラを殺しに行くこと」とは並列の事象であるはずだ。だが彼からしてみれば、後者の方がより重要であり、考慮する価値があるらしい。,char_003_kalts_1#3
level_main_07-16_beg.json,7-18,愛国者の死,main_7,321,  平たく言えば、彼は我々を見下しているのだ。,char_003_kalts_1#3
level_main_07-16_beg.json,7-18,愛国者の死,main_7,325,  たとえ帝国の皇帝であっても、彼に頭を下げさせることはできないのだ。ましてや私など。,char_003_kalts_1#3
level_main_07-16_beg.json,7-18,愛国者の死,main_7,326,  それでもやる以外に道はない。彼自身の死をもって……刮目させ、耳を傾けさせて、我々の成す全てのことに価値があると気づかせ、我々が彼よりも強いと認めさせるのだ。,char_003_kalts_1#3
level_main_07-16_beg.json,7-18,愛国者の死,main_7,327,  だが彼自身が変わることは決してない。戦争以外の全て……君たちが大切に思う全てが、彼にとってはあまりに脆過ぎた。彼の重圧に耐えられないほどに脆い……,char_003_kalts_1#3
level_main_07-16_beg.json,7-18,愛国者の死,main_7,328,  アザゼルのヘラグは、このサルカズの性質を見誤った。,char_003_kalts_1#3
level_main_07-16_beg.json,7-18,愛国者の死,main_7,329,  ボジョカスティがどんなに高尚な人間でも、どれほど多くのものを背負っていても、その前に彼は、一人の屈強な戦士だ。,char_003_kalts_1#3
level_main_07-16_beg.json,7-18,愛国者の死,main_7,330,  フロストノヴァは、君たちを信じたからこそ、最後の時間を君たちに預けたが……彼は違う。,char_003_kalts_1#3
level_main_07-16_beg.json,7-18,愛国者の死,main_7,331,  彼は他の誰も信じない。自分自身しか信じないのだ。,char_003_kalts_1#3
level_main_07-16_beg.json,7-18,愛国者の死,main_7,332,  （……それが表向きだけだとしても。）,char_003_kalts_1#3
level_main_07-16_beg.json,7-18,愛国者の死,main_7,333,  戦闘準備だ。戦争だけが結果を決められる。,char_003_kalts_1#3
level_main_07-16_beg.json,7-18,愛国者の死,main_7,334,  ――戦争でしか彼を殺せないのだ。,char_003_kalts_1#3
level_main_07-16_end.json,7-18,愛国者の死,main_7,14,  Mon3tr、耐えろ！,char_003_kalts_1#3
level_main_07-16_end.json,7-18,愛国者の死,main_7,18,  彼の鎧は既に破損している。狙撃オペレーター、彼の身体を撃て。術師は他の遊撃隊戦士を牽制して。彼らに手を出す隙を与えるな。,char_003_kalts_1#3
level_main_07-16_end.json,7-18,愛国者の死,main_7,26,  Mon3tr、退がれ！　これ以上は止められない！,char_003_kalts_1#3
level_main_07-16_end.json,7-18,愛国者の死,main_7,30,  力を針金のように細く収束させるのだ……彼の心臓の位置を狙え！,char_003_kalts_1#3
level_main_07-16_end.json,7-18,愛国者の死,main_7,34,  今だ、一斉放射！,char_003_kalts_1#3
level_main_07-16_end.json,7-18,愛国者の死,main_7,47,  これでも彼の修復機能を凌駕できないのか……,char_003_kalts_1#3
level_main_07-16_end.json,7-18,愛国者の死,main_7,52,  「戦いは常に死の淵に在り、戦いに常に命を賭す。死せる命は血脈に還り、同胞の身体に永遠に生きる」……か。,char_003_kalts_1#3
level_main_07-16_end.json,7-18,愛国者の死,main_7,53,  前衛オペレーター、油断するな……後退だ。彼の身体も「人喰い」の儀式を放てるのだ。彼自身がそもそも巨大な巫術装置同然だ……,char_003_kalts_1#3
level_main_07-16_end.json,7-18,愛国者の死,main_7,54,  聞けボジョカスティ！　多くのサルカズは君のようなウェンディゴが無駄に犠牲を払うことを望んでいない。,char_003_kalts_1#3
level_main_07-16_end.json,7-18,愛国者の死,main_7,182,  Mon3tr、彼に近づくな！,char_003_kalts_1#3
level_main_07-16_end.json,7-18,愛国者の死,main_7,186,  …………,char_003_kalts_1
level_main_07-16_end.json,7-18,愛国者の死,main_7,331,  全戦力を投入してようやく、追い込むことができたか……,char_003_kalts_1#3
level_main_07-16_end.json,7-18,愛国者の死,main_7,332,  ボジョカスティ……,char_003_kalts_1#3
level_main_07-16_end.json,7-18,愛国者の死,main_7,344,  ――これは？,char_003_kalts_1
level_main_07-16_end.json,7-18,愛国者の死,main_7,385,  ああ、ボジョカスティ。,char_003_kalts_1
level_main_07-16_end.json,7-18,愛国者の死,main_7,391,  ボジョカスティ……,char_003_kalts_1
level_main_07-16_end.json,7-18,愛国者の死,main_7,392,  先祖たちの、列の末席に、並ぶ資格が、私にあるのか、どうか。,char_003_kalts_1
level_main_07-16_end.json,7-18,愛国者の死,main_7,396,  ……,char_003_kalts_1
level_main_07-16_end.json,7-18,愛国者の死,main_7,397,  「……私は今、一人のサルカズの見届人として、ここに証明する。ボジョカスティ、カズデルのウェンディゴ、その生涯において彼の血脈を裏切ることはなく、彼の一族に恥じることもない——」,char_003_kalts_1
level_main_07-16_end.json,7-18,愛国者の死,main_7,398,  「彼は己の生涯の栄誉を、光照らされるその身体に残し——」,char_003_kalts_1
level_main_07-16_end.json,7-18,愛国者の死,main_7,399,  「そして彼の精神と魂は、ウェンディゴの温かな血脈に還らん。」,char_003_kalts_1
level_main_07-16_end.json,7-18,愛国者の死,main_7,400,  これは、一種の呪縛だ。,char_003_kalts_1
level_main_07-16_end.json,7-18,愛国者の死,main_7,406,  君は、こういうものを嫌っているだろうと思っていた。,char_003_kalts_1
level_main_07-16_end.json,7-18,愛国者の死,main_7,570,  え……？,char_003_kalts_1
level_main_07-16_end.json,7-18,愛国者の死,main_7,579,  アーミヤ！？　ダメだ……！,char_003_kalts_1#3
level_main_07-16_end.json,7-18,愛国者の死,main_7,657,  アーミヤ……アーミヤ……？,char_003_kalts_1#3
level_main_07-16_end.json,7-18,愛国者の死,main_7,658,  サルカズの預言は、種族全ての記憶が融合したものだ。源石の多発地帯で起こったオリジニウムバースト……その直後、狙いすましたかのようなタイミングで、チェルノボーグを襲った天災……,char_003_kalts_1#3
level_main_07-16_end.json,7-18,愛国者の死,main_7,659,  祭壇……アーミヤ……ウェンディゴ……魔王！？,char_003_kalts_1#3
level_main_07-16_end.json,7-18,愛国者の死,main_7,660,  待て……もしこれが直接の影響だとするなら……有り得ない！　古のウェンディゴの最後の血脈が、サルカズの全支族の魂を繋いだとでもいうのか！？,char_003_kalts_1#3
level_main_07-16_end.json,7-18,愛国者の死,main_7,661,  あの預言……あの預言か！？,char_003_kalts_1#3
level_main_07-16_end.json,7-18,愛国者の死,main_7,662,  雪？　ボジョカスティと全ての祭壇の「人喰い」が共鳴した！？　それに加えて、さっき私がボジョカスティに施した、ウェンディゴの回魂儀式が補完作用を……しまった！,char_003_kalts_1#3
level_main_07-16_end.json,7-18,愛国者の死,main_7,663,  全オペレーターに告ぐ！！,char_003_kalts_1#3
level_main_07-16_end.json,7-18,愛国者の死,main_7,664,  奴が何を言おうと……ボジョカスティの口が何を発したとしても！,char_003_kalts_1#3
level_main_07-16_end.json,7-18,愛国者の死,main_7,665,  【一言たりとも信じるな！】,char_003_kalts_1#3
level_main_07-16_end.json,7-18,愛国者の死,main_7,682,  ボジョカスティ！　耳を貸すな！　そいつはオリジニウムアーツの生理性残留物でしかない！,char_003_kalts_1#3
level_main_07-16_end.json,7-18,愛国者の死,main_7,688,  ボジョカスティ！！　君は一生をかけて運命に抗って来たんじゃないのか！,char_003_kalts_1#3
level_main_07-16_end.json,7-18,愛国者の死,main_7,708,  ――アーミヤ！,
level_main_08-12_beg.json,M8-7,因果応報の「悪態」,main_8,182, 私たちはもうかなり、石棺の中心に近づいている。,char_003_kalts_1#2
level_main_08-12_beg.json,M8-7,因果応報の「悪態」,main_8,183, ……,char_003_kalts_1#2
level_main_08-12_beg.json,M8-7,因果応報の「悪態」,main_8,187, 君を上手く守ってやれるかわからないということだ。,char_003_kalts_1
level_main_08-12_beg.json,M8-7,因果応報の「悪態」,main_8,188, いや、Dr.{@nickname}。私が君を守れなくなる日は、いつか必ず訪れる。,char_003_kalts_1
level_main_08-12_beg.json,M8-7,因果応報の「悪態」,main_8,189, この大地のいたるところで、私たちの予想を遥かに超える沢山の力がぶつかり合っている……天災にも匹敵する彼らの暴力的行為は、予期せぬ問題や死をもたらすかもしれない。,char_003_kalts_1
level_main_08-12_beg.json,M8-7,因果応報の「悪態」,main_8,190, すべて予め知っていたとしても、それを変えられるとは限らない。これは数多の悲劇の根源であり、数多の旅の始まりでもある。,char_003_kalts_1
level_main_08-12_beg.json,M8-7,因果応報の「悪態」,main_8,191, そして、Dr.{@nickname}……,char_003_kalts_1
level_main_08-12_beg.json,M8-7,因果応報の「悪態」,main_8,192, 君は本当に守る価値のある人なのだろうか？,char_003_kalts_1
level_main_08-12_beg.json,M8-7,因果応報の「悪態」,main_8,195, 今のはただ、情報の非対称性を利用して君に圧をかけただけだ。,char_003_kalts_1
level_main_08-12_beg.json,M8-7,因果応報の「悪態」,main_8,196, 当然、追い詰められれば温厚なコータスでさえ牙をむく。,char_003_kalts_1
level_main_08-12_beg.json,M8-7,因果応報の「悪態」,main_8,197, ただ答えを直接伝えても、君は今まで以上に真実を疑うだけだ。ならば、自分から真相を掴みに行くか、それが開示されるのを待つ方がいい。,char_003_kalts_1
level_main_08-12_beg.json,M8-7,因果応報の「悪態」,main_8,199, 君は、答えてはくれないだろうな。,char_003_kalts_1
level_main_08-12_beg.json,M8-7,因果応報の「悪態」,main_8,200, 私にはわかる……君は昔から、そういう人だった。,char_003_kalts_1
level_main_08-12_beg.json,M8-7,因果応報の「悪態」,main_8,201, だが、今の君は違う。Dr.{@nickname}、約束してくれ。君は過去の君とは違うということを。,char_003_kalts_1
level_main_08-12_beg.json,M8-7,因果応報の「悪態」,main_8,203, フゥ……,char_003_kalts_1
level_main_08-12_beg.json,M8-7,因果応報の「悪態」,main_8,204, 私は君を呪ったことがあっただろうか、Dr.{@nickname}？　今その呪文が解け、私の身に返ってきたのか？,char_003_kalts_1
level_main_08-12_beg.json,M8-7,因果応報の「悪態」,main_8,205, 価値があるかどうか――それは、私が判断することじゃない。,char_003_kalts_1
level_main_08-12_beg.json,M8-7,因果応報の「悪態」,main_8,206, たとえ価値がなくとも、私は同じことをするだろうな。理由は……機会があれば教えよう。,char_003_kalts_1
level_main_08-12_beg.json,M8-7,因果応報の「悪態」,main_8,208, ――サルカズの特殊感染者か！？,char_003_kalts_1
level_main_08-12_beg.json,M8-7,因果応報の「悪態」,main_8,213, ……,char_003_kalts_1
level_main_08-12_beg.json,M8-7,因果応報の「悪態」,main_8,214, 中枢エリアのサルカズ傭兵たちは、全員が転化してしまっていると断定していいだろう。,char_003_kalts_1
level_main_08-12_beg.json,M8-7,因果応報の「悪態」,main_8,215, オペレーター各位、浄化モードをオンにしろ。,char_003_kalts_1
level_main_08-12_beg.json,M8-7,因果応報の「悪態」,main_8,216, 他人の命を救う前に、まずは自分を守るんだ。,char_003_kalts_1
level_main_08-12_beg.json,M8-7,因果応報の「悪態」,main_8,217, アーミヤ……君はこの不幸な種族の運命を、本気で背負うつもりなのか？,char_003_kalts_1
level_main_08-12_end.json,M8-7,因果応報の「悪態」,main_8,19,  空気中の結晶粉末濃度も既に最大まで達している。,char_003_kalts_1
level_main_08-12_end.json,M8-7,因果応報の「悪態」,main_8,20,  つまり、特殊感染者を操っている者は、すでにチェルノボーグ中枢区画の石棺を占拠した可能性が高いということだ。,char_003_kalts_1
level_main_08-12_end.json,M8-7,因果応報の「悪態」,main_8,21,  私たちの見えないところで、何かが起こっている。,char_003_kalts_1
level_main_08-12_end.json,M8-7,因果応報の「悪態」,main_8,29,  チャード、君には確か家族がいたな。,char_003_kalts_1
level_main_08-12_end.json,M8-7,因果応報の「悪態」,main_8,33,  チャード。二人と再会して、もう一度やり直したいと考えたことはあるか？,char_003_kalts_1
level_main_08-12_end.json,M8-7,因果応報の「悪態」,main_8,37,  夢を実現させる第一歩が、夢を見る機会を得ることだ。,char_003_kalts_1
level_main_08-12_end.json,M8-7,因果応報の「悪態」,main_8,38,  チェルノボーグを止めることができれば、少なくとも感染者がこれ以上苦しむことはなくなる。,char_003_kalts_1
level_main_08-12_end.json,M8-7,因果応報の「悪態」,main_8,39,  いいか？　君の娘にチャンスを与えるんだ、チャード。父親にもう一度会えるチャンスを。,char_003_kalts_1
level_main_08-12_end.json,M8-7,因果応報の「悪態」,main_8,52,  確かに嘘になる可能性はある。この大地がそうやすやすと改善するとは思えないし、感染者たちが過去の暮らしに戻れる確率などゼロに等しい。,char_003_kalts_1
level_main_08-12_end.json,M8-7,因果応報の「悪態」,main_8,53,  だが、実現する可能性も同じように残されている。,char_003_kalts_1
level_main_08-12_end.json,M8-7,因果応報の「悪態」,main_8,54,  もし私たちが今ここを離れれば、彼は二度と娘には会えなくなる。たとえ彼や彼の家族が運よく生き延びたとしてもだ。,char_003_kalts_1
level_main_08-12_end.json,M8-7,因果応報の「悪態」,main_8,55,  今現在直面している事件を解決する力が我々にないと仮定してしまえば、更に広範な学術研究は単なる理論で終わってしまう。,char_003_kalts_1
level_main_08-12_end.json,M8-7,因果応報の「悪態」,main_8,56,  実践者の成功経験こそが、我々に実践を続ける資格をもたらす。,char_003_kalts_1
level_main_08-12_end.json,M8-7,因果応報の「悪態」,main_8,57,  感染者制度の改革を謳う者がいくら出揃ったところで、たった一度の失敗が露見すればその資格は永久に剥奪され、取り戻す機会さえ与えられない。,char_003_kalts_1
level_main_08-12_end.json,M8-7,因果応報の「悪態」,main_8,58,  それを何かに例えるなら、「命」という概念がふさわしいだろう。,char_003_kalts_1
level_main_08-12_end.json,M8-7,因果応報の「悪態」,main_8,59,  ……我々は、重大な任務を遂行することで生き延びてきた。そして失敗は、死を意味する。,char_003_kalts_1
level_main_08-12_end.json,M8-7,因果応報の「悪態」,main_8,60,  科学に復活という概念はない。,char_003_kalts_1
level_main_08-12_end.json,M8-7,因果応報の「悪態」,main_8,61,  己の命を救う機会は、いつだって一度きりだ。我々は数多くの災難に遭遇するだろうし、その度に破滅の危機に直面することになる。それは個人に限った話でなく、組織――ロドスにとってもそうだ。,char_003_kalts_1
level_main_08-12_end.json,M8-7,因果応報の「悪態」,main_8,62,  チェルノボーグのような災難も、今後は少なくないだろう。そして一度でも対処に失敗すれば、私たちは間違いなく死ぬ。,char_003_kalts_1
level_main_08-12_end.json,M8-7,因果応報の「悪態」,main_8,63,  疫病が大地に蔓延する前に我々はそれを阻止しなくてはならない。それと同時に、災禍の最前線で自分自身を守らなければならない。,char_003_kalts_1
level_main_08-12_end.json,M8-7,因果応報の「悪態」,main_8,64,  ロドスの存在意義を必要以上に謳うつもりはない。しかし今、この場所で問題を解決できるのは、私たち以外にいない。,char_003_kalts_1
level_main_08-12_end.json,M8-7,因果応報の「悪態」,main_8,65,  人の命は大抵一つ限りだ。一度失えば、永遠に戻ることはない。,char_003_kalts_1
level_main_08-12_end.json,M8-7,因果応報の「悪態」,main_8,68,  ああ、いや……そういう意味ではない。私が言いたいのは、一度も己の命を手にしたことがない者もいるということだ。,char_003_kalts_1
level_main_08-12_end.json,M8-7,因果応報の「悪態」,main_8,69,  生まれた時から正常な物事に触れることが許されない者も多い。その結果は目に見て明らかだ……異常な土地で収穫できるのは、異常な作物しかない。,char_003_kalts_1
level_main_08-12_end.json,M8-7,因果応報の「悪態」,main_8,70,  そして、これまでに一度も阻まれることなく膨れ上がった悪意が、このチェルノボーグに集まった。,char_003_kalts_1
level_main_08-12_end.json,M8-7,因果応報の「悪態」,main_8,71,  悪意……実際問題、悪意の連鎖が自然消滅することはない。,char_003_kalts_1
level_main_08-12_end.json,M8-7,因果応報の「悪態」,main_8,72,  破壊や殺戮の発端は、どれもが一縷の望みだったのかもしれない。法律の手が届かない大地では、蛮行が蔓延し、次第に独自のルールを形成する。,char_003_kalts_1
level_main_08-12_end.json,M8-7,因果応報の「悪態」,main_8,73,  そしてそのルールは国家の法律などより何万倍も強い効力を持つ。なぜなら、それらを壊すことは不可能だからだ。,char_003_kalts_1
level_main_08-12_end.json,M8-7,因果応報の「悪態」,main_8,74,  それが「暴力」だ。私たちの血に流れている暴力は、生命において未だ文明に飼い馴らされていない、野性に根差した本能の一部だ。,char_003_kalts_1
level_main_08-12_end.json,M8-7,因果応報の「悪態」,main_8,76,  待て。,
level_main_08-12_end.json,M8-7,因果応報の「悪態」,main_8,77,  聞こえたか？　今のは……,
level_main_08-12_end.json,M8-7,因果応報の「悪態」,main_8,78,  ……歌声？,
level_main_08-12_end.json,M8-7,因果応報の「悪態」,main_8,79,  おかしい。私の五感はアーツによるかく乱の影響を受けないはず。,
level_main_08-12_end.json,M8-7,因果応報の「悪態」,main_8,80,  オペレーター各位、防衛装備を装着せよ！,
level_main_08-12_end.json,M8-7,因果応報の「悪態」,main_8,81,  Dr.{@nickname} 、何かよからぬことが起きているかもしれない。,
level_main_08-12_end.json,M8-7,因果応報の「悪態」,main_8,82,  ここへたどり着くまでに見てきた状況からも同じことが言えるが、今から直面する事態は思った以上に厄介かもしれない。,
level_main_08-12_end.json,M8-7,因果応報の「悪態」,main_8,85,  本来、それを当然のものと考えるべきでもないのだがな。,
level_main_08-12_end.json,M8-7,因果応報の「悪態」,main_8,86,  これは、私たちとこの都市にかかった呪いなのかもしれないな。だが呪いであるならば、解く方法は必ずあるはずだ。,
level_main_08-12_end.json,M8-7,因果応報の「悪態」,main_8,87,  悪の種を撒けば悪の花が咲き、悪の実がなる。しかし私たちが善意の水を撒けば、たとえ美しく実らなくとも、このような窮地に追い込まれ、惨状に見舞われることはないだろう。,
level_main_08-12_end.json,M8-7,因果応報の「悪態」,main_8,88,  ただ、残念なことに……,
level_main_08-12_end.json,M8-7,因果応報の「悪態」,main_8,89,  ……,
level_main_08-12_end.json,M8-7,因果応報の「悪態」,main_8,94,  残念なことに、私の知る限りでは、邪念は更なる悪を生み落とし、善良な者は大抵ろくな最期を迎えられていない。だが――,char_003_kalts_1
level_main_08-12_end.json,M8-7,因果応報の「悪態」,main_8,95,  感染者よ、さらなる悪夢を広めることなど、私は決して許さない。,char_003_kalts_1
level_main_08-14_beg.json,M8-8,夢からの「覚醒」,main_8,166,  ドクター、下がっておけ。先には行かない方がいい。,char_003_kalts_1
level_main_08-14_beg.json,M8-8,夢からの「覚醒」,main_8,167,  やはり遅かったか。,char_003_kalts_1
level_main_08-14_beg.json,M8-8,夢からの「覚醒」,main_8,180,  ……むごい。,char_003_kalts_1
level_main_08-14_beg.json,M8-8,夢からの「覚醒」,main_8,181,  さすがの私も、これほど悲惨な光景を見たのは過去に一度きりだ。,char_003_kalts_1
level_main_08-14_beg.json,M8-8,夢からの「覚醒」,main_8,182,  術者とそのアーツの被害者がひとかたまりとなり、混ざり合った肉体と源石が堆積した小さな丘に、脆い花が咲く……,char_003_kalts_1
level_main_08-14_beg.json,M8-8,夢からの「覚醒」,main_8,183,  崩れた花の粉末は風に吹かれ、呪われた土地の上空を舞い、人々を感染させていく――,char_003_kalts_1
level_main_08-14_beg.json,M8-8,夢からの「覚醒」,main_8,184,  ――そして、不幸にも感染した者は新たな宿主となり、更なる苦痛と死を伝染する。,char_003_kalts_1
level_main_08-14_beg.json,M8-8,夢からの「覚醒」,main_8,188,  私は見たままを話しただけだ。どんな言葉で言い繕おうと、あの惨劇に対する侮辱になるだけだからな。,char_003_kalts_1
level_main_08-14_beg.json,M8-8,夢からの「覚醒」,main_8,189,  感染源の播き散らすエネルギーは、毒薬に等しい。そしてそれが引き起こす毒の害は、自然に消えることはない。,char_003_kalts_1
level_main_08-14_beg.json,M8-8,夢からの「覚醒」,main_8,190,  あの時、私は心に決めた。二度とこんな悲劇は起こさせまいと……,char_003_kalts_1
level_main_08-14_beg.json,M8-8,夢からの「覚醒」,main_8,191,  しかし、ままならないものだな。まさかあの悲劇が、再び私の目の前で繰り返されるとは。,char_003_kalts_1
level_main_08-14_beg.json,M8-8,夢からの「覚醒」,main_8,196,  ……「あれ」はもう昏睡状態に陥っているようだ。無意識に排出を続けているように見える。,char_003_kalts_1
level_main_08-14_beg.json,M8-8,夢からの「覚醒」,main_8,197,  操られていない特殊感染者のサルカズたちがいるのも、「あれ」がそれぞれの個体を操ろうとしていないからだろう。,char_003_kalts_1
level_main_08-14_beg.json,M8-8,夢からの「覚醒」,main_8,198,  自由、か。,char_003_kalts_1
level_main_08-14_beg.json,M8-8,夢からの「覚醒」,main_8,199,  皮肉だな。家畜が自由を手にするなど……,char_003_kalts_1
level_main_08-14_beg.json,M8-8,夢からの「覚醒」,main_8,204,  ――！,char_003_kalts_1
level_main_08-14_beg.json,M8-8,夢からの「覚醒」,main_8,205,  やはり、「あれ」が源石の粉末を広範囲に拡散した元凶だ。,char_003_kalts_1
level_main_08-14_beg.json,M8-8,夢からの「覚醒」,main_8,206,  ……,char_003_kalts_1
level_main_08-14_beg.json,M8-8,夢からの「覚醒」,main_8,207,  マズい。家畜のサルカズも最後にあの形態に変化するとしたら、その影響は計り知れないものとなる。,char_003_kalts_1
level_main_08-14_beg.json,M8-8,夢からの「覚醒」,main_8,208,  「あれ」が撒き散らす粉末は、もはや単純なアーツなどではない。非感染者をも感染させ、特殊感染者にしてしまうだろう。,char_003_kalts_1
level_main_08-14_beg.json,M8-8,夢からの「覚醒」,main_8,209,  街に咲き乱れる源石の花……あんな光景はもう二度と見たくない。,char_003_kalts_1
level_main_08-14_beg.json,M8-8,夢からの「覚醒」,main_8,210,  Dr.{@nickname}。ここはひとまず私たちで「あれ」を制圧し、感染源の拡大を阻止して伝染を食い止めるべきだ。,char_003_kalts_1
level_main_08-14_beg.json,M8-8,夢からの「覚醒」,main_8,220,  知り合いか？,char_003_kalts_1
level_main_08-14_beg.json,M8-8,夢からの「覚醒」,main_8,223,  ……,char_003_kalts_1
level_main_08-14_beg.json,M8-8,夢からの「覚醒」,main_8,224,  君が何を考えているか、私にはわからないが……,char_003_kalts_1
level_main_08-14_beg.json,M8-8,夢からの「覚醒」,main_8,225,  私は審判を下す者ではなく、ただの医者なんだ、Dr.{@nickname}。,char_003_kalts_1
level_main_08-14_beg.json,M8-8,夢からの「覚醒」,main_8,226,  この大地は病に侵されている。誰かが治療してやらなければ、どうなると思う？,char_003_kalts_1
level_main_08-14_beg.json,M8-8,夢からの「覚醒」,main_8,227,  生物には免疫システムがある。もしそれが大地にもあるとしたら、この地もいつかは自己修復が可能かもしれない。,char_003_kalts_1
level_main_08-14_beg.json,M8-8,夢からの「覚醒」,main_8,228,  しかし、今以上に痩せた土地の上で、私たちが生存していくことはできない。大地がこのまま衰弱していけば、私たちも死ぬ。,char_003_kalts_1
level_main_08-14_beg.json,M8-8,夢からの「覚醒」,main_8,229,  そして私たちの前にいる感染者は……,char_003_kalts_1
level_main_08-14_beg.json,M8-8,夢からの「覚醒」,main_8,234,  これだけは言っておく。たとえ現時点で治療は不可能と判断されている病があったとしても、医者は決してそれを死とは見なさない。,char_003_kalts_1
level_main_08-14_beg.json,M8-8,夢からの「覚醒」,main_8,235,  「特効薬がまだ開発されておらず、患者の命がその病によって脅威にさらされている」、それだけだ。,char_003_kalts_1
level_main_08-14_beg.json,M8-8,夢からの「覚醒」,main_8,236,  医者は絶対に諦めない――たとえ誰もが確信していたとしても……医者は絶対に認めない。,char_003_kalts_1
level_main_08-14_beg.json,M8-8,夢からの「覚醒」,main_8,237,  「この病は手の施しようがない」などとはな。,char_003_kalts_1
level_main_08-14_beg.json,M8-8,夢からの「覚醒」,main_8,238,  なぜなら、それは言い訳になるからだ。絶対に医者が使ってはいけない逃げ口上だ。,char_003_kalts_1
level_main_08-14_beg.json,M8-8,夢からの「覚醒」,main_8,239,  どんな脅迫を受けようと、私の医学知識は人の道から外れた行為に使うことはない。どの命も生まれた時から尊厳を持っている。,char_003_kalts_1
level_main_08-14_beg.json,M8-8,夢からの「覚醒」,main_8,240,  感染者が世にどう扱われていようと、患者を診るのが私の責務だ。,char_003_kalts_1
level_main_08-14_beg.json,M8-8,夢からの「覚醒」,main_8,241,  だから、私はどんな命も諦めない。治癒の可能性が残された命を、決して。,char_003_kalts_1
level_main_08-14_beg.json,M8-8,夢からの「覚醒」,main_8,242,  だが、病の拡散を防ぐために、時には残酷な選択を余儀なくされる場合があることを、医者は否定できない。,char_003_kalts_1
level_main_08-14_beg.json,M8-8,夢からの「覚醒」,main_8,243,  感染者は誰かの道具ではない。何人たりとも、一個の命を操ることはできない。,char_003_kalts_1
level_main_08-14_beg.json,M8-8,夢からの「覚醒」,main_8,244,  私が何もしなければ、あれは一つのターゲットに、一つの兵器に、一つの言い訳に成り下がる。ここであれを放置したとて、ウルサスへの復讐にもならない。,char_003_kalts_1
level_main_08-14_beg.json,M8-8,夢からの「覚醒」,main_8,245,  逆に、ウルサスの傷口は誰かの傷口となるだろう。,char_003_kalts_1
level_main_08-14_beg.json,M8-8,夢からの「覚醒」,main_8,246,  誰かがもがき苦しむのを、私たちは放ってはおけない。,char_003_kalts_1
level_main_08-14_beg.json,M8-8,夢からの「覚醒」,main_8,247,  ある種の病は、普通の医者で治せるものではない。,char_003_kalts_1
level_main_08-14_beg.json,M8-8,夢からの「覚醒」,main_8,248,  この土地が彼らに与えた全ては、いつか必ず何倍にもなって別の人たちに注がれる。,char_003_kalts_1
level_main_08-14_beg.json,M8-8,夢からの「覚醒」,main_8,249,  ――医者ができることなどたかが知れている。,char_003_kalts_1
level_main_08-14_beg.json,M8-8,夢からの「覚醒」,main_8,250,  より多くの命を救おうと言うのなら……,char_003_kalts_1
level_main_08-14_beg.json,M8-8,夢からの「覚醒」,main_8,255,  決断を下すべきだ。,char_003_kalts_1
level_main_08-14_beg.json,M8-8,夢からの「覚醒」,main_8,267,  つまり、我々の目的は決まっている。,
level_main_08-14_beg.json,M8-8,夢からの「覚醒」,main_8,268,  Dr.{@nickname}、中枢区画のエネルギー供給を止める前に、今も数を増やし続けている家畜を一掃し、更なる災いの発生を防がなければならない。,
level_main_08-14_beg.json,M8-8,夢からの「覚醒」,main_8,269,  Mon3tr、起きろ！,
level_main_08-14_beg.json,M8-8,夢からの「覚醒」,main_8,270,  ……残された時間は少ない。この結末は……救いには成り得ないのだろうな。サルカズの家畜たちの運命は、もう決まってしまっているのだから。,
level_main_08-14_beg.json,M8-8,夢からの「覚醒」,main_8,295,  君の予感は正しい。あれは普通の感染生物ではない、あれは……この大規模感染の発生源なのだから。,char_003_kalts_1
level_main_08-14_beg.json,M8-8,夢からの「覚醒」,main_8,298,  自然ではない生物は、大抵歪んだ美学から生まれる。,char_003_kalts_1
level_main_08-14_beg.json,M8-8,夢からの「覚醒」,main_8,299,  だが、その外見に惑わされてはならない。どれほど美しかろうと、周りの惨状を生み出している元凶であることには変わりない――,char_003_kalts_1
level_main_08-14_beg.json,M8-8,夢からの「覚醒」,main_8,301,  ……,char_003_kalts_1
level_main_08-14_beg.json,M8-8,夢からの「覚醒」,main_8,302,  歌っているのか。,char_003_kalts_1
level_main_08-14_end.json,M8-8,夢からの「覚醒」,main_8,115,  私たちは突発的な災害の阻止に成功したんだ。,
level_main_08-14_end.json,M8-8,夢からの「覚醒」,main_8,116,  ……任務完了だ。これでチェルノボーグ中枢区画は、エネルギーの供給源を失った。私たちの責務は果たされた。,
level_main_08-14_end.json,M8-8,夢からの「覚醒」,main_8,117,  少なくとも数年間は、この施設が再起動されることはないだろう。,
level_main_08-14_end.json,M8-8,夢からの「覚醒」,main_8,118,  今から数時間、中枢区画は供給済みのエネルギーでエンジンの稼働を維持するだろうが、それが尽きればこの都市はただの鉄屑だ。,
level_main_08-14_end.json,M8-8,夢からの「覚醒」,main_8,119,  私たちがやれることはやった。だが、この都市が龍門に衝突するのを完全に阻止するには、やはり中枢区画の緊急ブレーキを作動させる必要がある。,
level_main_08-14_end.json,M8-8,夢からの「覚醒」,main_8,120,  それはアーミヤの役目だ。適任者はアーミヤしかいない。,
level_main_08-14_end.json,M8-8,夢からの「覚醒」,main_8,123,  ウルサス帝国がまだこの都市を欲するなら、好きにさせればいい。,
level_main_08-14_end.json,M8-8,夢からの「覚醒」,main_8,134,  ……,char_003_kalts_1
level_main_08-14_end.json,M8-8,夢からの「覚醒」,main_8,135,  私はかつて二度、ここで起きた事件に関与した。,char_003_kalts_1
level_main_08-14_end.json,M8-8,夢からの「覚醒」,main_8,136,  一つ目は、二十年以上前のことだ。,char_003_kalts_1
level_main_08-14_end.json,M8-8,夢からの「覚醒」,main_8,137,  当時、ウルサスのボリスグループの配下にある小さな鉱業会社が、南部の山脈で奇妙な設備を掘り当てた。,char_003_kalts_1
level_main_08-14_end.json,M8-8,夢からの「覚醒」,main_8,138,  この情報はすぐにグループの権力者――ボリス侯爵の耳に入った。,char_003_kalts_1
level_main_08-14_end.json,M8-8,夢からの「覚醒」,main_8,139,  すると、侯爵は大胆な行動に出た。彼は、その設備を中心に据えた工業都市を建てることで、軍の支配下にある鉱業と軍需生産に依存しているグループの現状を打破しようとした。,char_003_kalts_1
level_main_08-14_end.json,M8-8,夢からの「覚醒」,main_8,140,  その謎めいた設備が、神民の残した摩訶不思議な遺産であろうと、サルカズの古い呪術道具であろうと、それが正常に稼働する限りはボリスグループにとっての突破口となり得た。,char_003_kalts_1
level_main_08-14_end.json,M8-8,夢からの「覚醒」,main_8,141,  もちろん、それはただの鉄の塊にすぎず、いくら研究したところで成果は出ないかもしれない。あるいは、実は驚異的な兵器であり、数個の集落を瞬く間に消し去る力を持っている可能性もあった。,char_003_kalts_1
level_main_08-14_end.json,M8-8,夢からの「覚醒」,main_8,142,  そこで、設備を研究するために優秀な科学者チームが結成された。彼らは若く、単純な理論に愛想を尽かし、そのうえ学界からの搾取を長年受け続けていたため、世を憎み、金に困っていた。,char_003_kalts_1
level_main_08-14_end.json,M8-8,夢からの「覚醒」,main_8,145,  ああ、そうだ。,char_003_kalts_1
level_main_08-14_end.json,M8-8,夢からの「覚醒」,main_8,146,  私はクルビアを離れてから、独自の情報源からそのことを知った。そして、私もそのチームに加わった――彼らが設備を都市ごと破壊してしまわないように。,char_003_kalts_1
level_main_08-14_end.json,M8-8,夢からの「覚醒」,main_8,147,  自分の知識を頼りに、私はその科学者たちを指導し始めた。,char_003_kalts_1
level_main_08-14_end.json,M8-8,夢からの「覚醒」,main_8,148,  チェルノボーグは純粋な新興都市じゃない。以前は単なる古くて廃れた都市だった。,char_003_kalts_1
level_main_08-14_end.json,M8-8,夢からの「覚醒」,main_8,149,  科学者たちが例の設備の真の機能に気付くまで、源石に依存しない資源を都市に提供するために、私はその設備からの一定量のエネルギー放射を許可した。それは少ない量でも、相当な効果を上げた。,char_003_kalts_1
level_main_08-14_end.json,M8-8,夢からの「覚醒」,main_8,150,  ボリス侯爵はひどく興奮した。彼は投資と引き換えに、確かな成果を得たのだからな。,char_003_kalts_1
level_main_08-14_end.json,M8-8,夢からの「覚醒」,main_8,151,  侯爵はビジネスに対する嗅覚が鋭かった。,char_003_kalts_1
level_main_08-14_end.json,M8-8,夢からの「覚醒」,main_8,152,  チェルノボーグは急速に発展し、同じように商機に飢えている多くの人を引き付けた。,char_003_kalts_1
level_main_08-14_end.json,M8-8,夢からの「覚醒」,main_8,153,  ボリスグループに加入した小型都市も少なくはなかった。彼らはボリス本人に憧れていたか、侯爵の貪欲さに震え上がったのだろう。,char_003_kalts_1
level_main_08-14_end.json,M8-8,夢からの「覚醒」,main_8,154,  チェルノボーグが頭角を現すと同時に、科学者たちの研究にも重大な進展があった。,char_003_kalts_1
level_main_08-14_end.json,M8-8,夢からの「覚醒」,main_8,155,  私は……彼らを止めるべきだったのかもしれない。,char_003_kalts_1
level_main_08-14_end.json,M8-8,夢からの「覚醒」,main_8,158,  続けよう。,char_003_kalts_1
level_main_08-14_end.json,M8-8,夢からの「覚醒」,main_8,159,  私の優秀な教え子の内、何人かはこの設備の秘密を自ら発見した。自分たちが利用したエネルギーは、設備が稼働をする際の副産物にすぎず、本体は未だスリープモードになっていると……,char_003_kalts_1
level_main_08-14_end.json,M8-8,夢からの「覚醒」,main_8,160,  そして、このエネルギーは本体を正常に稼働させるために使われるものだという事実に気づいた。,char_003_kalts_1
level_main_08-14_end.json,M8-8,夢からの「覚醒」,main_8,161,  それともう一つ。チェルノボーグに供給されていたエネルギーは、この設備が出力できるエネルギーの一部にすぎなかった。ほんの、ごく一部だ。,char_003_kalts_1
level_main_08-14_end.json,M8-8,夢からの「覚醒」,main_8,162,  それがわかった時、彼らは喜んだ。,char_003_kalts_1
level_main_08-14_end.json,M8-8,夢からの「覚醒」,main_8,163,  チェルノボーグの、外部源石鉱業に対する依存割合が、大幅に低下するかもしれないとな。,char_003_kalts_1
level_main_08-14_end.json,M8-8,夢からの「覚醒」,main_8,164,  彼らが同じような設備を複製できれば、ウルサスは今後エネルギー源に困ることがなくなり、源石の採掘と精製の工程を大幅に簡素化できる。,char_003_kalts_1
level_main_08-14_end.json,M8-8,夢からの「覚醒」,main_8,165,  しかし、同時に恐ろしい懸念も浮かび上がってきた。これほど莫大なエネルギーが兵器の製造や侵略に用いられれば、ウルサスは再び戦火に焼かれてしまう。,char_003_kalts_1
level_main_08-14_end.json,M8-8,夢からの「覚醒」,main_8,166,  幸い、科学者たちはみんな心優しい子たちだった。彼らはどうにかして、災厄の発生を阻止しようとした。,char_003_kalts_1
level_main_08-14_end.json,M8-8,夢からの「覚醒」,main_8,167,  不幸の訪れも、それがきっかけだったのだが……,char_003_kalts_1
level_main_08-14_end.json,M8-8,夢からの「覚醒」,main_8,168,  ウルサス第四軍がこの件に介入してくるようになって、ようやく科学者たちは事の重大さに気づき始めた。,char_003_kalts_1
level_main_08-14_end.json,M8-8,夢からの「覚醒」,main_8,169,  私の教え子たちが設備を封印する準備を整えた頃には、秘密警察はすでに科学者たちの弱点を掴んでいた。,char_003_kalts_1
level_main_08-14_end.json,M8-8,夢からの「覚醒」,main_8,170,  秘密警察がまず注目したのは、科学者チームのリーダーの一人、イリヤだった。彼は、強い正義感と執着心を持つ研究者だった。,char_003_kalts_1
level_main_08-14_end.json,M8-8,夢からの「覚醒」,main_8,171,  しかし彼らは、イリヤの家族を監禁した場合、彼の憎悪が一方的に膨張するだけだと判断し、その後別のターゲットに目を向けた。,char_003_kalts_1
level_main_08-14_end.json,M8-8,夢からの「覚醒」,main_8,172,  それがセルゲイ――私の教え子の中でも最年長の研究者だった。,char_003_kalts_1
level_main_08-14_end.json,M8-8,夢からの「覚醒」,main_8,173,  優柔不断なセルゲイは、スカルシュレッダーとミーシャの父親だ。,char_003_kalts_1
level_main_08-14_end.json,M8-8,夢からの「覚醒」,main_8,174,  秘密警察が軽く揺さぶっただけで、セルゲイの脆い信念は瞬く間に崩れ去った。,char_003_kalts_1
level_main_08-14_end.json,M8-8,夢からの「覚醒」,main_8,175,  家族を失う恐怖と、同僚や研究に対する裏切りの板挟みによって追い詰められた結果、セルゲイは折衷案となる選択をした。,char_003_kalts_1
level_main_08-14_end.json,M8-8,夢からの「覚醒」,main_8,176,  彼はプロジェクトの目的と実験データをボリス侯爵に伝えたのだ。,char_003_kalts_1
level_main_08-14_end.json,M8-8,夢からの「覚醒」,main_8,177,  彼は誰も信じるべきではなかった。自分が命綱だと思い込んでいるものは、往々にして自分を殺す凶器になりうる。,char_003_kalts_1
level_main_08-14_end.json,M8-8,夢からの「覚醒」,main_8,179,  侯爵は、科学者たちを守ろうとはしなかった。守る実力が無かったと言うべきか。彼は軍隊の高級将校らの前では頭も上がらない。,char_003_kalts_1
level_main_08-14_end.json,M8-8,夢からの「覚醒」,main_8,180,  大反乱を経て、軍隊や旧貴族の力が極度に衰退したのは事実だが、ボリス侯爵はあくまでも落ちぶれた貴族から爵位を金で買い取った成り上がりにすぎないからな。,char_003_kalts_1
level_main_08-14_end.json,M8-8,夢からの「覚醒」,main_8,181,  彼はセルゲイだけを保護し、軍隊の襲撃を許した。それは一方的な虐殺となった。,char_003_kalts_1
level_main_08-14_end.json,M8-8,夢からの「覚醒」,main_8,182,  セルゲイは息子と娘の命と引き換えに、自分の同僚が一人また一人と石棺の中で死んでいくのを絶望の眼差しで見つめていた。,char_003_kalts_1
level_main_08-14_end.json,M8-8,夢からの「覚醒」,main_8,183,  死体や血痕などは跡形もなく処理され、そこにセルゲイの壊れた心を土台に、新たにセルゲイの研究所が建てられた。,char_003_kalts_1
level_main_08-14_end.json,M8-8,夢からの「覚醒」,main_8,184,  当然、セルゲイが有意義な研究成果を出すことは二度となかった。優秀で正義感の強すぎた科学者たちを失った後、この設備に関する研究は行き詰まる結果となった。,char_003_kalts_1
level_main_08-14_end.json,M8-8,夢からの「覚醒」,main_8,185,  そして、この設備の存在は次第に忘れ去られていった。解決不能な問題は、いつしか見向きもされなくなり、忘却の運命をたどる。,char_003_kalts_1
level_main_08-14_end.json,M8-8,夢からの「覚醒」,main_8,186,  結局、秘密警察と駐屯軍が撤退した後、侯爵とセルゲイはこの設備を封印した……ただ、簡単に封じただけだ。,char_003_kalts_1
level_main_08-14_end.json,M8-8,夢からの「覚醒」,main_8,187,  その後も設備は稼働を続け、生成されたエネルギーも絶え間なく、石棺からチェルノボーグ中枢区画――ひいては都市全体に供給され続けた。,char_003_kalts_1
level_main_08-14_end.json,M8-8,夢からの「覚醒」,main_8,188,  侯爵はセルゲイの貢献を讃え、彼を市議会の書記に任命した。,char_003_kalts_1
level_main_08-14_end.json,M8-8,夢からの「覚醒」,main_8,189,  ああ、そういえばこれはセルゲイの息子――アレックスが感染者に認定され、追放された後に起きたことだ。,char_003_kalts_1
level_main_08-14_end.json,M8-8,夢からの「覚醒」,main_8,190,  そして侯爵はようやく軍隊に対抗する力を得た。都市の中枢区画外に形成された、大小さまざまの工場群によって。,char_003_kalts_1
level_main_08-14_end.json,M8-8,夢からの「覚醒」,main_8,191,  彼の命脈を掌握することができなくなった第四軍は、自分たちの勢力範囲からチェルノボーグが離れて行くさまを、ただ見届けるしかなかった。,char_003_kalts_1
level_main_08-14_end.json,M8-8,夢からの「覚醒」,main_8,192,  その後、長期に渡りチェルノボーグが稼働していく中、ボリス侯爵は生産原料の価格問題で、第三軍の参謀の一人、ファースコープ精錬所の第一受益者であるバイカル公爵の恨みを買った。,char_003_kalts_1
level_main_08-14_end.json,M8-8,夢からの「覚醒」,main_8,193,  しかし、バイカル公爵が陰で仕掛けた襲撃でさえ、もはやウルサスの最も重要な都市の一つとなったチェルノボーグを揺るがすことはできなかった。,char_003_kalts_1
level_main_08-14_end.json,M8-8,夢からの「覚醒」,main_8,194,  その上、侯爵はこの都市への軍隊駐屯を拒んだ。おかげで各軍は皇帝の指示でチェルノボーグの周囲を見張る、もしくは監視するくらいしかできなくなった。,char_003_kalts_1
level_main_08-14_end.json,M8-8,夢からの「覚醒」,main_8,195,  更に公爵はチェルノボーグを軍隊や旧貴族の規則から独立させた。それに追随した周辺の各都市も、次々とウルサス内で頭角を現す。鉱物や生産品への欲求は、人々に更なる発展方法の模索を促した。,char_003_kalts_1
level_main_08-14_end.json,M8-8,夢からの「覚醒」,main_8,196,  血塗れの奴隷制ではなく、表面上は清潔で高級な奴隷制を。,char_003_kalts_1
level_main_08-14_end.json,M8-8,夢からの「覚醒」,main_8,199,  それが全てというわけでもない。,char_003_kalts_1
level_main_08-14_end.json,M8-8,夢からの「覚醒」,main_8,200,  私個人が思うに、科学者たちが――私の教え子たちが、ウルサスの貪欲さによって命を落とした時に、チェルノボーグの陥落はすでに確定していたのだろう。,char_003_kalts_1
level_main_08-14_end.json,M8-8,夢からの「覚醒」,main_8,201,  だが、私はそれを理由に自分を許すことはできない。,char_003_kalts_1
level_main_08-14_end.json,M8-8,夢からの「覚醒」,main_8,203,  私は科学者たちの研究意欲と善良さに感化され、この設備が人のために利用されることで、何か違う道が切り開かれるのではと、甘く考えてしまった。,char_003_kalts_1
level_main_08-14_end.json,M8-8,夢からの「覚醒」,main_8,204,  彼ら――ウルサスの科学者たちなら、これで人々に幸福をもたらすことができるのではないかとな。たとえ、彼らの結末が間違いなく予想できたものだったとしてもだ。,char_003_kalts_1
level_main_08-14_end.json,M8-8,夢からの「覚醒」,main_8,205,  彼らと出会う前の私ならば、あんな決断はしなかった。あれでは死者を増やすだけなのにな。出発点がいくら素晴らしくとも、邪悪な世界の中では、私たちの善意など容易く捻じ曲げられてしまう。,char_003_kalts_1
level_main_08-14_end.json,M8-8,夢からの「覚醒」,main_8,206,  つまり、Dr.{@nickname}。 ,char_003_kalts_1
level_main_08-14_end.json,M8-8,夢からの「覚醒」,main_8,207,  彼らを絞首台に送り込んだのは、他でもない私だ。,char_003_kalts_1
level_main_08-14_end.json,M8-8,夢からの「覚醒」,main_8,208,  私が、彼らの死を黙って見送ったんだ。,char_003_kalts_1
level_main_08-14_end.json,M8-8,夢からの「覚醒」,main_8,209,  これも全て、私が未熟な道を見据えたせいだ。今の大地では、到底実現できない理想を思い描いてしまったからだ。,char_003_kalts_1
level_main_08-14_end.json,M8-8,夢からの「覚醒」,main_8,210,  彼らの確かな優しさに触れてしまったせいで……,char_003_kalts_1
level_main_08-14_end.json,M8-8,夢からの「覚醒」,main_8,213,  ……本当に知りたいのか？,char_003_kalts_1
level_main_08-14_end.json,M8-8,夢からの「覚醒」,main_8,214,  わかっているだろうが、Dr.{@nickname}、私はただの医者ではない。とはいえ、それは医者としての職務とはあまりにかけ離れているものだ。,char_003_kalts_1
level_main_08-14_end.json,M8-8,夢からの「覚醒」,main_8,217,  それは君の本心ではないだろう。君はただ、好奇心に駆られているだけだ。答えを聞けば、きっと後悔する。,char_003_kalts_1
level_main_08-14_end.json,M8-8,夢からの「覚醒」,main_8,218,  Dr.{@nickname}、私は君に後悔してほしくないんだ。私に言えるのは、ああいったことは、昔の君の方が私よりも得意だろうということだけだ。,char_003_kalts_1
level_main_08-14_end.json,M8-8,夢からの「覚醒」,main_8,220,  ひょっとすると君は、すでに自分の中で答えを出しているのかもしれない。そのうえで同情、あるいは慈悲の心で、私が失態を晒さないようにしてくれているのだろう。,char_003_kalts_1
level_main_08-14_end.json,M8-8,夢からの「覚醒」,main_8,221,  君は私のイメージを守り、君自身の評価も高めた……なんともいえないWin-Winだが、礼を言う、ドクター。,char_003_kalts_1
level_main_08-14_end.json,M8-8,夢からの「覚醒」,main_8,225,  答えたくない質問など山ほどある。,char_003_kalts_1
level_main_08-14_end.json,M8-8,夢からの「覚醒」,main_8,226,  確かに、私はこのような形でイリヤの生前の願いを叶えるつもりはなかった。それは認める。,char_003_kalts_1
level_main_08-14_end.json,M8-8,夢からの「覚醒」,main_8,227,  たくさんの血が流れ、数え切れぬ人々が命を落としたんだ。しかし最後に私が行った埋め合わせは、一番初めにやるべきことだった。,char_003_kalts_1
level_main_08-14_end.json,M8-8,夢からの「覚醒」,main_8,230,  彼らのことを知らなかったからだ。違う結末を期待していた。,char_003_kalts_1
level_main_08-14_end.json,M8-8,夢からの「覚醒」,main_8,231,  Dr.{@nickname}、この大地には相手が赤の他人だからという理由だけで、暴力を振るい、残酷な刑罰を科す者もいる。,char_003_kalts_1
level_main_08-14_end.json,M8-8,夢からの「覚醒」,main_8,232,  何の躊躇いもなく他人を殺すことができるのは、その相手のことを全く知らないからだ。,char_003_kalts_1
level_main_08-14_end.json,M8-8,夢からの「覚醒」,main_8,233,  もし、お互いの身の上を知り尽くしていたら、私たちはより正しい選択ができたのだろうか？,char_003_kalts_1
level_main_08-14_end.json,M8-8,夢からの「覚醒」,main_8,234,  それとも、彼らはより多くの肩書を手に入れ、それにより行為が黙認されたり、不当な裁判を受けたりしたのだろうか？　身分が違うというだけで罪を被せられたり、罪を免れたりするのだろうか？,char_003_kalts_1
level_main_08-14_end.json,M8-8,夢からの「覚醒」,main_8,235,  貴族か貧民か、一般人か感染者か、ウルサス人か龍門人か、都市の住民か荒野の流民か――,char_003_kalts_1
level_main_08-14_end.json,M8-8,夢からの「覚醒」,main_8,236,  ロドスで治療を受けている感染者の多くが、都市からやってきて、何不自由ない家庭環境で、良い教育を受けていた者たちであるのはなぜか？,char_003_kalts_1
level_main_08-14_end.json,M8-8,夢からの「覚醒」,main_8,237,  なぜなら、そもそも荒野に暮らす感染者たちは、通信手段が無く、情報が得られない。彼らは町の陰に隠れ、明日とも知れない日々を送っているからだ。,char_003_kalts_1
level_main_08-14_end.json,M8-8,夢からの「覚醒」,main_8,238,  つまり、彼らはロドスの名を聞く機会さえないのかもしれない。,char_003_kalts_1
level_main_08-14_end.json,M8-8,夢からの「覚醒」,main_8,239,  ましてや、他の医薬会社や感染者治療団体の名は、言うまでもないだろう。,char_003_kalts_1
level_main_08-14_end.json,M8-8,夢からの「覚醒」,main_8,240,  これが現実だ。,char_003_kalts_1
level_main_08-14_end.json,M8-8,夢からの「覚醒」,main_8,241,  彼らは暴力を使いたいわけじゃない。それ以外の手段を知る機会がないんだ。,char_003_kalts_1
level_main_08-14_end.json,M8-8,夢からの「覚醒」,main_8,242,  かつては多くの人が暴力を盲信していた。彼らは過去に暴力を振るわれ、その暴力に彼らは屈した。その効果を知った彼らも暴力を周囲に振りかざし、さらに周りの人々を巻き込んでいく……,char_003_kalts_1
level_main_08-14_end.json,M8-8,夢からの「覚醒」,main_8,243,  そうしていくうちに、暴力は彼らの道具となった。暴力のない生活を知らぬ彼らは、一生苦痛と恨みに支配される。,char_003_kalts_1
level_main_08-14_end.json,M8-8,夢からの「覚醒」,main_8,244,  暴力は、畑を耕すクワには成り得ない。暴力が通った跡には、草一本すら生えないのだから。,char_003_kalts_1
level_main_08-14_end.json,M8-8,夢からの「覚醒」,main_8,245,  石棺に囚われ、変異してしまったこの感染者は――,char_003_kalts_1
level_main_08-14_end.json,M8-8,夢からの「覚醒」,main_8,246,  果たして悪だったのだろうか？,char_003_kalts_1
level_main_08-14_end.json,M8-8,夢からの「覚醒」,main_8,247,  私たちは生まれた時から悪なのだろうか？,char_003_kalts_1
level_main_08-14_end.json,M8-8,夢からの「覚醒」,main_8,248,  権力と暴力が人に蔓延る悪を生んだのだろうか？　それとも、邪悪な人間が暴力を正当化するためにこれらの道具を……同胞を傷つけるための道具を作ったのだろうか？,char_003_kalts_1
level_main_08-14_end.json,M8-8,夢からの「覚醒」,main_8,249,  私たちに他人を裁く権利はない。そんな権力を持つ者などいない。,char_003_kalts_1
level_main_08-14_end.json,M8-8,夢からの「覚醒」,main_8,250,  善を認め実行し、悪を定め否認する。それが正しい道だ。私たちが仮に悪をもって悪を制しても、それでは敵と同類になってしまう。そうなれば、最終的には私たちも自ら命を絶たねば立ち行かない。,char_003_kalts_1
level_main_08-14_end.json,M8-8,夢からの「覚醒」,main_8,251,  ただ、Dr.{@nickname}、もし君が私のことを理解してくれているのなら、誰かがやらなければならないこともあるとわかっているはず。,char_003_kalts_1
level_main_08-14_end.json,M8-8,夢からの「覚醒」,main_8,252,  だが、その行為は決して合理的なものだとは限らない。ましてや、それは正々堂々と実施できるものでもない。,char_003_kalts_1
level_main_08-14_end.json,M8-8,夢からの「覚醒」,main_8,253,  理由がどうであれ、私たちがやらなければならないことの中には、命を傷つけることも含まれている。これを忘れてはならない。,char_003_kalts_1
level_main_08-14_end.json,M8-8,夢からの「覚醒」,main_8,258,  ああ。だから私も、私の行いに対する君の理解などはこれといって期待していない。,char_003_kalts_1
level_main_08-14_end.json,M8-8,夢からの「覚醒」,main_8,259,  君に何かを説き、納得させるのはアーミヤのやるべきことだ。私が実行してきた多くのことは、誰にも知られぬまま闇に葬られるべきであり、決して許されることではないからな。,char_003_kalts_1
level_main_08-14_end.json,M8-8,夢からの「覚醒」,main_8,260,  そしてそう遠くない未来に、私ではなく、君がより多くの決断を下していくことになるだろう。多くの者が、私以上の期待を君に寄せている。,char_003_kalts_1
level_main_08-14_end.json,M8-8,夢からの「覚醒」,main_8,261,  私の言い分は、私の言い分でしかない。同じように君の行いは、君の行いでしかない。,char_003_kalts_1
level_main_08-14_end.json,M8-8,夢からの「覚醒」,main_8,262,  君には、この大地に変化のきっかけをもたらしてほしい。多くの心優しい人たちがそうしたように……,char_003_kalts_1
level_main_08-14_end.json,M8-8,夢からの「覚醒」,main_8,265,  もしウルサスがこれを再起動するようなことがあれば、それは善良なる人の手によるものだと信じることにするよ。,char_003_kalts_1
level_main_08-14_end.json,M8-8,夢からの「覚醒」,main_8,266,  この大地を心から変えようとしている者たち……未来は彼らの手にあると、私はそう信じる。,char_003_kalts_1
level_main_08-14_end.json,M8-8,夢からの「覚醒」,main_8,271,  ふっ。,char_003_kalts_1
level_main_08-14_end.json,M8-8,夢からの「覚醒」,main_8,272,  皮肉なことに、世界が本当にそこまで腐ってしまったら……もはや打つ手はないだろう。,char_003_kalts_1
level_main_08-14_end.json,M8-8,夢からの「覚醒」,main_8,273,  仮に事態があのまま発展していったのならば、いくら私たちが歯を食いしばり、滅亡の運命を幾度となく阻止したところで、最悪の未来からは逃れられない。,char_003_kalts_1
level_main_08-14_end.json,M8-8,夢からの「覚醒」,main_8,274,  不道徳と邪悪を簡単に一掃できる方法の出現に期待するのは、あまりにも非現実的だ。,char_003_kalts_1
level_main_08-14_end.json,M8-8,夢からの「覚醒」,main_8,275,  だが、文明を一瞬にして滅ぼし、その後も長い苦痛を味わい続けたければ、それは簡単だ。軽く想像するだけでわかるだろう。,char_003_kalts_1
level_main_08-14_end.json,M8-8,夢からの「覚醒」,main_8,276,  ただ、何はともあれ……今の私たちには、まだできることが残っている。,char_003_kalts_1
level_main_08-14_end.json,M8-8,夢からの「覚醒」,main_8,284,  消毒作業もそろそろ終わる。後ほど人為的な痕跡をすべて消しておけば、ウルサスはロドスの尻尾を掴めない。,char_003_kalts_1
level_main_08-14_end.json,M8-8,夢からの「覚醒」,main_8,285,  すぐにアーミヤの増援に向かおう。,char_003_kalts_1
level_main_08-14_end.json,M8-8,夢からの「覚醒」,main_8,286,  まあ、状況が相当悪い方向に進まない限り、私たちが司令塔に駆けつける頃にはチェルノボーグ事変も終わっているだろう。増援とは言ったが、実際はただロドスのメンバーと合流するだけだ。,char_003_kalts_1
level_main_08-14_end.json,M8-8,夢からの「覚醒」,main_8,287,  そしてここでのこと、ここで起きた全てを含めて……,char_003_kalts_1
level_main_08-14_end.json,M8-8,夢からの「覚醒」,main_8,288,  私が全力を尽くして、このつらい旅を終わらせる。君がさっき、私にそうしてほしいと思った通りにな。,char_003_kalts_1
level_main_08-14_end.json,M8-8,夢からの「覚醒」,main_8,289,  そしてドクター、君にしか決められないこともあると、覚えておいてくれ。,char_003_kalts_1
level_main_08-14_end.json,M8-8,夢からの「覚醒」,main_8,297,  何か、気になることでもあったか？,char_003_kalts_1
level_main_08-14_end.json,M8-8,夢からの「覚醒」,main_8,301,  ああ……,char_003_kalts_1
level_main_08-14_end.json,M8-8,夢からの「覚醒」,main_8,302,  その件に関しては、君に聞かれるのを待つつもりだった。,char_003_kalts_1
level_main_08-14_end.json,M8-8,夢からの「覚醒」,main_8,307,  ……,char_003_kalts_1
level_main_08-14_end.json,M8-8,夢からの「覚醒」,main_8,308,  実は、それこそ私が君をここまで護衛した理由でもある。,char_003_kalts_1
level_main_08-14_end.json,M8-8,夢からの「覚醒」,main_8,309,  これについて私が君に伝えることを、アーミヤは望んでいない。しかしこれが最後の機会になる。私たちが石棺を埋める前に、私は君の頭の中に眠る真実の欠片を掘り出さなければならない。,char_003_kalts_1
level_main_08-14_end.json,M8-8,夢からの「覚醒」,main_8,310,  Dr.{@nickname}。三年前、私は長らく封印されていたこの場所に戻り、重傷を負った君をこの機械の中に入れた。,char_003_kalts_1
level_main_08-14_end.json,M8-8,夢からの「覚醒」,main_8,311,  この機械なら君を治すことができた。というよりも、こいつには君しか治せない。,char_003_kalts_1
level_main_08-14_end.json,M8-8,夢からの「覚醒」,main_8,314,  私ははっきりと説明したつもりだが。,char_003_kalts_1
level_main_08-14_end.json,M8-8,夢からの「覚醒」,main_8,315,  先程遭遇した感染生物は奇妙な姿形をしていたが、彼は最初からああだったわけではない。,char_003_kalts_1
level_main_08-14_end.json,M8-8,夢からの「覚醒」,main_8,316,  だからこそ、感染生物――感染者である彼が石棺に入り、石棺を起動させたと断言できる。,char_003_kalts_1
level_main_08-14_end.json,M8-8,夢からの「覚醒」,main_8,317,  ……彼は、アーミヤが石棺の中から君を助け出した映像を見たのかもしれない。,char_003_kalts_1
level_main_08-14_end.json,M8-8,夢からの「覚醒」,main_8,318,  それが、彼が石棺を利用しようと考えるきっかけとなった。そして何の因果か、彼は石棺の中に入ることとなった。,char_003_kalts_1
level_main_08-14_end.json,M8-8,夢からの「覚醒」,main_8,319,  これは、あってはならないことだ。,char_003_kalts_1
level_main_08-14_end.json,M8-8,夢からの「覚醒」,main_8,320,  この石棺は本来、操作する者に治療を施すために設計されている。だが、例の感染者が石棺に入った後、予期せぬことが起こった。,char_003_kalts_1
level_main_08-14_end.json,M8-8,夢からの「覚醒」,main_8,321,  その結果があの産物だ。つまり、あの危険な感染生物は自然に誕生したものではない。「あれ」への変化は人為的なものだ。石棺が彼の肉体を「あれ」へと転化させた。,char_003_kalts_1
level_main_08-14_end.json,M8-8,夢からの「覚醒」,main_8,322,  だが君は、石棺から治療作用を得た。君たち二人に対する反応は大きく異なっている。,char_003_kalts_1
level_main_08-14_end.json,M8-8,夢からの「覚醒」,main_8,325,  当然だ、Dr.{@nickname}。君は彼とは違う。,char_003_kalts_1
level_main_08-14_end.json,M8-8,夢からの「覚醒」,main_8,326,  私たちの同類は何だ？,char_003_kalts_1
level_main_08-14_end.json,M8-8,夢からの「覚醒」,main_8,327,  ……君の同類は何だ？,char_003_kalts_1
level_main_08-14_end.json,M8-8,夢からの「覚醒」,main_8,328,  この機械は君の同族しか治療できないのかもしれないし、感染者を拒む設計になっているのかもしれない。,char_003_kalts_1
level_main_08-14_end.json,M8-8,夢からの「覚醒」,main_8,329,  この機械は患者を強制的に最古の状態へと転化しているのかもしれないし、そもそも私にしか正常に操作できないのかもしれない――,char_003_kalts_1
level_main_08-14_end.json,M8-8,夢からの「覚醒」,main_8,330,  何はともあれ、君は生き残り、彼は……先程の感染者は、特殊感染者の源になった。,char_003_kalts_1
level_main_08-14_end.json,M8-8,夢からの「覚醒」,main_8,331,  この大地には、全く同じ個体なんて存在しない……君は彼とも、私とも、アーミヤとも違う。それに私からしても、君たちは私とあまりにも違いすぎている。,char_003_kalts_1
level_main_08-14_end.json,M8-8,夢からの「覚醒」,main_8,332,  誰が私を理解し、誰が君を理解するだろう？　私たちの周りではどれほどの命が消え、どれほどの覆せぬ悲劇があるのだろう？,char_003_kalts_1
level_main_08-14_end.json,M8-8,夢からの「覚醒」,main_8,333,  これを発掘した者……私の教え子たちは、もっと素晴らしい場所を創るためにこれを研究していたのではなかったのか？,char_003_kalts_1
level_main_08-14_end.json,M8-8,夢からの「覚醒」,main_8,334,  なぜ権力への貪欲さはこれほど多くの無意味な死傷者を生むのか。こんなものは、愚劣な悲劇以外のなんだと言うんだ？,char_003_kalts_1
level_main_08-14_end.json,M8-8,夢からの「覚醒」,main_8,335,  これはそんな目的のために作られた物なのか？　私たちは何のためにこの大地に置かれているんだ？,char_003_kalts_1
level_main_08-14_end.json,M8-8,夢からの「覚醒」,main_8,336,  運命が私たちを操っているとでもいうのか？　私たちの創造主は、私たちが演じている滑稽な劇を悠々と鑑賞しているのか？,char_003_kalts_1
level_main_08-14_end.json,M8-8,夢からの「覚醒」,main_8,339,  そうか。,char_003_kalts_1
level_main_08-14_end.json,M8-8,夢からの「覚醒」,main_8,340,  今から君を制止しても、もう遅いのだろうか？,char_003_kalts_1
level_main_08-14_end.json,M8-8,夢からの「覚醒」,main_8,341,  いや、私にはわからない。それが正しい道なのかどうかでさえ……たとえ今の君が全て演技だとしても、私は喜ぶべきなのだろうな。,char_003_kalts_1
level_main_08-14_end.json,M8-8,夢からの「覚醒」,main_8,342,  だが、やはり忠告しておこう、ドクター。,char_003_kalts_1
level_main_08-14_end.json,M8-8,夢からの「覚醒」,main_8,343,  これは決して楽な選択肢ではない。,char_003_kalts_1
level_main_08-14_end.json,M8-8,夢からの「覚醒」,main_8,344,  Dr.{@nickname}……この大地には、君だけの立ち位置がある。,char_003_kalts_1
level_main_08-14_end.json,M8-8,夢からの「覚醒」,main_8,346,  もちろん構わない。君にはここを離れる自由がある。,char_003_kalts_1
level_main_08-14_end.json,M8-8,夢からの「覚醒」,main_8,347,  ロドスが君とPRTSとのニューラルコネクタの接続を切れば、君は直ちに移動端末のシミュレーション演算中枢から遮断され、PRTSの目と権限を失う。,char_003_kalts_1
level_main_08-14_end.json,M8-8,夢からの「覚醒」,main_8,348,  ロドスの情報処理システムの莫大な情報の海から君は解放され、それ以降は二度とロドスの情報データベースにログインする必要もなくなる。,char_003_kalts_1
level_main_08-14_end.json,M8-8,夢からの「覚醒」,main_8,349,  君の情報端末をシャットダウンすれば、一瞬で全てが消える。私たちの取捨選択はとても簡単だ――ボタン一つで接続を切断し、自分が選択したその世界に自分を残すことができる。,char_003_kalts_1
level_main_08-14_end.json,M8-8,夢からの「覚醒」,main_8,350,  ……,char_003_kalts_1
level_main_08-14_end.json,M8-8,夢からの「覚醒」,main_8,351,  私の準備はできている。,char_003_kalts_1
level_main_08-14_end.json,M8-8,夢からの「覚醒」,main_8,352,  君は、そのボタンを押すだけでいい。,char_003_kalts_1
level_main_08-14_end.json,M8-8,夢からの「覚醒」,main_8,353,  ……,char_003_kalts_1
level_main_08-14_end.json,M8-8,夢からの「覚醒」,main_8,354,  ……,char_003_kalts_1
level_main_08-14_end.json,M8-8,夢からの「覚醒」,main_8,355,  もし君がその選択をしていたら、この言葉は聞こえていない。,char_003_kalts_1
level_main_08-14_end.json,M8-8,夢からの「覚醒」,main_8,356,  つまり、君はここに残ることを選んだ。,char_003_kalts_1
level_main_08-14_end.json,M8-8,夢からの「覚醒」,main_8,357,  Dr.{@nickname}……そもそも準備ができている者などいるのだろうか？,char_003_kalts_1
level_main_08-14_end.json,M8-8,夢からの「覚醒」,main_8,359,  私たちは様々な物事によって、この世に束縛されているのだよ、Dr.{@nickname}。,char_003_kalts_1
level_main_08-14_end.json,M8-8,夢からの「覚醒」,main_8,360,  私たちの日々は苦しみで満たされ、私たちの命は意義すら見失ってしまっているのかもしれない。,char_003_kalts_1
level_main_08-14_end.json,M8-8,夢からの「覚醒」,main_8,361,  だが、一歩前へと踏み出せば、旅は始まる。,char_003_kalts_1
level_main_08-14_end.json,M8-8,夢からの「覚醒」,main_8,362,  明るくて平坦な道は歩きやすい。暗くて険しい道は歩みづらい。,char_003_kalts_1
level_main_08-14_end.json,M8-8,夢からの「覚醒」,main_8,363,  それでも、科学者やロドスのエリートオペレーター、龍門の義士、新生を夢見るチェルノボーグの感染者たちは……,char_003_kalts_1
level_main_08-14_end.json,M8-8,夢からの「覚醒」,main_8,364,  一歩また一歩と、足を引き摺りながら進み続けようとしている。,char_003_kalts_1
level_main_08-14_end.json,M8-8,夢からの「覚醒」,main_8,365,  痛みが彼らを襲い、悪夢が彼らを苛む。憎しみが彼らを戸惑わせ、いずれは死が彼らに追いつく……,char_003_kalts_1
level_main_08-14_end.json,M8-8,夢からの「覚醒」,main_8,366,  だが、彼らはすでに足枷を外した。この大地が彼らに押しつけた、不当な束縛や不条理な悩みから解放されたんだ。,char_003_kalts_1
level_main_08-14_end.json,M8-8,夢からの「覚醒」,main_8,367,  圧倒的大多数の者が脆弱だ。だが私たちを煩わせるものこそが私たちの存在を証明し、夜には落ち着いた眠りに就かせてくれる。,char_003_kalts_1
level_main_08-14_end.json,M8-8,夢からの「覚醒」,main_8,368,  私たちの苦難はまだまだ続くだろう。この大地に降りかかる苦難が尽きる日など想像もつかない。,char_003_kalts_1
level_main_08-14_end.json,M8-8,夢からの「覚醒」,main_8,369,  それでも、私たちはまだ選ぶことができる。極寒に生まれた者が、火を灯すことを選ぶのと同じように。,char_003_kalts_1
level_main_08-14_end.json,M8-8,夢からの「覚醒」,main_8,372,  ドクター。,char_003_kalts_1
level_main_08-14_end.json,M8-8,夢からの「覚醒」,main_8,373,  私が言う言葉の大半は、私の責任や過去の約束……,char_003_kalts_1
level_main_08-14_end.json,M8-8,夢からの「覚醒」,main_8,374,  そして、未来への期待から来るものだ。,char_003_kalts_1
level_main_08-14_end.json,M8-8,夢からの「覚醒」,main_8,375,  私は君に期待している。,char_003_kalts_1
level_main_08-14_end.json,M8-8,夢からの「覚醒」,main_8,376,  たとえ、私が君に悪意を向けているように感じたとしても、どうか気にしないでほしい。今後はなるべく控えるよう努力する。,char_003_kalts_1
level_main_08-14_end.json,M8-8,夢からの「覚醒」,main_8,379,  私のこの態度は、私の記憶から来るものだ。君の記憶は消されているが、私の記憶にほとんど変化はないのでな。,char_003_kalts_1
level_main_08-14_end.json,M8-8,夢からの「覚醒」,main_8,380,  本来、あの家庭用生理機能修復マシンには記憶を消す機能など搭載されていないはずだ。となると、記憶喪失は機械の故障か君の演技ということになるが、少なくとも今の君……上辺の君は潔白だ。,char_003_kalts_1
level_main_08-14_end.json,M8-8,夢からの「覚醒」,main_8,381,  ドクター。私が今から告げる言葉に、不快感を覚えないでほしい。,char_003_kalts_1
level_main_08-14_end.json,M8-8,夢からの「覚醒」,main_8,382,  今回だけ、私は自分の感情をありのままに吐露しよう。私はただ、君に忠告がしたい……たとえアーミヤが望んでいなくとも。,char_003_kalts_1
level_main_08-14_end.json,M8-8,夢からの「覚醒」,main_8,384,  できることなら、私は復讐するだろう。君に対して復讐をする。,char_003_kalts_1#2
level_main_08-14_end.json,M8-8,夢からの「覚醒」,main_8,387,  今後君の記憶が蘇ったならば、君には自分の選択を見直す機会があるだろう。,char_003_kalts_1#2
level_main_08-14_end.json,M8-8,夢からの「覚醒」,main_8,388,  それで……たとえ君が悔い改めても、もしくは君が本当に――永遠に忘れてしまったとしても、私の考えが改まることはない。,char_003_kalts_1#2
level_main_08-14_end.json,M8-8,夢からの「覚醒」,main_8,389,  心の奥底に根づく憎しみを発芽させるつもりはない。だが、私にはこれを残しておく権利はある。,char_003_kalts_1#2
level_main_08-14_end.json,M8-8,夢からの「覚醒」,main_8,390,  私には、永遠に怒り続ける権利がある。,char_003_kalts_1#2
level_main_08-14_end.json,M8-8,夢からの「覚醒」,main_8,392,  ……今の私には、この怒りを誰にぶつけるべきかわからないが。,char_003_kalts_1
level_main_08-14_end.json,M8-8,夢からの「覚醒」,main_8,395,  私はあれを君だとは思っていない。そうでもなければ、これほど言葉を交わすこともない。たとえ君が――,char_003_kalts_1
level_main_08-14_end.json,M8-8,夢からの「覚醒」,main_8,396,  君が……,char_003_kalts_1
level_main_08-14_end.json,M8-8,夢からの「覚醒」,main_8,397,  ……,char_003_kalts_1
level_main_08-14_end.json,M8-8,夢からの「覚醒」,main_8,399,  なぜテレジアがあれほど君を信用していたのか……それだけが、未だに解せない。,char_003_kalts_1#2
level_main_08-14_end.json,M8-8,夢からの「覚醒」,main_8,403,  私の友人、昔の仲間だ。,char_003_kalts_1
level_main_08-14_end.json,M8-8,夢からの「覚醒」,main_8,404,  三年前に亡くなっている。私は永遠に彼女を失った。,char_003_kalts_1
level_main_08-14_end.json,M8-8,夢からの「覚醒」,main_8,405,  真相が聞きたいか？　ドクター。,char_003_kalts_1
level_main_08-14_end.json,M8-8,夢からの「覚醒」,main_8,408,  君がどう思っていようと、私が君をここに連れてきたのは真相を告げるためだ。,char_003_kalts_1
level_main_08-14_end.json,M8-8,夢からの「覚醒」,main_8,409,  私も君も、この過去から逃れることはできない。,char_003_kalts_1
level_main_08-14_end.json,M8-8,夢からの「覚醒」,main_8,410,  テレジアは君の友人でもあった。,char_003_kalts_1
level_main_08-14_end.json,M8-8,夢からの「覚醒」,main_8,412,  かつて君のその肉体に宿っていた者が、その手をテレジアの血で染めたのだよ、Dr.{@nickname}。,char_003_kalts_1
level_main_08-14_end.json,M8-8,夢からの「覚醒」,main_8,413,  「君」が、テレジアを殺したんだ。,char_003_kalts_1
level_main_08-14_end.json,M8-8,夢からの「覚醒」,main_8,417,  ああ……しかし、予期せぬ事態によって、君は石棺に入れられ、全てを忘れてしまった。だが、今の君とは無関係のこの事実が、変わることはない。,char_003_kalts_1
level_main_08-14_end.json,M8-8,夢からの「覚醒」,main_8,418,  あれは、私にとっても君にとっても、無念窮まる出来事だ。,char_003_kalts_1
level_main_08-14_end.json,M8-8,夢からの「覚醒」,main_8,419,  ――君を傷つけることは私には一切許されないとしても、これだけは覚えていてほしい。,char_003_kalts_1
level_main_08-14_end.json,M8-8,夢からの「覚醒」,main_8,420,  ……テレジアとアーミヤがどれだけ君を信用していたとしても、私は決して信じない。,char_003_kalts_1
level_main_08-14_end.json,M8-8,夢からの「覚醒」,main_8,424,  回答は拒否する。それは私が答えるべきではない。君を呪ってしまいそうになる。,char_003_kalts_1#2
level_main_08-14_end.json,M8-8,夢からの「覚醒」,main_8,428,  君はDr.{@nickname}、ドクターだ。この大地に生きる一つの命あるもの。,char_003_kalts_1
level_main_08-14_end.json,M8-8,夢からの「覚醒」,main_8,432,  私が信じろと言ったところで、君はすぐに受け入れられるか？　私の「侮辱」を君は心から拒絶している。故に、私の個人的感情が込められた「答え」と「真実」に関し、多くは語らないでおく。,char_003_kalts_1
level_main_08-14_end.json,M8-8,夢からの「覚醒」,main_8,433,  私を信じてほしいとは言わないし、真相についてもこれ以上触れるつもりはない。,char_003_kalts_1
level_main_08-14_end.json,M8-8,夢からの「覚醒」,main_8,434,  私の憎しみは叙述を捻じ曲げてしまうし、怒りに満ちた言葉は君の思考を混乱させる。,char_003_kalts_1
level_main_08-14_end.json,M8-8,夢からの「覚醒」,main_8,435,  だから、君が全貌を知るための必要な鍵と、基本的な事実以外、私は何も言わない。,char_003_kalts_1
level_main_08-14_end.json,M8-8,夢からの「覚醒」,main_8,436,  君は自分の目で確かめ、自分で判断し、自分で模索するべきだ。,char_003_kalts_1
level_main_08-14_end.json,M8-8,夢からの「覚醒」,main_8,437,  そうすれば君は本当の自分を取り戻せる――そう頑なに信じて疑わない者もいることだしな。,char_003_kalts_1
level_main_08-14_end.json,M8-8,夢からの「覚醒」,main_8,441,  ……君を守る。,char_003_kalts_1
level_main_08-14_end.json,M8-8,夢からの「覚醒」,main_8,442,  私が約束したように。,char_003_kalts_1
level_main_08-14_end.json,M8-8,夢からの「覚醒」,main_8,443,  私はアーミヤを守る、そして君を守ると約束した。,char_003_kalts_1
level_main_08-14_end.json,M8-8,夢からの「覚醒」,main_8,444,  君の命が尽きるまで守り抜くことが私の責務だ、ドクター。,char_003_kalts_1
level_main_08-14_end.json,M8-8,夢からの「覚醒」,main_8,445,  しかし、私は君を恨み続ける。私にはロスモンティスを教育する資格はない……ましてや批判するなどもっての外だ。私自身、いずれ耐えきれなくなり君に復讐してしまう可能性を恐れているからだ。,char_003_kalts_1
level_main_08-14_end.json,M8-8,夢からの「覚醒」,main_8,456,  ……,char_003_kalts_1
level_main_08-14_end.json,M8-8,夢からの「覚醒」,main_8,458,  何を……思い出した？,char_003_kalts_1#2
level_main_08-14_end.json,M8-8,夢からの「覚醒」,main_8,500,  ……ドクター？,char_003_kalts_1
level_main_08-14_end.json,M8-8,夢からの「覚醒」,main_8,506,  ……,char_003_kalts_1#5
level_main_08-14_end.json,M8-8,夢からの「覚醒」,main_8,507,  ……Dr.{@nickname}？,char_003_kalts_1#5
level_main_08-17_end.json,JT8-3,烈炎の中で「邁進」,main_8,613,  いいタイミングで着いたらしい。アーミヤは成し遂げたようだな。しかし……,char_003_kalts_1
level_main_08-17_end.json,JT8-3,烈炎の中で「邁進」,main_8,622,  いかん！,char_003_kalts_1#2
level_main_10-04_end.json,10-5,都市の呼吸,main_10,14, 停泊完了。,char_003_kalts_1#1
level_main_10-04_end.json,10-5,都市の呼吸,main_10,20, ……静かに。,char_003_kalts_1#3
level_main_10-04_end.json,10-5,都市の呼吸,main_10,40, 少なくともキミの目の前にいる者はその一人だ。,char_003_kalts_1#1
level_main_10-04_end.json,10-5,都市の呼吸,main_10,42, サルカズの古の英雄が大地を歩く姿に出会うのは、久方ぶりだ。どういった理由があって閣下がこんな荒野に訪れるのか、ナハツェーラーの王？,char_003_kalts_1#1
level_main_10-04_end.json,10-5,都市の呼吸,main_10,46, 私たちは過去に二度会ったことがある。,char_003_kalts_1#1
level_main_10-04_end.json,10-5,都市の呼吸,main_10,52, 思えば彼女が亡くなった日に、船外で一つの影を見たが……やはりキミだったか。,char_003_kalts_1#1
level_main_10-04_end.json,10-5,都市の呼吸,main_10,54, ナハツェーラーの王庭はすでに選択をしたとばかり思っていた。だからこそ、あのような卑劣な殺人が起きるのをただ黙然と見ていたのだと。,char_003_kalts_1#1
level_main_10-04_end.json,10-5,都市の呼吸,main_10,68, ……,char_003_kalts_1#3
level_main_10-04_end.json,10-5,都市の呼吸,main_10,77, ……ナハツェーラーの王。,char_003_kalts_1#1
level_main_10-04_end.json,10-5,都市の呼吸,main_10,79, 私はここでキミと戦う気はない。,char_003_kalts_1#1
level_main_10-04_end.json,10-5,都市の呼吸,main_10,81, ボジョカスティは、彼を生涯に渡って捕え続けていた籠から抜け出したのだ。意味をなさない暴力によって彼の最後の決心を汚すようなことを、私はしない。,char_003_kalts_1#1
level_main_10-04_end.json,10-5,都市の呼吸,main_10,86, ……,char_003_kalts_1#3
level_main_10-04_end.json,10-5,都市の呼吸,main_10,88, 私はこれを逃避とは呼ばない。,char_003_kalts_1#3
level_main_10-04_end.json,10-5,都市の呼吸,main_10,90, キミの欲する答えは与えた。あのウェンディゴが戦いによって答えを得ようとしていた時と同じように。,char_003_kalts_1#3
level_main_10-04_end.json,10-5,都市の呼吸,main_10,92, もう一度言おう。ナハツェーラーの王よ、キミとここで武力を用いて対話することを私は拒否する。,char_003_kalts_1#3
level_main_10-04_end.json,10-5,都市の呼吸,main_10,94, キミたちは敵の血肉を呑み込み、食らった相手の悲痛と悔恨を己の身体に取り入れ、それを次の戦いへの糧とする。,char_003_kalts_1#3
level_main_10-04_end.json,10-5,都市の呼吸,main_10,96, しかし我々は敵同士ではないはずだ。肩を並べていたことも、一時的な立場の違いから互いに剣を向けざるを得なかったこともある。,char_003_kalts_1#1
level_main_10-04_end.json,10-5,都市の呼吸,main_10,98, ……我々のこうした関係は、当時のロドスとレユニオンのボジョカスティにも該当する――,char_003_kalts_1#1
level_main_10-04_end.json,10-5,都市の呼吸,main_10,100, 彼女が逝くのをキミが見届けたのと同じように、一人のウェンディゴの魂がカズデルに帰るのを、私は見届けた。,char_003_kalts_1#1
level_main_10-04_end.json,10-5,都市の呼吸,main_10,104, そうだ。,char_003_kalts_1#1
level_main_10-04_end.json,10-5,都市の呼吸,main_10,108, ボジョカスティは……最後の一刻、彼もまた相応しい敵を、そして対話のできる旧友を求めていた。,char_003_kalts_1#1
level_main_10-04_end.json,10-5,都市の呼吸,main_10,144, キミの怒りは薄れたな、ナハツェーラーの王。,char_003_kalts_1#1
level_main_10-04_end.json,10-5,都市の呼吸,main_10,150, ……我々は未だかつて自らをそう認識したことはない。彼女がこの船に居た頃であっても、もちろん例外ではない。,char_003_kalts_1#1
level_main_10-04_end.json,10-5,都市の呼吸,main_10,154, アーミヤは、己の責務を過たず理解している。,char_003_kalts_1#1
level_main_10-04_end.json,10-5,都市の呼吸,main_10,156, 我々は眼前で戦争が起きるのを許容するつもりはない。これ以上、無意味な犠牲が生じるべきではないんだ……ヴィクトリア人であるとサルカズであるとに関わらず、血は十分すぎるほど流れている。,char_003_kalts_1#1
level_main_10-04_end.json,10-5,都市の呼吸,main_10,160, もとより私は、自分がこのような場で、サルカズの王庭の主を説き伏せることができるとは考えたこともない。,char_003_kalts_1#1
level_main_10-04_end.json,10-5,都市の呼吸,main_10,166, ではそれこそキミが、アーミヤがロンディニウムに入ることを許した理由か？,char_003_kalts_1#1
level_main_10-04_end.json,10-5,都市の呼吸,main_10,168, ナハツェーラーは戦争から養分を得て、敗北すればただ無用の腐敗をもたらすだけ。,char_003_kalts_1#1
level_main_10-04_end.json,10-5,都市の呼吸,main_10,170, 軍事委員会の決議がサルカズに勝利をもたらすかについて、君は依然として疑念を抱いているな。,char_003_kalts_1#1
level_main_10-04_end.json,10-5,都市の呼吸,main_10,178, ……Mon3tr、今ではない。,char_003_kalts_1#2
level_main_10-04_end.json,10-5,都市の呼吸,main_10,180, ナハツェーラーの王、私は決して、サルカズ軍の統率者に疑義をつけているわけではない。キミが先ほど述べたように、私はただ旧友として、キミと言葉を交わしているにすぎない。,char_003_kalts_1#1
level_main_10-04_end.json,10-5,都市の呼吸,main_10,182, ヴィクトリアの公爵たちはすでにロンディニウムを厳重に包囲しているが、それでもなおテレシスは都市で王たちを呼び集めることができる。,char_003_kalts_1#1
level_main_10-04_end.json,10-5,都市の呼吸,main_10,184, これはすなわち、キミとキミの軍隊がロンディニウムに通ずる秘密の要路を守っており、それでいて我々の接近を妨げていないという事実への証明だ。,char_003_kalts_1#1
level_main_10-04_end.json,10-5,都市の呼吸,main_10,186, キミには初めから私を殺して、ロドスを滅ぼすチャンスがあった。ロドスがヴィクトリア行きを決定してから今この瞬間に至るまで、チャンスは君の手の中にあり続けていた。,char_003_kalts_1#1
level_main_10-04_end.json,10-5,都市の呼吸,main_10,188, しかしキミはそのチャンスを用いることはなかった。,char_003_kalts_1#1
level_main_10-04_end.json,10-5,都市の呼吸,main_10,190, なぜか。それは……アーミヤがいるからだ。,char_003_kalts_1#1
level_main_10-04_end.json,10-5,都市の呼吸,main_10,196, 時が来ればキミは目の当たりにするだろう。,char_003_kalts_1#1
level_main_10-04_end.json,10-5,都市の呼吸,main_10,198, 彼女はキミの……いや、我々全員の想像を超えるだろう。,char_003_kalts_1#1
level_main_10-04_end.json,10-5,都市の呼吸,main_10,221, ……,char_003_kalts_1#1
level_main_10-04_end.json,10-5,都市の呼吸,main_10,223, そろそろ私たちも向かう時が来た。,char_003_kalts_1#1
level_main_10-04_end.json,10-5,都市の呼吸,main_10,225, シャイニング、キミの決定は？,char_003_kalts_1#1
level_main_10-04_end.json,10-5,都市の呼吸,main_10,229, 先ほどナハツェーラーの王がキミに対して指摘したときに、否定しなかったな。,char_003_kalts_1#1
level_main_10-04_end.json,10-5,都市の呼吸,main_10,235, では、別れの時か？,char_003_kalts_1#1
level_main_10-05_end.json,10-6,同族にあらずとも,main_10,112,Dr.{@nickname}、本日より、キミは以下のファイルを閲覧する権限を持つことになる。,char_003_kalts_1
level_main_10-05_end.json,10-6,同族にあらずとも,main_10,113,これらのファイル内でキミが関心を持っている情報を見つけることができるだろう――,char_003_kalts_1
level_main_10-05_end.json,10-6,同族にあらずとも,main_10,114,彼女に関する情報も、アーミヤが現在継承しているあの一部の力に関する情報も当然含まれている。,char_003_kalts_1
level_main_10-05_end.json,10-6,同族にあらずとも,main_10,120,……,char_003_kalts_1
level_main_10-05_end.json,10-6,同族にあらずとも,main_10,121,事実として、現時点において、キミを信じる信じないについて語ることはすでに無意味だ。,char_003_kalts_1
level_main_10-05_end.json,10-6,同族にあらずとも,main_10,122,アーミヤにとってのキミの重要性を否定することはできない。今回のロンディニウムでの行動において、彼女が最も必要とするのはキミの助けだ。,char_003_kalts_1
level_main_10-05_end.json,10-6,同族にあらずとも,main_10,123,ドクター……,char_003_kalts_1
level_main_10-05_end.json,10-6,同族にあらずとも,main_10,124,キミたちがロンディニウムで何を目撃することになろうと、アーミヤと共にそれに向き合ってやってくれ。,char_003_kalts_1
level_main_10-05_end.json,10-6,同族にあらずとも,main_10,125,キミにならば、それが可能だと私は認識している。,char_003_kalts_1
level_main_11-15_beg.json,11-17,答えよ,main_11,614,Dr.{@nickname}……,
level_main_11-15_beg.json,11-17,答えよ,main_11,615,アーミヤを連れて……撤退するんだ。,
level_main_11-15_beg.json,11-17,答えよ,main_11,650,……テレシス……,char_003_kalts_1#2
level_main_11-15_beg.json,11-17,答えよ,main_11,663,ゴホッ……ゴホゴホッ……,char_003_kalts_1#2
level_main_11-15_beg.json,11-17,答えよ,main_11,664,……き……君はただ、破滅へのプロセスを加速させているだけだ。,char_003_kalts_1#2
level_main_11-15_beg.json,11-17,答えよ,main_11,680,……違う！,char_003_kalts_1#2
level_main_12-18_end.json,12-20,真摯な誘い,main_12,212,古よりの統一的な変形者はもはや存在しない。,char_003_kalts_1
level_main_12-18_end.json,12-20,真摯な誘い,main_12,214,……,char_003_kalts_1
level_main_12-18_end.json,12-20,真摯な誘い,main_12,216,そして生まれたばかりの二人の変形者が、この世に現れた。,char_003_kalts_1
level_main_12-18_end.json,12-20,真摯な誘い,main_12,218,自然界において、砂は万物の成れの果てと見なされいる。どれほど堅固な岩であろうと時間の終点にて粉と化す。,char_003_kalts_1
level_main_12-18_end.json,12-20,真摯な誘い,main_12,220,だがもしかすると、砂もまた同様に、新たに循環する可能性があるのかもしれない。,char_003_kalts_1
level_main_12-18_end.json,12-20,真摯な誘い,main_12,227,……もうほぼ問題ない。,char_003_kalts_1
level_main_12-18_end.json,12-20,真摯な誘い,main_12,229,まもなく、旧友が我々を訪ねてくるかもしれない……いや、今は新たな友人か。,char_003_kalts_1
level_main_12-18_end.json,12-20,真摯な誘い,main_12,239,……良いニュースを聞かせてくれ。,char_003_kalts_1
level_main_12-18_end.json,12-20,真摯な誘い,main_12,245,良いニュースを聞かせろ、と言ったが。,char_003_kalts_1
level_main_12-18_end.json,12-20,真摯な誘い,main_12,251,そう動揺するな。私もたまには良いニュースが聞きたくなることくらいある。,char_003_kalts_1
level_main_13-13_end.json,13-15,束の間の集い,main_13,671,飛空船、巨獣、ザ・シャード、それにあの巫術装置。,char_003_kalts_1
level_main_13-13_end.json,13-15,束の間の集い,main_13,672,ドクターの懸念は正しかったようだ。,char_003_kalts_1
level_main_13-13_end.json,13-15,束の間の集い,main_13,673,君の言った通り、あの巨獣は我々にとって最も重要な突破口になるだろう。作戦はなるべく迅速に開始せねばならない。,char_003_kalts_1
level_main_13-13_end.json,13-15,束の間の集い,main_13,674,ブラッドブルードにしろ、ナハツェーラーにしろ、そしていつになくナイチンゲールの前に姿を現した聴罪師にしろ、奴らの行動はどれもリスクが大きい。,char_003_kalts_1
level_main_13-13_end.json,13-15,束の間の集い,main_13,675,戦争の火蓋が今この時に切られたことには理由がある。,char_003_kalts_1
level_main_13-13_end.json,13-15,束の間の集い,main_13,680,……,char_003_kalts_1
level_main_13-13_end.json,13-15,束の間の集い,main_13,681,まずは一つの基本的な疑問から説明するとしよう。,char_003_kalts_1
level_main_13-13_end.json,13-15,束の間の集い,main_13,682,サルカズ自身すら忘れてしまっている、極めて基礎的な疑問だ。,char_003_kalts_1
level_main_13-13_end.json,13-15,束の間の集い,main_13,683,「サルカズという種族は、なぜ鉱石病に最も感染しやすいのか？」,char_003_kalts_1
level_main_14-01_beg.json,14-2,作戦対策会議,main_14,236,Mon3trが衝撃の大半を引き受けた。ドクターは無事であるはずだ。,avg_003_kalts_1#3$1
level_main_14-01_beg.json,14-2,作戦対策会議,main_14,242,幸い、我々は峡谷の中に落ちた。具体的な位置はいまだ不明だが、少なくとも戦場の中央からはかなりの距離がある。,avg_003_kalts_1#1$1
level_main_14-01_beg.json,14-2,作戦対策会議,main_14,243,クロージャ、ホルン、シージが付近の偵察に向かった。すぐに詳細な情報がまとまって届くだろう。,avg_003_kalts_1#1$1
level_main_14-01_beg.json,14-2,作戦対策会議,main_14,245,人員及び設備の被害状況は目下計上中だ。あらゆる緩衝措置を取るよう努めたため、差し当たって被害は許容範囲内に収まったと言えるだろう。医療班とエンジニア班はすでに仕事にかかっている。,avg_003_kalts_1#3$1
level_main_14-01_beg.json,14-2,作戦対策会議,main_14,255,ドクター、足元に気を付けて、ついてきてくれ。,avg_003_kalts_1#1$1
level_main_14-01_end.json,14-2,作戦対策会議,main_14,110,その認識に間違いはない。,avg_003_kalts_1#1$1
level_main_14-01_end.json,14-2,作戦対策会議,main_14,116,巨獣が通常の天災の影響を受けることはない。たとえ……数百年前に死んだ個体だろうとそれは変わらない。時間をも越えられるトンネルが、嵐によって封鎖されることなどあり得ないからだ。,avg_003_kalts_1#1$1
level_main_14-01_end.json,14-2,作戦対策会議,main_14,117,ここで起きているのは、「天災」とはまるで異なる現象だ。,avg_003_kalts_1#1$1
level_main_14-01_end.json,14-2,作戦対策会議,main_14,130,君の推測の通りだ。Logosの調査によって、サルカズがこの骨骸に与えた巫術は、巨大なエネルギーの妨害を受けていることが分かった。,avg_003_kalts_1#3$1
level_main_14-01_end.json,14-2,作戦対策会議,main_14,132,ブラッドブルードの儀式は間違いなく完了したようだ。聴罪師……クイサルトゥシュタがテレシスに手を貸し、サルカズが何千年もの間成し遂げられなかったことを、今まさに実現しようとしている。,avg_003_kalts_1#5$1
level_main_14-01_end.json,14-2,作戦対策会議,main_14,133,……（古代サルカズ語）「アナンナ」。常しえに癒えぬ傷、苦難の揺籃を。,avg_003_kalts_1#5$1
level_main_14-01_end.json,14-2,作戦対策会議,main_14,137,それは原初の呪いであり、始めの源石でもある。,avg_003_kalts_1#5$1
level_main_14-01_end.json,14-2,作戦対策会議,main_14,141,たとえ完全に原形を失くしていたとしても、おとぎ話が真実の影であることに変わりはない。何よりもこのおとぎ話は、サルカズに、ひいてはティカズに由来する。,avg_003_kalts_1#5$1
level_main_14-01_end.json,14-2,作戦対策会議,main_14,145,ああ。彼がロンディニウムを足がかりとしたのは、そのことが理由だろう。ザ・シャードの天災と源石への影響力は「アナンナ」の道しるべとするには十分だ。,avg_003_kalts_1#2$1
level_main_14-01_end.json,14-2,作戦対策会議,main_14,147,今のテラで降臨の地に定めることができるのは、ここくらいだ。,avg_003_kalts_1#5$1
level_main_14-01_end.json,14-2,作戦対策会議,main_14,151,……現時点のテラの科学技術では、我々に成す術はない。,avg_003_kalts_1#2$1
level_main_14-01_end.json,14-2,作戦対策会議,main_14,176,恐らくそこには聴罪師の祭壇があるはずだ。だがナハツェーラーの防衛線を全て突破するとなると、支払わねばならない時間的コストが高すぎる。,avg_003_kalts_1#1$1
level_main_14-01_end.json,14-2,作戦対策会議,main_14,182,リスクの点では、そのルートも敵陣を突破するのと大差ない。,avg_003_kalts_1#3$1
level_main_14-01_end.json,14-2,作戦対策会議,main_14,183,観測報告によれば、レッドメイン山脈は「アナンナ」の影響により変わり果てているそうだ。あの場所は今、極めて危険な活性源石が至る所に溢れている。,avg_003_kalts_1#3$1
level_main_14-01_end.json,14-2,作戦対策会議,main_14,185,だが……確かに不可能ではない。,avg_003_kalts_1#1$1
level_main_14-01_end.json,14-2,作戦対策会議,main_14,186,シャイニングが先行してクイサルトゥシュタの元へ向かっている。うまくいけば、我々の助けにもなってくれるはずだ。,avg_003_kalts_1#1$1
level_main_14-01_end.json,14-2,作戦対策会議,main_14,206,……三日だ。,avg_003_kalts_1#3$1
level_main_14-01_end.json,14-2,作戦対策会議,main_14,207,周辺の地形は完全に別ものと言っていい。我々は未知の危険に満ちた荒野を抜けねばならない。,avg_003_kalts_1#3$1
level_main_14-01_end.json,14-2,作戦対策会議,main_14,209,道中で戦闘も起こることを考慮すると、「ティカズの血」の処理には最低でも三日を要するだろう。,avg_003_kalts_1#5$1
level_main_14-01_end.json,14-2,作戦対策会議,main_14,210,身動きの取れない骨骸は非常に目立つ的となる。君たちにとってこの骨を守り抜くのは、以前にこれを奪った時よりも楽な仕事になるとは限らない……,avg_003_kalts_1#5$1
level_main_14-01_end.json,14-2,作戦対策会議,main_14,227,賛成だ。サルカズは戦闘の際、指揮官の現場判断に頼るところが大きい。マンフレッドを抑えられれば傭兵たちの負担をいくらか軽減できるかもしれない。,avg_003_kalts_1#1$1
level_main_14-01_end.json,14-2,作戦対策会議,main_14,246,カスター公爵からの連絡を受け取ったのか。,avg_003_kalts_1#1$1
level_main_14-01_end.json,14-2,作戦対策会議,main_14,265,スフリオ峡谷からシルバーロックブラフスの前線までは、公爵たちが掃討したであろうウェストバウンドの森から、ギブソンハムのルートを通っても二日はかかる。,avg_003_kalts_1#1$1
level_main_14-01_end.json,14-2,作戦対策会議,main_14,267,カスター公爵は隙を見て君から「諸王の息」を奪い、それによって難局に立たされた公爵たちを統率することで、王座に一歩近づこうという魂胆のはずだ。,avg_003_kalts_1#3$1
level_main_14-01_end.json,14-2,作戦対策会議,main_14,269,そして、当然ながらそう目論んでいるのは彼女一人だけではない。,avg_003_kalts_1#1$1
level_main_14-01_end.json,14-2,作戦対策会議,main_14,283,クロージャ。,avg_003_kalts_1#3$1
level_main_14-01_end.json,14-2,作戦対策会議,main_14,313,感謝する、クロージャ。,avg_003_kalts_1#11$1
level_main_14-01_end.json,14-2,作戦対策会議,main_14,315,……ドクター。,avg_003_kalts_1#1$1
level_main_14-01_end.json,14-2,作戦対策会議,main_14,342,君がオペレーター全員の安全を気にかけており、それゆえに自身の選択に躊躇いが生じていることは分かっている。,avg_003_kalts_1#1$1
level_main_14-01_end.json,14-2,作戦対策会議,main_14,343,それでも、君には私と同行してほしい。,avg_003_kalts_1#1$1
level_main_14-01_end.json,14-2,作戦対策会議,main_14,349,……我々が最後に相対する物は初めから決まっている。,avg_003_kalts_1#2$1
level_main_14-01_end.json,14-2,作戦対策会議,main_14,351,「源石」。それがサルカズの歴史を作り出し、我々全員の未来をも決定づけようとしている。,avg_003_kalts_1#1$1
level_main_14-01_end.json,14-2,作戦対策会議,main_14,352,ロドスがこの戦争に関与する理由については、君も疑念を抱いたことがあるだろう……そしてこれまでのところ、私にはそれを説明する機会を得ず、また確かな答えも出してはこなかった。,avg_003_kalts_1#1$1
level_main_14-01_end.json,14-2,作戦対策会議,main_14,354,ザ・シャード上空の暗雲には何か恐ろしい物が隠されているのではないかと、私は常に疑ってきた。それを実際に目にした今もなお……非常に複雑な思いを抱いている。,avg_003_kalts_1#2$1
level_main_14-01_end.json,14-2,作戦対策会議,main_14,356,私は運命に関する話題を論ずるのに不慣れだ。とりわけ、君と私の「運命」に関しては。,avg_003_kalts_1#5$1
level_main_14-01_end.json,14-2,作戦対策会議,main_14,357,だが今、それは我々の元へと近づきつつある。,avg_003_kalts_1#5$1
level_main_14-01_end.json,14-2,作戦対策会議,main_14,363,……,avg_003_kalts_1#4$1
level_main_14-01_end.json,14-2,作戦対策会議,main_14,364,源石がもたらし得る影響は、我々全員の認識を遥かに凌駕するものだ。,avg_003_kalts_1#4$1
level_main_14-01_end.json,14-2,作戦対策会議,main_14,370,もちろん。,avg_003_kalts_1#2$1
level_main_14-01_end.json,14-2,作戦対策会議,main_14,372,Dr.{@nickname}……私は願っている……,avg_003_kalts_1#4$1
level_main_14-01_end.json,14-2,作戦対策会議,main_14,376,……いや、信じている。,avg_003_kalts_1#11$1
level_main_14-01_end.json,14-2,作戦対策会議,main_14,378,君が今も変わらず、全てを変えることのできる人物であることを。,avg_003_kalts_1#1$1
level_main_14-02_beg.json,14-3,鉄床戦術を破れ,main_14,14,状況はますます悪化しつつある。,avg_003_kalts_1#1$1
level_main_14-02_beg.json,14-3,鉄床戦術を破れ,main_14,16,新たに生まれた谷、流れが変わった川……かつて巨大都市の航路であった道は完膚なきまでに破壊され、作り変えられた。今や誰一人としてその全貌を知る者はいなくなっただろう。,avg_003_kalts_1#5$1
level_main_14-02_beg.json,14-3,鉄床戦術を破れ,main_14,17,地図はもはや紙くずと化した。小道の一つ一つを探索し直す必要があるな。,avg_003_kalts_1#5$1
level_main_14-02_beg.json,14-3,鉄床戦術を破れ,main_14,21,戦場の中心に近づくほど、あらゆる「情報」と源石との結びつきが増していく。,avg_003_kalts_1#5$1
level_main_14-02_beg.json,14-3,鉄床戦術を破れ,main_14,22,岩石、土壌、水と生命……テラにおいて源石の影響は至る所に存在するが、その作用の根本的なメカニズムについては、誰もがとうに忘れているのかもしれないな。,avg_003_kalts_1#5$1
level_main_14-02_beg.json,14-3,鉄床戦術を破れ,main_14,28,……,avg_003_kalts_1#1$1
level_main_14-02_beg.json,14-3,鉄床戦術を破れ,main_14,29,君もすぐに理解するだろう、ドクター。,avg_003_kalts_1#1$1
level_main_14-02_beg.json,14-3,鉄床戦術を破れ,main_14,31,あるいは……いや、忘れてくれ。,avg_003_kalts_1#4$1
level_main_14-02_beg.json,14-3,鉄床戦術を破れ,main_14,33,源石に侵された土地が広がりつつある事実は、客観的に見てテレシスの軍事行動に有利に働く。ヴィクトリア人の戦線はほぼ完全に破壊されてしまった。,avg_003_kalts_1#5$1
level_main_14-02_beg.json,14-3,鉄床戦術を破れ,main_14,34,だがこれらの源石の活性化の度合いは、以前までの一見恐ろしく見える「天災による打撃」とはおよそ比較にならない。,avg_003_kalts_1#5$1
level_main_14-02_beg.json,14-3,鉄床戦術を破れ,main_14,35,テレシスがほんのわずかな戦術的優位のために、これほど無闇に源石を利用することはあり得ない。それがどんな結果を招くかは承知しているだろうからな。,avg_003_kalts_1#5$1
level_main_14-02_beg.json,14-3,鉄床戦術を破れ,main_14,301,Mon3tr。,avg_003_kalts_1#5$1
level_main_14-02_beg.json,14-3,鉄床戦術を破れ,main_14,387,奴の身体はとうに朽ちている。通常の攻撃では到底決定打にならない。,avg_003_kalts_1#5$1
level_main_14-02_beg.json,14-3,鉄床戦術を破れ,main_14,389,これはナハツェーラーが生来操る巫術だ。あるいは……古来よりの伝統とも言える。,avg_003_kalts_1#7$1
level_main_14-02_beg.json,14-3,鉄床戦術を破れ,main_14,391,ナハツェーラーは命を貪ることで肉体を育む。だが普通の肉体は、やがて成長の限界を迎えるものだ。,avg_003_kalts_1#5$1
level_main_14-02_beg.json,14-3,鉄床戦術を破れ,main_14,392,臨界点に達すると強大なナハツェーラーは自らの肉体を使って弱き同胞を養う。それにより奴らは極限のスピードと恐るべきパワー、そして生身では耐えられない巫術のエネルギーを得る。,avg_003_kalts_1#5$1
level_main_14-02_beg.json,14-3,鉄床戦術を破れ,main_14,393,そのおかげでナハツェーラーはより強大な生物となり、彼らの社会も発展してきた。落葉が土地を育み、土地が新たな命を育てるように、死と生が循環を作り出している。,avg_003_kalts_1#5$1
level_main_14-02_beg.json,14-3,鉄床戦術を破れ,main_14,435,Mon3tr――ドクターを守れ。,avg_003_kalts_1#5$1
level_main_14-02_beg.json,14-3,鉄床戦術を破れ,main_14,485,どちらもあり得る。,avg_003_kalts_1#5$1
level_main_14-02_beg.json,14-3,鉄床戦術を破れ,main_14,486,ナハツェーラーは生まれてから死に至るまで、栄えてから枯れるまでの循環の全てを吸収し、彼らを育む種へと変えることが可能だ。,avg_003_kalts_1#5$1
level_main_14-02_beg.json,14-3,鉄床戦術を破れ,main_14,511,通常の治療は意味を成さない。ナハツェーラーの巫術が全員を呑み込んでいるからだ。,avg_003_kalts_1#7$1
level_main_14-02_beg.json,14-3,鉄床戦術を破れ,main_14,651,いまだ動いているようだな。,avg_003_kalts_1#1$1
level_main_14-02_beg.json,14-3,鉄床戦術を破れ,main_14,655,恐らくそう単純な話ではない。,avg_003_kalts_1#2$1
level_main_14-02_beg.json,14-3,鉄床戦術を破れ,main_14,657,先ほどのアーツは、確かにブラッドブルードのものだった。アーミヤ、君なら分かっているはずだ。,avg_003_kalts_1#1$1
level_main_14-02_beg.json,14-3,鉄床戦術を破れ,main_14,705,ブラッドブルードが遺した血色の結晶を使ったな。,avg_003_kalts_1#1$1
level_main_14-02_beg.json,14-3,鉄床戦術を破れ,main_14,706,身体に突き刺したのか？　いや、それではここまで激しい変化は起こらないはずだ。,avg_003_kalts_1#1$1
level_main_14-02_beg.json,14-3,鉄床戦術を破れ,main_14,707,欠片の一部を呑み込んだな。,avg_003_kalts_1#1$1
level_main_14-02_beg.json,14-3,鉄床戦術を破れ,main_14,709,君は自ら進んで、ドゥカレの血とアーツを受け入れた。,avg_003_kalts_1#2$1
level_main_14-02_beg.json,14-3,鉄床戦術を破れ,main_14,800,……,avg_003_kalts_1#13$1
level_main_14-02_beg.json,14-3,鉄床戦術を破れ,main_14,806,ここ数年、アーミヤは大きく変わった。,avg_003_kalts_1#11$1
level_main_14-02_beg.json,14-3,鉄床戦術を破れ,main_14,815,あれはサルカズの血脈と、源石……「アナンナ」との繋がりをいっそう強めているようだ。,avg_003_kalts_1#1$1
level_main_14-02_beg.json,14-3,鉄床戦術を破れ,main_14,816,「ティカズの血」が何らかの形で効力を発揮しているのだろう。,avg_003_kalts_1#1$1
level_main_14-02_beg.json,14-3,鉄床戦術を破れ,main_14,818,サルカズの血脈の力は源石の拡散を直接に促して、源石に宿る「情報」もまた血脈を強める……その力だけでなく、外見をも。,avg_003_kalts_1#3$1
level_main_14-02_beg.json,14-3,鉄床戦術を破れ,main_14,826,準備を整えなければ。,avg_003_kalts_1#1$1
level_main_14-02_beg.json,14-3,鉄床戦術を破れ,main_14,828,「アナンナ」……あれがもたらす脅威は、あらゆる者の予想を遥かに上回るだろう。,avg_003_kalts_1#7$1
level_main_14-07_end.json,14-8,近接支援に移行,main_14,15,公爵連合軍とナハツェーラーは凄惨な戦いを繰り広げている。,avg_003_kalts_1#3$1
level_main_14-07_end.json,14-8,近接支援に移行,main_14,17,シルバーロックブラフスは目の前だ。源石反応が激しく、車両は動かなくなっている。,avg_003_kalts_1#3$1
level_main_14-07_end.json,14-8,近接支援に移行,main_14,23,「諸王の息」が剣の台座に収まれば、この位置からでもそれは確認できるはずだ。,avg_003_kalts_1#5$1
level_main_14-07_end.json,14-8,近接支援に移行,main_14,29,それはただの伝説に過ぎない。,avg_003_kalts_1#5$1
level_main_14-07_end.json,14-8,近接支援に移行,main_14,31,人は理解不能な現象に遭遇した時、往々にしてそれを誇張したがるものだ。そして後世に語り継ぐ過程で、さらに多くの幻想的な要素を付け足していく。,avg_003_kalts_1#5$1
level_main_14-07_end.json,14-8,近接支援に移行,main_14,41,気付いていたのか。,avg_003_kalts_1#1$1
level_main_14-07_end.json,14-8,近接支援に移行,main_14,51,私が初めて「諸王の息」を目にしたのは、サルゴンにある諸王の王の宮殿奥でのことだ。,avg_003_kalts_1#3$1
level_main_14-07_end.json,14-8,近接支援に移行,main_14,53,人々はそれをアスラン王権の象徴として、集落や都市を守ってくれると信じていた。そして実際にそれは、源石反応をある程度打ち消すことのできる機能を有していた。,avg_003_kalts_1#3$1
level_main_14-07_end.json,14-8,近接支援に移行,main_14,59,ああ。古代のサルゴン術師が懸命に発掘し、改造したとはいえ、あれは所詮かつての都市防衛装置の一つに過ぎない。,avg_003_kalts_1#1$1
level_main_14-07_end.json,14-8,近接支援に移行,main_14,61,あれが実際に使われていた時代において、源石はまだテラに置いて普遍的な存在ではなかった。,avg_003_kalts_1#1$1
level_main_14-07_end.json,14-8,近接支援に移行,main_14,63,諸王の息は「アナンナ」の活動を一時的に抑え、巨獣の脊椎が飛び立つためのチャンスを作り出すだろうが、あれは源石活動を止めることのできる抑制機にはならない。,avg_003_kalts_1#1$1
level_main_14-07_end.json,14-8,近接支援に移行,main_14,69,……ドクター。君の目に源石はどう映っている？,avg_003_kalts_1#14$1
level_main_14-07_end.json,14-8,近接支援に移行,main_14,70,未知の塊である現象か、利用可能な資源か？　それとも、病と災害の元凶か？,avg_003_kalts_1#14$1
level_main_14-07_end.json,14-8,近接支援に移行,main_14,76,君は選択することを拒んでいる。なぜなら君の答えは、「いずれもそう」だからだ。,avg_003_kalts_1#2$1
level_main_14-07_end.json,14-8,近接支援に移行,main_14,78,源石はとうに、我々の知るあらゆるものと一体化している。環境、科学技術、文化、そして我々の肉体ともだ。,avg_003_kalts_1#1$1
level_main_14-07_end.json,14-8,近接支援に移行,main_14,80,身体の一部が壊死したとしても、そこを切り離せば問題は解決できるかもしれない。だが仮に、頭からつま先に至るまで問題があったとしたら？,avg_003_kalts_1#1$1
level_main_14-07_end.json,14-8,近接支援に移行,main_14,86,……,avg_003_kalts_1#1$1
level_main_14-07_end.json,14-8,近接支援に移行,main_14,92,失望したことはあるかと聞いたな、ドクター。,avg_003_kalts_1#1$1
level_main_14-07_end.json,14-8,近接支援に移行,main_14,94,……かつて、一度だけあった。,avg_003_kalts_1#1$1
level_main_14-07_end.json,14-8,近接支援に移行,main_14,96,私は一人の人間に依存し過ぎた結果、誤った判断を繰り返し、その代償を支払ったことがある。,avg_003_kalts_1#1$1
level_main_14-07_end.json,14-8,近接支援に移行,main_14,102,だからといって、二度と信じないと言いたいわけじゃない。,avg_003_kalts_1#1$1
level_main_14-07_end.json,14-8,近接支援に移行,main_14,104,我々のルーツと根底に抗うのは、元より困難を極める事柄だ。一つの技術に……あるいは一人の人間だけに希望を寄せるのは、現実的ではない。,avg_003_kalts_1#1$1
level_main_14-07_end.json,14-8,近接支援に移行,main_14,141,何の準備もないよりはマシだ。,avg_003_kalts_1#1$1
level_main_14-07_end.json,14-8,近接支援に移行,main_14,144,「アナンナ」の影響下では、源石はより一層その本質に近づいていく。,avg_003_kalts_1#1$1
level_main_14-07_end.json,14-8,近接支援に移行,main_14,146,結晶があらゆる有機物、無機物と結びつき、同化という形で情報を封じ込める現象は、ますますその速度を増していくだろう。,avg_003_kalts_1#1$1
level_main_14-07_end.json,14-8,近接支援に移行,main_14,148,源石は情報を自らの構造によって保存する。ゆえに、同化した個体は元の生命の形を完全に失ってしまうのだ。,avg_003_kalts_1#1$1
level_main_14-07_end.json,14-8,近接支援に移行,main_14,150,傍目には、それは一瞬の「分解」のように映る。,avg_003_kalts_1#1$1
level_main_14-07_end.json,14-8,近接支援に移行,main_14,156,似たようなものだ。患者たちは意識が喪失してしばらく経つと、肉体が崩壊して高度に活性化した源石粉塵と化す。,avg_003_kalts_1#1$1
level_main_14-07_end.json,14-8,近接支援に移行,main_14,158,いわゆる同化とは、その過程を極限まで圧縮したものだ。,avg_003_kalts_1#1$1
level_main_14-07_end.json,14-8,近接支援に移行,main_14,160,ロドスの技術では、融合率が閾値に達するのを遅らせることしかできない。真の防壁を作り出し、源石を阻隔するのは、我々にはまだ不可能だ。,avg_003_kalts_1#1$1
level_main_14-07_end.json,14-8,近接支援に移行,main_14,166,ドクター、あまり心配しすぎるな。今の環境における源石被覆率はまだ極限状態には達していないからな。,avg_003_kalts_1#1$1
level_main_14-07_end.json,14-8,近接支援に移行,main_14,172,目下のところ我々はまだ自律的な行動が可能で、呼吸もできる。,avg_003_kalts_1#3$1
level_main_14-07_end.json,14-8,近接支援に移行,main_14,174,これ以上の拡散を阻止すれば、取り返しのつかない事態にまでは至らない。,avg_003_kalts_1#3$1
level_main_14-07_end.json,14-8,近接支援に移行,main_14,240,待て。,avg_003_kalts_1#6$1
level_main_14-07_end.json,14-8,近接支援に移行,main_14,244,Mon3tr、あの衛兵の死体を攻撃しろ！,avg_003_kalts_1#5$1
level_main_14-07_end.json,14-8,近接支援に移行,main_14,270,アーミヤ、退がれ！,avg_003_kalts_1#5$1
level_main_14-07_end.json,14-8,近接支援に移行,main_14,653,変形者殿、このあなたはクイサルトゥシュタに協力することを選びましたね。,avg_003_kalts_1#5$1
level_main_14-07_end.json,14-8,近接支援に移行,main_14,661,そのような対面の記憶はありません。,avg_003_kalts_1#5$1
level_main_14-07_end.json,14-8,近接支援に移行,main_14,667,最初のティカズの魔王が源石と接触した。,avg_003_kalts_1#1$1
level_main_14-07_end.json,14-8,近接支援に移行,main_14,679,……源石は、それに触れたあらゆる生命と同化します。,avg_003_kalts_1#1$1
level_main_14-07_end.json,14-8,近接支援に移行,main_14,681,あなた方だけでなく、最初のブラッドブルード、バンシー、ウェンディゴ……あらゆるティカズに変化が起こりました。あなた方はかつてこの大地に存在した生物の形態に近付きつつあるのです。,avg_003_kalts_1#1$1
level_main_14-07_end.json,14-8,近接支援に移行,main_14,701,「不滅の人」は、一部の者の私に対する想像と誤解に過ぎません。,avg_003_kalts_1#5$1
level_main_14-07_end.json,14-8,近接支援に移行,main_14,703,時間は、私の身体にも等しく痕跡を残していきました。最初に「ケルシー」と名付けられた個体は、とうに黄砂の中に埋もれて消えています。,avg_003_kalts_1#5$1
level_main_14-07_end.json,14-8,近接支援に移行,main_14,717,私もそう考えています。,avg_003_kalts_1#1$1
level_main_14-07_end.json,14-8,近接支援に移行,main_14,722,そのようなやり方で得られる「永遠の命」などは、虚言に等しいのです。,avg_003_kalts_1#1$1
level_main_14-07_end.json,14-8,近接支援に移行,main_14,726,私が生まれた時から、この命が責務と結びついていることは否定しません。,avg_003_kalts_1#1$1
level_main_14-07_end.json,14-8,近接支援に移行,main_14,728,過去を振り返ってみても……私が本当の意味で「生きて」いたとは思いません。,avg_003_kalts_1#1$1
level_main_14-07_end.json,14-8,近接支援に移行,main_14,733,名前です。,avg_003_kalts_1#1$1
level_main_14-07_end.json,14-8,近接支援に移行,main_14,737,この名は、多くの意味を持ちます。,avg_003_kalts_1#1$1
level_main_14-07_end.json,14-8,近接支援に移行,main_14,739,私に名を与えてくれた人も、私が気にかけている人も、目下窮地の最中にあります。今は、会話に興じるタイミングとしては不適切だと認識します。,avg_003_kalts_1#1$1
level_main_14-07_end.json,14-8,近接支援に移行,main_14,747,Mon3tr。,avg_003_kalts_1#5$1
level_main_14-08_beg.json,14-9,飽和攻撃に応対,main_14,386,そうだ、急がねばならない。,avg_003_kalts_1#3$1
level_main_14-08_beg.json,14-9,飽和攻撃に応対,main_14,391,我々はクイサルトゥシュタを見くびっていたようだ。,avg_003_kalts_1#5$1
level_main_14-08_beg.json,14-9,飽和攻撃に応対,main_14,393,以前、私とシャイニングの前に突如姿を現し、ナイチンゲールを連れ去っていった時、奴は「魔王」を奪うという企みを公にした。,avg_003_kalts_1#5$1
level_main_14-08_beg.json,14-9,飽和攻撃に応対,main_14,395,あの瞬間のために、何千年もの間カズデルの影の中に潜んでいたんだ。そんな人間が、目的を達する前に得意になって失策を犯すなどあり得ない。,avg_003_kalts_1#5$1
level_main_14-08_beg.json,14-9,飽和攻撃に応対,main_14,397,おそらくは自分の狙いは黒い王冠だけであると、我々に誤認させたかったのだろう。,avg_003_kalts_1#5$1
level_main_14-08_beg.json,14-9,飽和攻撃に応対,main_14,403,「魔王」は、純粋な力でしかない。それが災厄の降臨を促進するのか、阻止するのかは、使い手の心次第で決まる。,avg_003_kalts_1#5$1
level_main_14-08_beg.json,14-9,飽和攻撃に応対,main_14,405,クイサルトゥシュタが「魔王」を欲する理由はまさにそれだろう。奴は権限を取り戻し、万年もの間受け継がれてきた秘密に触れることで、その原点からさらなる力を得るつもりだ。,avg_003_kalts_1#5$1
level_main_14-08_beg.json,14-9,飽和攻撃に応対,main_14,411,クイサルトゥシュタも、ドゥカレも、テレシスも、最終的な目的はそれぞれ異なるだろうが、今のところは皆が同じ方向を指し示している。,avg_003_kalts_1#3$1
level_main_14-08_beg.json,14-9,飽和攻撃に応対,main_14,427,君の身体の状態は安定してきている。Logosが言うには、聴罪師の残した巫術は全て除去できたそうだ。,avg_003_kalts_1#1$1
level_main_14-08_beg.json,14-9,飽和攻撃に応対,main_14,431,……だが、指輪の内三つに亀裂が入ってしまったな。,avg_003_kalts_1#5$1
level_main_14-08_beg.json,14-9,飽和攻撃に応対,main_14,435,アーミヤ、問題は指輪そのものではない。,avg_003_kalts_1#5$1
level_main_14-08_beg.json,14-9,飽和攻撃に応対,main_14,437,司令塔での戦い以降、君は感情や記憶を抱え込み過ぎているのではないか？,avg_003_kalts_1#14$1
level_main_14-08_beg.json,14-9,飽和攻撃に応対,main_14,441,それらは決して君の元を離れたりしない。指輪に亀裂を入れたのは君自身の精神であり、いかなる道具であろうと、それほど巨大な感情の奔流を受け止めることはできないんだ。,avg_003_kalts_1#5$1
level_main_14-08_beg.json,14-9,飽和攻撃に応対,main_14,451,それは泥沼の中を、重荷を背負いながら進むようなものだ。,avg_003_kalts_1#5$1
level_main_14-08_beg.json,14-9,飽和攻撃に応対,main_14,453,アーミヤ、その指輪は補強した方がいい。,avg_003_kalts_1#5$1
level_main_14-08_beg.json,14-9,飽和攻撃に応対,main_14,631,源石が地形を変化させる頻度と、その深刻さの度合いが著しくなっている。,avg_003_kalts_1#1$1
level_main_14-08_beg.json,14-9,飽和攻撃に応対,main_14,641,「ティカズの血」と「アナンナ」が組み合わさったことで、戦場そのものが最大の戦争法陣と化しているんだ。,avg_003_kalts_1#1$1
level_main_14-08_beg.json,14-9,飽和攻撃に応対,main_14,643,「アナンナ」と「血」の作用により、今まさに争い合っているサルカズたちのアーツは力を強めている。そして、その強化された力が源石の蔓延を促しているのだ。,avg_003_kalts_1#1$1
level_main_14-08_beg.json,14-9,飽和攻撃に応対,main_14,645,似たような状況は一万年ほど前にもあった。,avg_003_kalts_1#1$1
level_main_14-08_beg.json,14-9,飽和攻撃に応対,main_14,647,サルカズは源石に接触することで巫術を会得し、また巫術を通じて「アナンナ」を呼び覚ました。,avg_003_kalts_1#1$1
level_main_14-08_beg.json,14-9,飽和攻撃に応対,main_14,649,それからの数百年間、嵐が大地を席巻し、大地の至る所に亀裂が生じた。あらゆるものを呑み込むという源石の使命は、今にも果たされようとしていた。,avg_003_kalts_1#1$1
level_main_14-08_beg.json,14-9,飽和攻撃に応対,main_14,655,私には不可能だったし、そうするわけにはいかなかった。,avg_003_kalts_1#2$1
level_main_14-08_beg.json,14-9,飽和攻撃に応対,main_14,657,源石が大地を覆い尽くす前に、戦争は終わった。神民も、先民も、サルカズも、とてつもなく大きな損失を被った。それ以上大規模な征服を続けることができなくなるほどのな。,avg_003_kalts_1#1$1
level_main_14-08_beg.json,14-9,飽和攻撃に応対,main_14,659,だがそれは、ほんの一時のことに過ぎなかった。,avg_003_kalts_1#5$1
level_main_14-09_end.json,14-10,輝きから湧き上がるもの,main_14,194,戦場の状況は安定に向かいつつある。,avg_003_kalts_1#1$1
level_main_14-09_end.json,14-10,輝きから湧き上がるもの,main_14,196,もはや極限状況の源石環境による被害はなくなった。ヴィクトリア軍は間もなく、その真の実力を見せてくれるはずだ。,avg_003_kalts_1#1$1
level_main_14-09_end.json,14-10,輝きから湧き上がるもの,main_14,198,軍事委員会の主戦場における敗北は避けられないだろう。,avg_003_kalts_1#1$1
level_main_14-09_end.json,14-10,輝きから湧き上がるもの,main_14,200,公爵間の争いは相変わらず続いているが、ヴィクトリア軍全体の実力と継戦能力はいずれもサルカズとは桁違いだ。何より、今のヴィクトリアは士気に満ち溢れている。,avg_003_kalts_1#1$1
level_main_14-09_end.json,14-10,輝きから湧き上がるもの,main_14,202,じきに勝利の天秤はヴィクトリアの方へと傾くだろう。,avg_003_kalts_1#1$1
level_main_14-09_end.json,14-10,輝きから湧き上がるもの,main_14,206,アーミヤ。テレシスはこうなることをとうに予期していたはずだ。この戦争を起こし、数多のサルカズの命を異郷の塹壕の中に埋めると決めた時からな。,avg_003_kalts_1#1$1
level_main_14-09_end.json,14-10,輝きから湧き上がるもの,main_14,212,それが何であれ……,avg_003_kalts_1#1$1
level_main_14-09_end.json,14-10,輝きから湧き上がるもの,main_14,219,我々は深淵の、一歩手前まで来ている。,avg_003_kalts_1#1$1
level_main_14-09_end.json,14-10,輝きから湧き上がるもの,main_14,263,ナハツェーラーが真の祭壇の前に仕掛けた、最後の防衛ラインだろう。,avg_003_kalts_1#5$1
level_main_14-09_end.json,14-10,輝きから湧き上がるもの,main_14,265,ネツァレムは我々を、ここから先へ進ませないつもりだ。,avg_003_kalts_1#5$1
level_main_14-09_end.json,14-10,輝きから湧き上がるもの,main_14,332,ドクター、これはエリートオペレーター・Logosが下した決断だ。,avg_003_kalts_1#1$1
level_main_14-09_end.json,14-10,輝きから湧き上がるもの,main_14,334,彼には現状を鑑みて独自の戦術判断を下す権利がある。彼は、自らがナハツェーラーと相対し、我々が祭壇の破壊任務を継続することが、この局面では最善の選択だと判断した。,avg_003_kalts_1#1$1
level_main_14-09_end.json,14-10,輝きから湧き上がるもの,main_14,336,教えてくれ、ドクター……君は彼を、エリートオペレーター・Logosを信頼しているか？,avg_003_kalts_1#1$1
level_main_14-09_end.json,14-10,輝きから湧き上がるもの,main_14,344,そうであるならば信じてやるべきだ。彼は必ず、我々が必要とする時に姿を現すだろう。,avg_003_kalts_1#1$1
level_main_14-11_beg.json,14-12,使徒,main_14,205,我々に残された時間も少ない。聴罪師の祭壇はすぐそこだ。,avg_003_kalts_1#1$1
level_main_14-11_beg.json,14-12,使徒,main_14,213,今から腰を据えて万全な計画を模索するのは、もはや時間が許してはくれないだろう。,avg_003_kalts_1#1$1
level_main_14-11_beg.json,14-12,使徒,main_14,214,リスクは当然軽視するわけにはいかない。とはいえ、戦時の戦略決定においては、理性的な判断でリスクを背負うこともまた重要だ。,avg_003_kalts_1#1$1
level_main_14-11_beg.json,14-12,使徒,main_14,215,幸いサルカズは全兵力を前線に投入してくれている。我々が対処すべきは聴罪師の手駒だけだ。,avg_003_kalts_1#1$1
level_main_14-11_beg.json,14-12,使徒,main_14,221,カズデルにおいて聴罪師が演じる役割は多岐にわたる。魔王の参謀であり、護衛であり、呪術医であり、学者である。,avg_003_kalts_1#2$1
level_main_14-11_beg.json,14-12,使徒,main_14,222,各王庭の間で立ち回ってきた聴罪師は、常にサルカズの歴史を探究して、サルカズの血脈に宿る力の研究に執着してきた。,avg_003_kalts_1#2$1
level_main_14-11_beg.json,14-12,使徒,main_14,224,テレシスがロンディニウムを支配するよりも前から、ザ・シャードを利用して「アナンナ」を制御しようと目論んでいた。そこには恐らく聴罪師たちの協力があったはずだ。,avg_003_kalts_1#1$1
level_main_14-11_beg.json,14-12,使徒,main_14,225,そしてクイサルトゥシュタの「魔王」簒奪計画にも「アナンナ」と密接な繋がりがある。,avg_003_kalts_1#1$1
level_main_14-11_beg.json,14-12,使徒,main_14,231,奴の狙いは王冠だけに留まらない。,avg_003_kalts_1#2$1
level_main_14-11_beg.json,14-12,使徒,main_14,232,数千年前に、クイサルトゥシュタも魔王の力を手にしたことがあった。,avg_003_kalts_1#2$1
level_main_14-11_beg.json,14-12,使徒,main_14,234,力の全貌に触れることはできなかったとしても、奴はその時、魔王に他者へ干渉する能力があることを知っただろう。,avg_003_kalts_1#1$1
level_main_14-11_beg.json,14-12,使徒,main_14,235,「支配」だ。そうした絶対的な権力を手にしたことがある者ほど、その誘惑には抗いがたいものだ。,avg_003_kalts_1#1$1
level_main_14-11_beg.json,14-12,使徒,main_14,237,テレジアや、アーミヤ、魔王の継承者一人一人をクイサルトゥシュタは暗がりから長い間じっと見つめ続けてきた。,avg_003_kalts_1#3$1
level_main_14-11_beg.json,14-12,使徒,main_14,238,権力への執着に囚われたことで、奴は自らの延命のためならば狂気的な手段をも辞さないようになった。全ては再び「支配」の力を手にするだけのためにな。,avg_003_kalts_1#3$1
level_main_14-11_beg.json,14-12,使徒,main_14,240,そして、奴の目的達成を可能にする物は、一つだけだ。,avg_003_kalts_1#1$1
level_main_14-11_beg.json,14-12,使徒,main_14,246,ああ。,avg_003_kalts_1#2$1
level_main_14-11_beg.json,14-12,使徒,main_14,248,「源石」の持つサルカズへの影響を直接利用することで、クイサルトゥシュタはサルカズという種族全体に対して魔王をも超える支配力を手にすることができる。,avg_003_kalts_1#1$1
level_main_14-11_beg.json,14-12,使徒,main_14,254,彼女たちの運命への抵抗が終わることはない……とりわけ今のように重要な局面ではな。,avg_003_kalts_1#1$1
level_main_14-11_beg.json,14-12,使徒,main_14,275,Mon3tr、敵を食い止めろ。,avg_003_kalts_1#5$1
level_main_14-11_beg.json,14-12,使徒,main_14,276,アーミヤ、祭壇を破壊するんだ。,avg_003_kalts_1#5$1
level_main_14-11_end.json,14-12,使徒,main_14,632,クイサルトゥシュタの黒い王冠を捕える計画は失敗に終わったな。,avg_003_kalts_1#5$1
level_main_14-11_end.json,14-12,使徒,main_14,636,祭壇の上部が崩壊し始めている。アーミヤ、「ティカズの血」を集中攻撃しろ。,avg_003_kalts_1#5$1
level_main_14-11_end.json,14-12,使徒,main_14,712,アーミヤ、奴を止めろ！,avg_003_kalts_1#7$1
level_main_14-11_end.json,14-12,使徒,main_14,713,奴は起爆を試みて――,avg_003_kalts_1#7$1
level_main_14-11_end.json,14-12,使徒,main_14,766,「アナンナ」。,avg_003_kalts_1#5$1
level_main_14-11_end.json,14-12,使徒,main_14,767,サルースは自らの血で聴罪師の儀式を完成させた。,avg_003_kalts_1#5$1
level_main_14-11_end.json,14-12,使徒,main_14,768,急ぐぞ！　祭壇から離れるんだ！,avg_003_kalts_1#5$1
level_main_14-12_beg.json,14-14,高空での拒止,main_14,162,では可能性はただ一つ。,avg_003_kalts_1#3$1
level_main_14-12_beg.json,14-14,高空での拒止,main_14,164,兵器としてよりも、もっと重要な使い道があるということだ。,avg_003_kalts_1#1$1
level_main_14-12_beg.json,14-14,高空での拒止,main_14,172,……,avg_003_kalts_1#2$1
level_main_14-12_beg.json,14-14,高空での拒止,main_14,177,そうだ。,avg_003_kalts_1#1$1
level_main_14-12_beg.json,14-14,高空での拒止,main_14,190,……そうだ。,avg_003_kalts_1#1$1
level_main_14-12_beg.json,14-14,高空での拒止,main_14,192,飛空船を追撃するのであれば、これからの戦いでは、間違いなく彼女と対峙することになるだろう。,avg_003_kalts_1#3$1
level_main_14-12_beg.json,14-14,高空での拒止,main_14,193,我々は彼女を――,avg_003_kalts_1#3$1
level_main_14-12_beg.json,14-14,高空での拒止,main_14,199,……,avg_003_kalts_1#5$1
level_main_14-12_beg.json,14-14,高空での拒止,main_14,200,もし……それが必要であるならば。,avg_003_kalts_1#5$1
level_main_14-12_beg.json,14-14,高空での拒止,main_14,208,……,avg_003_kalts_1#4$1
level_main_14-12_beg.json,14-14,高空での拒止,main_14,218,ドクター、今この場で最も理性的でいられる人物は君であると信じている。,avg_003_kalts_1#1$1
level_main_14-12_beg.json,14-14,高空での拒止,main_14,219,これからの作戦指揮は、全て君に任せたい。,avg_003_kalts_1#1$1
level_main_14-12_beg.json,14-14,高空での拒止,main_14,245,皆がこの計画に同意したのなら、W……,avg_003_kalts_1#1$1
level_main_14-12_beg.json,14-14,高空での拒止,main_14,399,ドクター、君も我々と共に飛空船へ向かう必要がある。,avg_003_kalts_1#1$1
level_main_14-12_beg.json,14-14,高空での拒止,main_14,405,……君には躊躇いも、質問もないな。,avg_003_kalts_1#1$1
level_main_14-12_beg.json,14-14,高空での拒止,main_14,423,Mon3tr。,avg_003_kalts_1#1$1
level_main_14-12_beg.json,14-14,高空での拒止,main_14,428,Mon3trに掴まるんだ、ドクター。,avg_003_kalts_1#1$1
level_main_14-12_beg.json,14-14,高空での拒止,main_14,430,君にしか……制御できないものがある。あるいは、君は我々が苦しんでいる時の最後の希望となるかもしれない。,avg_003_kalts_1#4$1
level_main_14-12_beg.json,14-14,高空での拒止,main_14,431,かつての君のように。,avg_003_kalts_1#4$1
level_main_14-13_end.json,14-15,外周包囲網の突破,main_14,81,その方法は恐らく有効ではない。,avg_003_kalts_1#1$1
level_main_14-13_end.json,14-15,外周包囲網の突破,main_14,82,この船はレヴァナントの器にすぎない。たとえ船の外殻を破壊し、ひいては飛空船を真っ二つにしたところで、彼は巫術の力で船を稼働させることができる。,avg_003_kalts_1#1$1
level_main_14-13_end.json,14-15,外周包囲網の突破,main_14,83,その稼働が一時的なものであったとしても、「アナンナ」に接触するには十分だ。,avg_003_kalts_1#1$1
level_main_14-13_end.json,14-15,外周包囲網の突破,main_14,85,飛空船を完全に停止させるには、レヴァナントのコアを見つけ破壊せねばならない。,avg_003_kalts_1#3$1
level_main_14-13_end.json,14-15,外周包囲網の突破,main_14,90,高速戦艦丸々一編隊の主砲による一斉掃射ならば、外殻を完全に破壊して、レヴァナントの巫術でもってしても、自らの機能を容易には維持できなくなるかもしれない。,avg_003_kalts_1#1$1
level_main_14-13_end.json,14-15,外周包囲網の突破,main_14,101,はっきりとは分からないが、この飛空船の真の中枢として、それは厳重に守られていて、どこかの船室に慎重に隠されていることだろう。,avg_003_kalts_1#3$1
level_main_14-13_end.json,14-15,外周包囲網の突破,main_14,102,実際に飛空船の奥へ入っていかないことには、手がかりすらみつからないはずだ。,avg_003_kalts_1#3$1
level_main_14-13_end.json,14-15,外周包囲網の突破,main_14,103,それは同時に、敵が我々を阻止しやすくなることも意味する。,avg_003_kalts_1#3$1
level_main_14-13_end.json,14-15,外周包囲網の突破,main_14,105,もう時間がない。,avg_003_kalts_1#2$1
level_main_14-13_end.json,14-15,外周包囲網の突破,main_14,111,理論上はそうだ。だが飛空船の体積は大きく、相手の注意力も限られる。,avg_003_kalts_1#1$1
level_main_14-13_end.json,14-15,外周包囲網の突破,main_14,194,ドクター、アーミヤ、Wが開けた穴から飛空船内部へと入ろう。,avg_003_kalts_1#6$1
level_main_14-13_end.json,14-15,外周包囲網の突破,main_14,195,ついてくるんだ。,avg_003_kalts_1#6$1
level_main_14-13_end.json,14-15,外周包囲網の突破,main_14,197,我々に与えられたチャンスは、一度きりだ。,avg_003_kalts_1#7$1
level_main_14-13_end.json,14-15,外周包囲網の突破,main_14,217,どうやら、軍事委員会はすでに乗組員を撤退させたようだ。奴らも今回の作戦の危険性を承知している。,avg_003_kalts_1#1$1
level_main_14-13_end.json,14-15,外周包囲網の突破,main_14,225,「アナンナ」はそれに触れた一切の情報と同化する。,avg_003_kalts_1#2$1
level_main_14-13_end.json,14-15,外周包囲網の突破,main_14,227,こうした情報には、あらゆる有機物、無機物、ひいては人格、感情が含まれる……全てが、源石の結晶に覆われていくんだ。,avg_003_kalts_1#3$1
level_main_14-13_end.json,14-15,外周包囲網の突破,main_14,231,そうだ。そちらに向かうことにしたということは、彼らはこの結果をよく理解していることを意味する。,avg_003_kalts_1#2$1
level_main_14-13_end.json,14-15,外周包囲網の突破,main_14,266,……レヴァナント。,avg_003_kalts_1#1$1
level_main_14-13_end.json,14-15,外周包囲網の突破,main_14,268,やはり我々に気づいたか。,avg_003_kalts_1#7$1
level_main_14-13_end.json,14-15,外周包囲網の突破,main_14,290,Mon3tr、戦闘準備だ！　アーミヤ、ドクターを守れ！,avg_003_kalts_1#7$1
level_main_14-13_end.json,14-15,外周包囲網の突破,main_14,451,……,avg_003_kalts_1#1$1
level_main_14-13_end.json,14-15,外周包囲網の突破,main_14,452,この閉ざされた罠に私を陥れるために、随分と手間をかけたな――,avg_003_kalts_1#1$1
level_main_14-13_end.json,14-15,外周包囲網の突破,main_14,454,レヴァナント。,avg_003_kalts_1#5$1
level_main_14-13_end.json,14-15,外周包囲網の突破,main_14,456,今の君は、己の名前すら忘れたのではないか？,avg_003_kalts_1#7$1
level_main_14-13_end.json,14-15,外周包囲網の突破,main_14,467,威嚇か？,avg_003_kalts_1#5$1
level_main_14-13_end.json,14-15,外周包囲網の突破,main_14,468,どうやら自らを長年にわたって燃やしてなお、理性は保っているようだ。,avg_003_kalts_1#5$1
level_main_14-13_end.json,14-15,外周包囲網の突破,main_14,469,しかし君の混沌とした意識の中に、いまだ少しでもかつてのカズデルでの記憶が残っているのなら……,avg_003_kalts_1#5$1
level_main_14-13_end.json,14-15,外周包囲網の突破,main_14,471,分かっているだろう。死による威嚇は私に何の意味もなさないことを。,avg_003_kalts_1#1$1
level_main_14-13_end.json,14-15,外周包囲網の突破,main_14,478,……,avg_003_kalts_1#1$1
level_main_14-13_end.json,14-15,外周包囲網の突破,main_14,480,君は当然知っているはずだ……テレジアもこのことをよく分かっているのだから。,avg_003_kalts_1#2$1
level_main_14-13_end.json,14-15,外周包囲網の突破,main_14,482,君も聞いているのだろう――,avg_003_kalts_1#1$1
level_main_14-13_end.json,14-15,外周包囲網の突破,main_14,484,テレジア。,avg_003_kalts_1#1$1
level_main_14-13_end.json,14-15,外周包囲網の突破,main_14,485,この船にいると、君の意志を感じることができる。,avg_003_kalts_1#1$1
level_main_14-13_end.json,14-15,外周包囲網の突破,main_14,486,本来は、君がここで私を待っていると思っていた。,avg_003_kalts_1#1$1
level_main_14-13_end.json,14-15,外周包囲網の突破,main_14,494,……,avg_003_kalts_1#5$1
level_main_14-13_end.json,14-15,外周包囲網の突破,main_14,495,源石の自然増殖は、もうここまで君の影響を受けているか……,avg_003_kalts_1#5$1
level_main_14-13_end.json,14-15,外周包囲網の突破,main_14,496,もしこれらの源石が成長を続ければ、あそこにぶつかる前に飛空船全体が結晶化するだろう……,avg_003_kalts_1#5$1
level_main_14-13_end.json,14-15,外周包囲網の突破,main_14,497,となれば、その中の全ての者が――,avg_003_kalts_1#5$1
level_main_14-13_end.json,14-15,外周包囲網の突破,main_14,498,私も含めてか？,avg_003_kalts_1#5$1
level_main_14-13_end.json,14-15,外周包囲網の突破,main_14,499,これこそ君が私に伝えたいことか？,avg_003_kalts_1#5$1
level_main_14-13_end.json,14-15,外周包囲網の突破,main_14,504,……,avg_003_kalts_1#5$1
level_main_14-13_end.json,14-15,外周包囲網の突破,main_14,505,最初の源石、君、テレシス、サルカズ……私は君の計画について十二分に理解をしていると思っていた。,avg_003_kalts_1#5$1
level_main_14-13_end.json,14-15,外周包囲網の突破,main_14,507,だが恐らく君は私の想像以上に遠く進んでいる……,avg_003_kalts_1#14$1
level_main_14-13_end.json,14-15,外周包囲網の突破,main_14,508,……,avg_003_kalts_1#14$1
level_main_14-13_end.json,14-15,外周包囲網の突破,main_14,510,私をここに閉じ込めたところで、君が本当に警戒している人物は私ではないだろう。,avg_003_kalts_1#2$1
level_main_14-13_end.json,14-15,外周包囲網の突破,main_14,511,君はいつも私すらも悩ませることをする、テレジア。過去と同じように。,avg_003_kalts_1#2$1
level_main_14-13_end.json,14-15,外周包囲網の突破,main_14,513,……過去と同じ。,avg_003_kalts_1#2$1
level_main_14-13_end.json,14-15,外周包囲網の突破,main_14,515,テレジア、今の君は、まだ信じているのか……？,avg_003_kalts_1#4$1
level_main_14-13_end.json,14-15,外周包囲網の突破,main_14,516,テラにはまだ「未来」があると。,avg_003_kalts_1#4$1
level_main_14-13_end.json,14-15,外周包囲網の突破,main_14,529,……,avg_003_kalts_1#5$1
level_main_14-13_end.json,14-15,外周包囲網の突破,main_14,530,やはり――,avg_003_kalts_1#5$1
level_main_14-14_beg.json,14-16,舷側エリアを占拠,main_14,13,いまだ生気に満ちている。,
level_main_14-14_beg.json,14-16,舷側エリアを占拠,main_14,14,以前と何の違いも見られないな。,
level_main_14-14_beg.json,14-16,舷側エリアを占拠,main_14,23,ドクターをこの花畑に連れてきてから、君はより多くの時間をここで過ごすようになったな。,
level_main_14-14_beg.json,14-16,舷側エリアを占拠,main_14,24,バベルにはまだ、議長である君が対処しなければならないことがたくさんある。それなのに、君は今日の全体会議も欠席した。,
level_main_14-14_beg.json,14-16,舷側エリアを占拠,main_14,26,君のことは理解している、テレジア。本当の「大したこと」に関して、君は決して冗談は言わない。,
level_main_14-14_beg.json,14-16,舷側エリアを占拠,main_14,28,何だ？,
level_main_14-14_beg.json,14-16,舷側エリアを占拠,main_14,30,……,
level_main_14-14_beg.json,14-16,舷側エリアを占拠,main_14,31,いいえ。ドクターが君に何を言ったかは知らないが、きっと君の考えを全面的に支持してはいないだろう。,
level_main_14-14_beg.json,14-16,舷側エリアを占拠,main_14,35,テレジア――,
level_main_14-14_beg.json,14-16,舷側エリアを占拠,main_14,40,もし本当に君の期待するその未来を実現したいなら、我々はやはりドクターの支持を勝ち取らねばならない。,
level_main_14-14_beg.json,14-16,舷側エリアを占拠,main_14,41,源石を利用するということにおいて、ドクターは……唯一無二の存在だ。,
level_main_14-14_beg.json,14-16,舷側エリアを占拠,main_14,42,だが結末がどうであれ……,
level_main_14-14_beg.json,14-16,舷側エリアを占拠,main_14,43,……その時に、私は君のそばにいることを約束しよう。,
level_main_14-15_beg.json,14-17,主船倉での攻防,main_14,713,ドクター、完璧なタイミングだったな。,avg_003_kalts_1#11$1
level_main_14-15_beg.json,14-17,主船倉での攻防,main_14,714,君たちがレヴァナントの全ての注意を引きつけた後、私に対する彼の抑圧は自然と緩んだ。,avg_003_kalts_1#11$1
level_main_14-15_beg.json,14-17,主船倉での攻防,main_14,715,Mon3trもようやく私の居場所を感知することができた。,avg_003_kalts_1#11$1
level_main_14-15_beg.json,14-17,主船倉での攻防,main_14,721,W、君にも感謝する。ドクターのために時間を稼いでくれたな。,avg_003_kalts_1#1$1
level_main_14-15_beg.json,14-17,主船倉での攻防,main_14,743,……テレジアが彼を助けているんだろう。,avg_003_kalts_1#5$1
level_main_14-15_beg.json,14-17,主船倉での攻防,main_14,744,どうやら彼女の計画はすでに最終段階に入っており、レヴァナントが彼女の呼びかけに応えているようだ。,avg_003_kalts_1#5$1
level_main_14-15_beg.json,14-17,主船倉での攻防,main_14,749,ここに彼女がいようがいなかろうが、我々の計画は影響を受けるべきではない。,avg_003_kalts_1#5$1
level_main_14-15_beg.json,14-17,主船倉での攻防,main_14,755,そうだ。今最も効果的な方法はコアを取り壊すことだ。,avg_003_kalts_1#5$1
level_main_14-15_beg.json,14-17,主船倉での攻防,main_14,756,止められる可能性があるとすれば、それは制御とエンジンを失った飛空船のみだ。,avg_003_kalts_1#5$1
level_main_14-16_beg.json,14-18,灼熱より爆ぜる咆哮,main_14,103,飛空船をただの死物だと見なすな。レヴァナントによってこの船はすでに普通の「兵器」とは異なるものとなっている。,avg_003_kalts_1#5$1
level_main_14-16_beg.json,14-18,灼熱より爆ぜる咆哮,main_14,104,身体の内部では、我々の認識はその力の干渉を受ける。,avg_003_kalts_1#5$1
level_main_14-16_beg.json,14-18,灼熱より爆ぜる咆哮,main_14,115,ドクター、Mon3trが我々を守ってくれる。,avg_003_kalts_1#5$1
level_main_14-16_beg.json,14-18,灼熱より爆ぜる咆哮,main_14,116,Mon3tr、ドクターに傷一つ負わせるな。,avg_003_kalts_1#5$1
level_main_14-16_beg.json,14-18,灼熱より爆ぜる咆哮,main_14,132,明らかに戦術を変えてきているな。,avg_003_kalts_1#5$1
level_main_14-16_beg.json,14-18,灼熱より爆ぜる咆哮,main_14,133,アーミヤがいる以上、短時間のうちに我々に脅威をもたらすことは不可能だと相手もよく分かっている。,avg_003_kalts_1#5$1
level_main_14-16_beg.json,14-18,灼熱より爆ぜる咆哮,main_14,180,アーミヤ、入口を開いてくれ。,avg_003_kalts_1#5$1
level_main_14-16_beg.json,14-18,灼熱より爆ぜる咆哮,main_14,181,Mon3tr、入る準備を――,avg_003_kalts_1#5$1
level_main_14-16_beg.json,14-18,灼熱より爆ぜる咆哮,main_14,188,……,avg_003_kalts_1#6$1
level_main_14-16_beg.json,14-18,灼熱より爆ぜる咆哮,main_14,189,彼女の意志は、常にある。,avg_003_kalts_1#6$1
level_main_14-16_beg.json,14-18,灼熱より爆ぜる咆哮,main_14,218,……その通りだ、ドクター。,avg_003_kalts_1#1$1
level_main_14-16_beg.json,14-18,灼熱より爆ぜる咆哮,main_14,229,我々が向き合うことになるのは彼女だ――,avg_003_kalts_1#5$1
level_main_14-16_beg.json,14-18,灼熱より爆ぜる咆哮,main_14,754,W、すまないが簡単な手当てしかしてやれない。今は解決しなければならないもう一つの厄介事がある。,avg_003_kalts_1#1$1
level_main_14-16_beg.json,14-18,灼熱より爆ぜる咆哮,main_14,770,今すぐ骨骸に戻る準備をしなければならない。,avg_003_kalts_1#1$1
level_main_14-16_beg.json,14-18,灼熱より爆ぜる咆哮,main_14,771,動力を失い、飛空船は完全に制御不能となった。,avg_003_kalts_1#1$1
level_main_14-16_beg.json,14-18,灼熱より爆ぜる咆哮,main_14,786,まだ間に合うといいが……,avg_003_kalts_1#5$1
level_main_14-16_beg.json,14-18,灼熱より爆ぜる咆哮,main_14,826,……君は何も違和感を感じないのか？,avg_003_kalts_1#5$1
level_main_14-16_beg.json,14-18,灼熱より爆ぜる咆哮,main_14,830,レヴァナントはすでに死と完全に無縁になっている。,avg_003_kalts_1#5$1
level_main_14-16_beg.json,14-18,灼熱より爆ぜる咆哮,main_14,831,だが彼は、その砕けたコアの中にいない。,avg_003_kalts_1#5$1
level_main_14-16_beg.json,14-18,灼熱より爆ぜる咆哮,main_14,859,いや、これは自己修復ではない。,avg_003_kalts_1#5$1
level_main_14-16_beg.json,14-18,灼熱より爆ぜる咆哮,main_14,860,Mon3tr、構造強化！,avg_003_kalts_1#5$1
level_main_14-16_end.json,14-18,灼熱より爆ぜる咆哮,main_14,157,……,avg_003_kalts_1#2$1
level_main_14-16_end.json,14-18,灼熱より爆ぜる咆哮,main_14,180,Dr.{@nickname}、落ち着くんだ。私とMon3trの後ろへ。,avg_003_kalts_1#5$1
level_main_14-16_end.json,14-18,灼熱より爆ぜる咆哮,main_14,181,以前にも話した通り、こうした過去を私はすでに知っていたが君に秘密にしておく理由があった。,avg_003_kalts_1#5$1
level_main_14-16_end.json,14-18,灼熱より爆ぜる咆哮,main_14,182,私はテレジアの当時の決断を認めており、今の君に真相を話したところで何も変えられやしない。,avg_003_kalts_1#5$1
level_main_14-16_end.json,14-18,灼熱より爆ぜる咆哮,main_14,184,しかし……,avg_003_kalts_1#6$1
level_main_14-16_end.json,14-18,灼熱より爆ぜる咆哮,main_14,194,ドクター……,avg_003_kalts_1#5$1
level_main_14-16_end.json,14-18,灼熱より爆ぜる咆哮,main_14,196,確かにチェルノボーグの時も、ひいてはその後も、ずっと私は君に対して疑念を抱いていた。,avg_003_kalts_1#1$1
level_main_14-16_end.json,14-18,灼熱より爆ぜる咆哮,main_14,197,しかし君はすでに一連の決断により、自己証明をしてくれた。君は確実に私たちの同行者だ。,avg_003_kalts_1#1$1
level_main_14-16_end.json,14-18,灼熱より爆ぜる咆哮,main_14,198,落ち着け、動じるな。,avg_003_kalts_1#1$1
level_main_14-16_end.json,14-18,灼熱より爆ぜる咆哮,main_14,244,アーミヤ……？,avg_003_kalts_1#4$1
level_main_14-16_end.json,14-18,灼熱より爆ぜる咆哮,main_14,292,飛空船が崩れている。,avg_003_kalts_1#6$1
level_main_14-16_end.json,14-18,灼熱より爆ぜる咆哮,main_14,293,今すぐ撤退しないと。,avg_003_kalts_1#6$1
level_main_14-16_end.json,14-18,灼熱より爆ぜる咆哮,main_14,353,Logos、撤退の準備は整った。,avg_003_kalts_1#5$1
level_main_14-16_end.json,14-18,灼熱より爆ぜる咆哮,main_14,449,源石だ。,avg_003_kalts_1#5$1
level_main_14-16_end.json,14-18,灼熱より爆ぜる咆哮,main_14,450,我々は「アナンナ」に近づきすぎている。飛空船はすでに源石に富んだ環境となっており、ここにある源石全てが飛空船にエネルギーを供給している。,avg_003_kalts_1#5$1
level_main_14-17_end.json,14-19,結晶の中,main_14,51,ドクター！,
level_main_14-17_end.json,14-19,結晶の中,main_14,64,ドクター……,avg_003_kalts_1#1$1
level_main_14-17_end.json,14-19,結晶の中,main_14,65,やはり、ここにいたか……,avg_003_kalts_1#1$1
level_main_14-17_end.json,14-19,結晶の中,main_14,71,見る限り、調子が悪そうだ。,avg_003_kalts_1#1$1
level_main_14-17_end.json,14-19,結晶の中,main_14,72,この場で君に身体検査をすることは多分無理だ。ドクター、私を見て、正気を保つんだ。,avg_003_kalts_1#1$1
level_main_14-17_end.json,14-19,結晶の中,main_14,73,なにか思い出さないか？,avg_003_kalts_1#1$1
level_main_14-17_end.json,14-19,結晶の中,main_14,86,――！,avg_003_kalts_1#6$1
level_main_14-17_end.json,14-19,結晶の中,main_14,146,君は……,avg_003_kalts_1#14$1
level_main_14-17_end.json,14-19,結晶の中,main_14,147,……どうやら、自分が誰なのかはまだ覚えているようだな。,avg_003_kalts_1#14$1
level_main_14-17_end.json,14-19,結晶の中,main_14,148,アーミヤはここにいない。一つ確かなのは、ここは決して本来のロドスではないということだ。,avg_003_kalts_1#14$1
level_main_14-17_end.json,14-19,結晶の中,main_14,155,ここに来てから君としか会っていない。,avg_003_kalts_1#1$1
level_main_14-17_end.json,14-19,結晶の中,main_14,157,なんでこうなったのか、本当に心当たりはないのか？,avg_003_kalts_1#14$1
level_main_14-17_end.json,14-19,結晶の中,main_14,164,……,avg_003_kalts_1#5$1
level_main_14-17_end.json,14-19,結晶の中,main_14,170,……こういう場合は、ある程度の警戒をしないといけない。,avg_003_kalts_1#6$1
level_main_14-17_end.json,14-19,結晶の中,main_14,172,気を付けるんだ、ドクター。我々は何があってもここを離れねばならない。,avg_003_kalts_1#5$1
level_main_14-17_end.json,14-19,結晶の中,main_14,173,我々はこの場に不案内であるし、どんな予想外のことが起きてもおかしくない。,avg_003_kalts_1#5$1
level_main_14-17_end.json,14-19,結晶の中,main_14,174,できるだけ君を守る。だから、あまり離れるな。,avg_003_kalts_1#5$1
level_main_14-17_end.json,14-19,結晶の中,main_14,259,私も同じ光景を見たのだ。彼らは確かにここに存在している。,avg_003_kalts_1#14$1
level_main_14-17_end.json,14-19,結晶の中,main_14,260,このようなはっきりとした夢などない、それにこれは君の記憶でもない。,avg_003_kalts_1#14$1
level_main_14-17_end.json,14-19,結晶の中,main_14,266,正気を保て、ドクター。,avg_003_kalts_1#1$1
level_main_14-17_end.json,14-19,結晶の中,main_14,267,まだ進み続けなければならない。,avg_003_kalts_1#1$1
level_main_14-17_end.json,14-19,結晶の中,main_14,386,君はまだ彼女たちの一人一人を覚えており、彼女たちの境遇を心から残念だと思っている。,avg_003_kalts_1#1$1
level_main_14-17_end.json,14-19,結晶の中,main_14,387,でなければ、このような光景を見るはずがない。,avg_003_kalts_1#1$1
level_main_14-17_end.json,14-19,結晶の中,main_14,390,今の気分はどうだ、ドクター？,avg_003_kalts_1#1$1
level_main_14-17_end.json,14-19,結晶の中,main_14,391,喜び、困惑、それとも憤怒か？,avg_003_kalts_1#1$1
level_main_14-17_end.json,14-19,結晶の中,main_14,394,これは全て君が潜在意識の中で期待している光景だ。,avg_003_kalts_1#1$1
level_main_14-17_end.json,14-19,結晶の中,main_14,395,この全てが現実であることを望んでいるだろう？,avg_003_kalts_1#1$1
level_main_14-17_end.json,14-19,結晶の中,main_14,402,それを知るのは君自身しかいない。,avg_003_kalts_1#1$1
level_main_14-17_end.json,14-19,結晶の中,main_14,403,前に進もう、ドクター。,avg_003_kalts_1#1$1
level_main_14-17_end.json,14-19,結晶の中,main_14,404,何を見ようと、それに向き合い、乗り越えるんだ。,avg_003_kalts_1#1$1
level_main_14-17_end.json,14-19,結晶の中,main_14,505,これは幻でも、夢でもない。ある意味、これは本当に実在しているものと言える。,avg_003_kalts_1#5$1
level_main_14-17_end.json,14-19,結晶の中,main_14,506,君の想像の中に存在して過去に遭遇した人や物事で、君の最も期待している光景を描いてくれたものだ。,avg_003_kalts_1#5$1
level_main_14-17_end.json,14-19,結晶の中,main_14,512,これらの光景が私の感情に与える刺激は、君に勝るとも劣っていないと思う。,avg_003_kalts_1#5$1
level_main_14-17_end.json,14-19,結晶の中,main_14,513,しかしつまるところ、これらはやはり君自身が作り上げた光景だ。,avg_003_kalts_1#5$1
level_main_14-17_end.json,14-19,結晶の中,main_14,514,源石が君の潜在意識の奥深くにある期待と、心残りを埋めたいという考えを参考に「複製」した光景にすぎない。,avg_003_kalts_1#5$1
level_main_14-17_end.json,14-19,結晶の中,main_14,516,君はまだロドスと共に経験した全てをその記憶に刻んでおり、そして美しい嘘の欺瞞からも逃れた。,avg_003_kalts_1#1$1
level_main_14-17_end.json,14-19,結晶の中,main_14,517,今ようやく確信した。今の君は、変わらずロドスのドクターだ。,avg_003_kalts_1#1$1
level_main_14-17_end.json,14-19,結晶の中,main_14,535,やはり……,avg_003_kalts_1#6$1
level_main_14-17_end.json,14-19,結晶の中,main_14,537,ドクター、私はかつて君にこう言った。君自身に関する謎は、他人の口から語ることはできず、君自身で解くしかないと。,avg_003_kalts_1#1$1
level_main_14-17_end.json,14-19,結晶の中,main_14,538,今の私たちはその終着点に近づいているかもしれない。,avg_003_kalts_1#1$1
level_main_14-17_end.json,14-19,結晶の中,main_14,544,これまで我々が共に過ごしてきた経験を踏まえれば、君が正確な判断を下すには十分だと思っていたが。,avg_003_kalts_1#1$1
level_main_14-17_end.json,14-19,結晶の中,main_14,547,その判断をさせたものが、ほかの何でもなく、君の理性であることを願っている。,avg_003_kalts_1#1$1
level_main_14-17_end.json,14-19,結晶の中,main_14,556,テレジアがどこにいて、何をしているかは分からない。,avg_003_kalts_1#14$1
level_main_14-17_end.json,14-19,結晶の中,main_14,557,しかし今我々がいるこの環境は、きっと彼女と何かしらの関係があるに違いない。,avg_003_kalts_1#14$1
level_main_14-17_end.json,14-19,結晶の中,main_14,644,今はどうにかしてここを離れよう。,avg_003_kalts_1#14$1
level_main_14-17_end.json,14-19,結晶の中,main_14,645,答えはここにはない。,avg_003_kalts_1#14$1
level_main_14-17_end.json,14-19,結晶の中,main_14,697,ここは、「源石」の内部だ。,
level_main_14-17_end.json,14-19,結晶の中,main_14,698,「源石」の内部には、「宇宙」が存在している。,
level_main_14-18_beg.json,14-20,王たちの行方,main_14,14,君たちのよく知る言語には、この単語は含まれていない。,avg_003_kalts_1#2$1
level_main_14-18_beg.json,14-20,王たちの行方,main_14,16,それは空と大地よりもはるかに広い概念であり、あらゆる時間と空間、そしてそれに含まれる全てだ。,avg_003_kalts_1#1$1
level_main_14-18_beg.json,14-20,王たちの行方,main_14,17,最も傲慢な「神」だろうと宇宙の全てを掌握できると公言すべきではない。なぜならこの言葉自体が際限なき境界、そして時々刻々変化する可能性を象徴しているからだ。,avg_003_kalts_1#1$1
level_main_14-18_beg.json,14-20,王たちの行方,main_14,18,しかし、源石はこの全てを取り込み、その内部に「内なる宇宙」を形成する――,avg_003_kalts_1#1$1
level_main_14-18_beg.json,14-20,王たちの行方,main_14,26,……そう取ってもらって構わない。,avg_003_kalts_1#6$1
level_main_14-18_beg.json,14-20,王たちの行方,main_14,79,やめろ、Logos。,avg_003_kalts_1#1$1
level_main_14-18_beg.json,14-20,王たちの行方,main_14,80,少なくとも今この場所で、この「言語」の理解を試みるな。我々は過度に……ここをかき乱してはならない。,avg_003_kalts_1#1$1
level_main_14-18_beg.json,14-20,王たちの行方,main_14,81,すでに何か危険な存在に目を付けられている可能性があるが、この船の存在が許されているということは、我々はひとまず安全だ。,avg_003_kalts_1#1$1
level_main_14-18_beg.json,14-20,王たちの行方,main_14,87,このロドスは……君のおかげで存在している、Dr.{@nickname}。,avg_003_kalts_1#14$1
level_main_14-18_beg.json,14-20,王たちの行方,main_14,88,我々は本来源石に同化され、この海の一部になるはずだった。君が我々を救ってくれた。,avg_003_kalts_1#14$1
level_main_14-18_beg.json,14-20,王たちの行方,main_14,89,君が一部の規則を修正……いや、定め直したんだ。,avg_003_kalts_1#14$1
level_main_14-18_beg.json,14-20,王たちの行方,main_14,90,自分でさえ気づかないうちに、君はその「言語」を使った。,avg_003_kalts_1#14$1
level_main_14-18_beg.json,14-20,王たちの行方,main_14,127,……,avg_003_kalts_1#5$1
level_main_14-18_beg.json,14-20,王たちの行方,main_14,128,なぜなら、ここは……果てだからだ。,avg_003_kalts_1#5$1
level_main_14-18_beg.json,14-20,王たちの行方,main_14,129,万物が源石に封じられ、変わらず、滅ぶことすらもない果て。,avg_003_kalts_1#5$1
level_main_14-18_beg.json,14-20,王たちの行方,main_14,321,飛空船の目的地は最初からここだった……,
level_main_14-18_beg.json,14-20,王たちの行方,main_14,349,それは……できない。ここではMon3trを出すことはできないんだ。それに必要以上に注意を引くことを私は望まない。,avg_003_kalts_1#5$1
level_main_14-18_beg.json,14-20,王たちの行方,main_14,354,Dr.{@nickname}、ここでの私は、多くの制限を受ける。だが君は、何の影響も受けていないはずだ。,avg_003_kalts_1#5$1
level_main_14-18_beg.json,14-20,王たちの行方,main_14,355,君にこの船を動かしてもらう必要がある。,avg_003_kalts_1#5$1
level_main_14-18_beg.json,14-20,王たちの行方,main_14,361,その必要はない。,avg_003_kalts_1#1$1
level_main_14-18_beg.json,14-20,王たちの行方,main_14,362,このロドスがどこへ進むかは、君の操縦技術、あるいはいかなる機械やエネルギー装置にも依存しない。,avg_003_kalts_1#1$1
level_main_14-18_beg.json,14-20,王たちの行方,main_14,363,ここは源石の内部だ。,avg_003_kalts_1#1$1
level_main_14-18_beg.json,14-20,王たちの行方,main_14,364,とうに気づいているだろう、君にとって源石は特殊な意味を持つということを。そして源石にとって君も、同様にかけがえのない存在だ。,avg_003_kalts_1#1$1
level_main_14-18_beg.json,14-20,王たちの行方,main_14,370,私が沈黙を選ぶには、多くの理由がある。,avg_003_kalts_1#5$1
level_main_14-18_beg.json,14-20,王たちの行方,main_14,371,率直に言えば、君がこうした知識を取り戻すべきかどうかについては、いまだ疑問が残る。,avg_003_kalts_1#5$1
level_main_14-18_beg.json,14-20,王たちの行方,main_14,379,憎しみ、苦しみ、怒り、その全てを私は否定できない。,avg_003_kalts_1#5$1
level_main_14-18_beg.json,14-20,王たちの行方,main_14,380,あの瞬間、私が失ったのはテレジアだけではない。,avg_003_kalts_1#5$1
level_main_14-18_beg.json,14-20,王たちの行方,main_14,382,もう一人……一度は自分の信頼に値する人物になってほしいと思っていた人もだ。,avg_003_kalts_1#1$1
level_main_14-18_beg.json,14-20,王たちの行方,main_14,388,私が失望したのは……私自身に対してだ。,avg_003_kalts_1#2$1
level_main_14-18_beg.json,14-20,王たちの行方,main_14,390,君の「変化」を完全に察知していたわけではなかった。私がしたことは、当時の結果を覆すに足りなかったんだ。,avg_003_kalts_1#5$1
level_main_14-18_beg.json,14-20,王たちの行方,main_14,391,私たちはかつて理想が叶う曙光を垣間見たが、テレジアが急に去ったことで、かがり火は消えてしまった。,avg_003_kalts_1#5$1
level_main_14-18_beg.json,14-20,王たちの行方,main_14,392,我々は再度一番深い闇夜に足を踏み入れた。もしも最も正しい選択ができなければ、この瞬間の暗闇は永遠となるだろう。,avg_003_kalts_1#5$1
level_main_14-18_beg.json,14-20,王たちの行方,main_14,398,……いいや。私は君を信じるべきだ。,avg_003_kalts_1#6$1
level_main_14-18_beg.json,14-20,王たちの行方,main_14,399,確かに私は君が源石に関する記憶を取り戻し……再び予想できない変化をもたらすのではないかと危惧している。,avg_003_kalts_1#6$1
level_main_14-18_beg.json,14-20,王たちの行方,main_14,400,しかし君は何度も私に、アーミヤに、皆に……私が危惧している問題は現実にはならないと示した。,avg_003_kalts_1#6$1
level_main_14-18_beg.json,14-20,王たちの行方,main_14,401,今唯一確信が持てるのは、私たちは同行者ということだ。チェルノボーグからロンディニウムまで、君の経験、君の感情が、今の君を形作った。,avg_003_kalts_1#6$1
level_main_14-18_beg.json,14-20,王たちの行方,main_14,402,今この瞬間――,avg_003_kalts_1#6$1
level_main_14-18_beg.json,14-20,王たちの行方,main_14,405,君が私たちを守ったように。おかげで、私たちがすぐさま源石に呑み込まれて、雑然とした情報の流れの一部にならずに済んだ。,avg_003_kalts_1#1$1
level_main_14-18_beg.json,14-20,王たちの行方,main_14,406,君がロドスを出現させ、停滞する中でも私たちが前へと進み続けるチャンスを持たせた。,avg_003_kalts_1#1$1
level_main_14-18_beg.json,14-20,王たちの行方,main_14,408,Dr.{@nickname}、君自身のために航路を示してくれ。,avg_003_kalts_1#11$1
level_main_14-18_beg.json,14-20,王たちの行方,main_14,409,我々の未来がいずこに向かうか、ロドスがどちらへ進むかは――君の意志により決められる。,avg_003_kalts_1#11$1
level_main_14-18_beg.json,14-20,王たちの行方,main_14,447,サルカズの魂が周囲の環境に影響を与えているんだ。,avg_003_kalts_1#6$1
level_main_14-18_beg.json,14-20,王たちの行方,main_14,448,内なる宇宙は……もはや安定しない。,avg_003_kalts_1#6$1
level_main_14-18_beg.json,14-20,王たちの行方,main_14,502,ここだ、早く！,avg_003_kalts_1#5$1
level_main_14-18_end.json,14-20,王たちの行方,main_14,366,アーミヤ、今はその時ではない。,
level_main_14-18_end.json,14-20,王たちの行方,main_14,368,サルカズの魂の意志が君に干渉をしている。彼らは自分たちの選択を君に受け入れさせたくて仕方がないんだ。,
level_main_14-18_end.json,14-20,王たちの行方,main_14,370,なら君は彼女に向き合う必要がある。我々の全員に、その必要があるんだ。,
level_main_14-19_beg.json,14-21,それぞれの願う明日,main_14,16,内なる宇宙のいかなる規則の変動にもかき乱されるな。,avg_003_kalts_1#1$1
level_main_14-19_beg.json,14-21,それぞれの願う明日,main_14,18,ここは本来命あるものが足を踏み入れるべき場所ではない。私たちの思考でもって真実と幻の境界を推し量ることはなんら意味のない行いだ。,avg_003_kalts_1#1$1
level_main_14-19_beg.json,14-21,それぞれの願う明日,main_14,20,今の空を見上げてみろ。,avg_003_kalts_1#1$1
level_main_14-19_beg.json,14-21,それぞれの願う明日,main_14,40,……サルカズの魂。,avg_003_kalts_1#1$1
level_main_14-19_beg.json,14-21,それぞれの願う明日,main_14,42,彼女は確かにここにいる。ようやく我々は見つけたんだ。,avg_003_kalts_1#1$1
level_main_14-19_beg.json,14-21,それぞれの願う明日,main_14,62,内なる宇宙の中の時間は明らかに止まっている、しかしこの奇跡はいまだ成長して――,avg_003_kalts_1#1$1
level_main_14-19_beg.json,14-21,それぞれの願う明日,main_14,64,ひいては我々が踏んでいる「空」を突き破ろうとさえしている。,avg_003_kalts_1#1$1
level_main_14-19_beg.json,14-21,それぞれの願う明日,main_14,70,……,avg_003_kalts_1#1$1
level_main_14-19_beg.json,14-21,それぞれの願う明日,main_14,72,もし彼女が本当にこの場の制限を突破できるとすれば、それはつまり――,avg_003_kalts_1#1$1
level_main_14-19_beg.json,14-21,それぞれの願う明日,main_14,86,……,avg_003_kalts_1#1$1
level_main_14-19_beg.json,14-21,それぞれの願う明日,main_14,100,……,avg_003_kalts_1#1$1
level_main_14-19_beg.json,14-21,それぞれの願う明日,main_14,102,物理面での破壊ではこの場所を揺り動かすことは不可能だ。,avg_003_kalts_1#1$1
level_main_14-19_beg.json,14-21,それぞれの願う明日,main_14,104,ここは、そもそもテラの認知を超越した規則と不思議ともいえるほど膨大な情報が織りなす「制限」に他ならない。,avg_003_kalts_1#1$1
level_main_14-19_beg.json,14-21,それぞれの願う明日,main_14,106,挑戦も、変更も許されはしない。,avg_003_kalts_1#1$1
level_main_14-19_beg.json,14-21,それぞれの願う明日,main_14,112,……,avg_003_kalts_1#1$1
level_main_14-19_beg.json,14-21,それぞれの願う明日,main_14,120,W、身勝手な行動は慎め――,avg_003_kalts_1#1$1
level_main_14-19_beg.json,14-21,それぞれの願う明日,main_14,182,アーミヤ、レヴァナントとコミュニケーションは取れるか？,avg_003_kalts_1#1$1
level_main_14-19_beg.json,14-21,それぞれの願う明日,main_14,184,今最も真相に近い手がかりは、彼の身にあるかもしれない。,avg_003_kalts_1#1$1
level_main_14-19_beg.json,14-21,それぞれの願う明日,main_14,199,レヴァナント閣下、あなたがここに現れたのは偶然ではありませんね。,avg_003_kalts_1#1$1
level_main_14-19_beg.json,14-21,それぞれの願う明日,main_14,212,……,avg_003_kalts_1#1$1
level_main_14-19_beg.json,14-21,それぞれの願う明日,main_14,228,ドクター、今まで我々が経験してきたことを踏まえて、君ならこれが何を意味するかを理解できるだろう。,avg_003_kalts_1#1$1
level_main_14-19_beg.json,14-21,それぞれの願う明日,main_14,234,テレジアとテレシスが目論む未来は、この大地のあらゆる知識が関与できる権限をはるかに超えているんだ。,avg_003_kalts_1#1$1
level_main_14-19_beg.json,14-21,それぞれの願う明日,main_14,269,テレジアは、もう源石の中の情報を修正できるようになったのか？,avg_003_kalts_1#1$1
level_main_14-19_end.json,14-21,それぞれの願う明日,main_14,100,テレジアも「魔王」になる前は、サルカズにおいて千年に一人の類まれなる術師だった。,avg_003_kalts_1#5$1
level_main_14-19_end.json,14-21,それぞれの願う明日,main_14,102,ましてや、ここは彼女のテリトリーだ。,avg_003_kalts_1#5$1
level_main_14-19_end.json,14-21,それぞれの願う明日,main_14,104,これらの攻撃手段は……巫術でなければ、私のよく知る魔王の能力でもない。,avg_003_kalts_1#5$1
level_main_14-19_end.json,14-21,それぞれの願う明日,main_14,106,彼女は源石の中の情報を再構築し利用しているんだ。,avg_003_kalts_1#5$1
level_main_14-19_end.json,14-21,それぞれの願う明日,main_14,108,ドクター、彼女の動きをよく見ろ。アーミヤとWを助け、テレジアの攻撃に抗うんだ！,avg_003_kalts_1#7$1
level_main_14-19_end.json,14-21,それぞれの願う明日,main_14,150,通常の手段、ひいてはアーツでさえこの場所では意味がない。,avg_003_kalts_1#4$1
level_main_14-19_end.json,14-21,それぞれの願う明日,main_14,152,しかし今の彼女に勝てないわけではない、少なくとも――,avg_003_kalts_1#4$1
level_main_14-19_end.json,14-21,それぞれの願う明日,main_14,476,Dr.{@nickname}、君が何を思い出そうが、それ以上深入りするな。,avg_003_kalts_1#5$1
level_main_14-19_end.json,14-21,それぞれの願う明日,main_14,478,それは危険だ、非常に。,avg_003_kalts_1#5$1
level_main_14-19_end.json,14-21,それぞれの願う明日,main_14,480,これ以上その菱形を見つめてはいけない。それらに……君の存在に気づかせてはいけない。,avg_003_kalts_1#4$1
level_main_14-19_end.json,14-21,それぞれの願う明日,main_14,484,テレジア……,avg_003_kalts_1#5$1
level_main_14-19_end.json,14-21,それぞれの願う明日,main_14,486,君はやはりこの最も危険な一歩を踏み出したか。,avg_003_kalts_1#5$1
level_main_14-19_end.json,14-21,それぞれの願う明日,main_14,492,……それを確かめるために戻ったことがある。,avg_003_kalts_1#1$1
level_main_14-19_end.json,14-21,それぞれの願う明日,main_14,494,嵐が何度も発生したせいで、過度に活性化した源石があの一帯の地形を一新していた。,avg_003_kalts_1#2$1
level_main_14-19_end.json,14-21,それぞれの願う明日,main_14,496,出入り口の通路は源石クラスターに覆われ、我々の実験場が破壊されているか否かは確認できなかった。,avg_003_kalts_1#2$1
level_main_14-19_end.json,14-21,それぞれの願う明日,main_14,502,源石の内部……,avg_003_kalts_1#5$1
level_main_14-19_end.json,14-21,それぞれの願う明日,main_14,512,――！,avg_003_kalts_1#7$1
level_main_14-19_end.json,14-21,それぞれの願う明日,main_14,642,……彼女は成し遂げたんだ。,avg_003_kalts_1#7$1
level_main_14-19_end.json,14-21,それぞれの願う明日,main_14,644,テレジアは、源石を頼りに黒い王冠を模倣している。,avg_003_kalts_1#7$1
level_main_14-20_end.json,14-22,哀愁が綻びる時に,main_14,107,やはり一歩遅かったか。,avg_003_kalts_1#1$1
level_main_14-20_end.json,14-22,哀愁が綻びる時に,main_14,113,ドクター、気づいたか。,avg_003_kalts_1#1$1
level_main_14-20_end.json,14-22,哀愁が綻びる時に,main_14,115,この塔の果てがまだ見えるか？,avg_003_kalts_1#1$1
level_main_14-20_end.json,14-22,哀愁が綻びる時に,main_14,123,恐らく事態はこんな簡単には終わらないだろう。,avg_003_kalts_1#1$1
level_main_14-20_end.json,14-22,哀愁が綻びる時に,main_14,335,……,avg_003_kalts_1#1$1
level_main_14-20_end.json,14-22,哀愁が綻びる時に,main_14,341,行くといい、アーミヤ。,avg_003_kalts_1#1$1
level_main_14-20_end.json,14-22,哀愁が綻びる時に,main_14,343,彼女が完全に消えてしまう前に……君がいれば彼女も喜ぶだろう。,avg_003_kalts_1#1$1
level_main_14-20_end.json,14-22,哀愁が綻びる時に,main_14,345,たとえ彼女自身がそれを認めようとしなくとも。,avg_003_kalts_1#1$1
level_main_14-20_end.json,14-22,哀愁が綻びる時に,main_14,349,ドクター、我々はもうテレジアと立場が異なるものの、彼女が私ですら想像もできなかったことを成したのは認めざるを得ない。,avg_003_kalts_1#1$1
level_main_14-20_end.json,14-22,哀愁が綻びる時に,main_14,351,ドクター、今の君なら、たとえかつての記憶がなくとも、いくらか見当はついているのだろう。,avg_003_kalts_1#1$1
level_main_14-20_end.json,14-22,哀愁が綻びる時に,main_14,357,我々の任務はまだ終わっていないんだ。そうだな、テレジア。,avg_003_kalts_1#1$1
level_main_14-20_end.json,14-22,哀愁が綻びる時に,main_14,361,最初の源石を、君は彼に渡したのだろう？,avg_003_kalts_1#1$1
level_main_14-20_end.json,14-22,哀愁が綻びる時に,main_14,363,……テレジア、君が我々に残した難題は本当に――,avg_003_kalts_1#1$1
level_main_14-20_end.json,14-22,哀愁が綻びる時に,main_14,381,分かっている、我々の再会は、再度の別れだけを意味していることを……,avg_003_kalts_1#1$1
level_main_14-20_end.json,14-22,哀愁が綻びる時に,main_14,397,君は、いつもそうだ。,
level_main_14-20_end.json,14-22,哀愁が綻びる時に,main_14,401,……,
level_main_14-20_end.json,14-22,哀愁が綻びる時に,main_14,417,テレジア、君の言う「完全にこの大地から離れる」とは、源石の中にある君たちの情報が存在した痕跡までなくなるということか？,avg_003_kalts_1#1$1
level_main_14-20_end.json,14-22,哀愁が綻びる時に,main_14,693,ドクター、君は今何を見た？,avg_003_kalts_1#1$1
level_main_14-20_end.json,14-22,哀愁が綻びる時に,main_14,1086,いや、レヴァナントはそもそもサルカズの魂に受け入れられていない。,avg_003_kalts_1#1$1
level_main_14-20_end.json,14-22,哀愁が綻びる時に,main_14,1088,たとえ思考は集められたとしても、レヴァナントの本質を変えることはできない。結局のところ、源石の彼への影響は不可逆的だ。,avg_003_kalts_1#1$1
level_main_14-20_end.json,14-22,哀愁が綻びる時に,main_14,1090,彼がサルカズの魂と共に旅立つことは叶わぬ定めだ。,avg_003_kalts_1#1$1
level_main_14-20_end.json,14-22,哀愁が綻びる時に,main_14,1094,それは私の知り得るところではない。,avg_003_kalts_1#1$1
level_main_14-20_end.json,14-22,哀愁が綻びる時に,main_14,1129,それでは間に合わない。ここの変化の速度は想像以上だ。,avg_003_kalts_1#1$1
level_main_14-20_end.json,14-22,哀愁が綻びる時に,main_14,1141,ドクター、ここを去る原理について君に話すことはできない。その中に秘められたものは私ですら触れることができないしな。,avg_003_kalts_1#1$1
level_main_14-20_end.json,14-22,哀愁が綻びる時に,main_14,1143,だが私は信じている、テレジアはきっと君にその中の鍵について言及したはずだ。,avg_003_kalts_1#1$1
level_main_14-20_end.json,14-22,哀愁が綻びる時に,main_14,1200,我々が今いるこの場所は「落下」している。,avg_003_kalts_1#1$1
level_main_14-20_end.json,14-22,哀愁が綻びる時に,main_14,1202,「彼女」が……テレジアのしたことにようやく気づいたんだ。,avg_003_kalts_1#1$1
level_main_14-20_end.json,14-22,哀愁が綻びる時に,main_14,1204,この塔は抹消されつつある。これらの組み立てられた秩序立った情報が再びバラバラにされているんだ。,avg_003_kalts_1#1$1
level_main_14-20_end.json,14-22,哀愁が綻びる時に,main_14,1210,彼女が……サルカズの魂が抵抗しているんだ。,avg_003_kalts_1#1$1
level_main_14-20_end.json,14-22,哀愁が綻びる時に,main_14,1216,ドクター――,avg_003_kalts_1#1$1
level_main_15-01_end.json,15-2,この剣を執る者,main_15,137,アスカロンから送られた情報を分析したところ、テレシスが司令部を離れこちらに来ているのは確実だ。,avg_003_kalts_1#1$1
level_main_15-01_end.json,15-2,この剣を執る者,main_15,138,ネツァレムが最後の決戦の地を聖王会西部大広間に選んだのは、テレシスの行動に対する目くらましの考えもあってのことだろう。,avg_003_kalts_1#1$1
level_main_15-01_end.json,15-2,この剣を執る者,main_15,139,しかし現状から鑑みると、テレシスとテレジアは軍事委員会の他のメンバーに対して真の目的を隠していたようだ。,avg_003_kalts_1#1$1
level_main_15-01_end.json,15-2,この剣を執る者,main_15,140,そして名義上の軍事委員会指揮官であるマンフレッドもその中に含まれていた。,avg_003_kalts_1#1$1
level_main_15-01_end.json,15-2,この剣を執る者,main_15,158,テレジアの行いはすでに度を越していた。そうした状態で不用意にまた内なる宇宙に入るとなれば、必ずや取り返しのつかない結果に繋がるだろう。,avg_003_kalts_1#14$1
level_main_15-01_end.json,15-2,この剣を執る者,main_15,159,それがどのようなものであるにしろ、今のテラに受け止める準備ができていないのは確かだ。,avg_003_kalts_1#14$1
level_main_15-01_end.json,15-2,この剣を執る者,main_15,165,内なる宇宙において我々が経験した出来事から判断すると、テレジアはあの空間の規則の大部分を掌握していたはずだ。,avg_003_kalts_1#1$1
level_main_15-01_end.json,15-2,この剣を執る者,main_15,166,規則を解析し、秩序を再構築した上で、テレシスと協力して最初の源石を奪取することは……彼女の能力を考えれば、決して夢物語ではないだろう。,avg_003_kalts_1#1$1
level_main_15-01_end.json,15-2,この剣を執る者,main_15,169,最初の源石に関する、さらに踏み込んだ詳細な情報は私も知り得ない。当然有効な対応手段も提示することはできない。,avg_003_kalts_1#1$1
level_main_15-01_end.json,15-2,この剣を執る者,main_15,170,言い方を変えると、ここまで事態が発展した以上、もはや我々は過去の経験や知識によって先行きを判断することは難しい。,avg_003_kalts_1#1$1
level_main_15-01_end.json,15-2,この剣を執る者,main_15,179,いいや。もし彼らの計画が成功すれば、テレシスとテレジアの望みはやはり我々の認識の範囲内であり、事態が必ずしも最悪の結果に向かうとは限らない。,avg_003_kalts_1#1$1
level_main_15-01_end.json,15-2,この剣を執る者,main_15,181,だがもし彼らが失敗すれば……,avg_003_kalts_1#4$1
level_main_15-01_end.json,15-2,この剣を執る者,main_15,185,Dr.{@nickname}、我々は可能な限り急ぎロドス本艦に戻らねばならない。,avg_003_kalts_1#5$1
level_main_15-01_end.json,15-2,この剣を執る者,main_15,186,テラにひと時の猶予を稼ぐため、最後に試みる余地がまだあるかもしれない。,avg_003_kalts_1#5$1
level_main_15-01_end.json,15-2,この剣を執る者,main_15,218,――避けろ！,avg_npc_404_1#2$1
level_main_15-01_end.json,15-2,この剣を執る者,main_15,260,……,avg_003_kalts_1#2$1
level_main_15-01_end.json,15-2,この剣を執る者,main_15,278,少なくとも今現時点の私は、君たちの成功を喜んでいる。,avg_003_kalts_1#1$1
level_main_15-01_end.json,15-2,この剣を執る者,main_15,290,彼に何があったか判然としない。だが一つ確かなのは、内なる宇宙の無秩序な情報が、いまだ彼の意識を急速に蝕んでいるということだ――,avg_003_kalts_1#1$1
level_main_15-01_end.json,15-2,この剣を執る者,main_15,291,彼の物質的存在が別の種類の情報に完全に変換されるまで、浸蝕が止まることはないだろう。,avg_003_kalts_1#1$1
level_main_15-01_end.json,15-2,この剣を執る者,main_15,296,今なお生きて私たちの前に立っていることが、すでに私の想像を遥かに超えた奇跡だ。,avg_003_kalts_1#2$1
level_main_15-01_end.json,15-2,この剣を執る者,main_15,339,テレシスは今「アナンナ」に適応し、学習をしている最中だ。だが「アナンナ」との繋がりが深くなるほど、無秩序な情報の奔流が彼に与える衝撃も強くなるようだ。,avg_003_kalts_1#14$1
level_main_15-01_end.json,15-2,この剣を執る者,main_15,340,暴力的に権限を奪われた最初の源石は、創造された時の状態を保っているはずがない。我々にはまだチャンスがある。,avg_003_kalts_1#14$1
level_main_15-01_end.json,15-2,この剣を執る者,main_15,375,Mon3tr、私はいい。ドクターを守れ。,avg_003_kalts_1#5$1
level_main_15-01_end.json,15-2,この剣を執る者,main_15,376,ここにいる者の中で、「アナンナ」を止められる可能性があるのはドクターだけだ。,avg_003_kalts_1#5$1
level_main_15-01_end.json,15-2,この剣を執る者,main_15,380,私を信じろ。,avg_003_kalts_1#5$1
level_main_15-01_end.json,15-2,この剣を執る者,main_15,500,気をつけろ、もうそれらへ触れさせるな。,avg_003_kalts_1#6$1
level_main_15-01_end.json,15-2,この剣を執る者,main_15,536,――！,avg_003_kalts_1#4$1
level_main_15-01_end.json,15-2,この剣を執る者,main_15,542,もしもテレシスの話が嘘でないのならば、テラのために一息つけるチャンスを勝ち取ってくれたのかもしれない。,avg_003_kalts_1#5$1
level_main_15-01_end.json,15-2,この剣を執る者,main_15,543,いずれにせよ、我々はさらなる準備をする必要がある、ドクター。,avg_003_kalts_1#5$1
level_main_15-01_end.json,15-2,この剣を執る者,main_15,554,それに関しては、慎重に考えねばならない。,avg_003_kalts_1#5$1
level_main_15-01_end.json,15-2,この剣を執る者,main_15,563,そうなると我々には早急な議論が待たれる事項がたくさんあるな。だがここは相応しくない。,avg_003_kalts_1#14$1
level_main_15-01_end.json,15-2,この剣を執る者,main_15,564,まずは「アナンナ」でここを離れるとしよう。ドクター、試してみてくれ。,avg_003_kalts_1#14$1
level_main_15-01_end.json,15-2,この剣を執る者,main_15,582,十分だ。むやみに使用を続けるな。それの作用ともたらす恐れのある危害に関してはさらなる研究が必要だ。,avg_003_kalts_1#1$1
level_main_15-01_end.json,15-2,この剣を執る者,main_15,610,Mon3trが残って守れば十分だ。テレシスはもはや脅威ではない。,avg_003_kalts_1#1$1
level_main_15-01_end.json,15-2,この剣を執る者,main_15,611,外で待っているぞ。,avg_003_kalts_1#1$1
level_main_15-02_beg.json,15-3,奇跡とは,main_15,591,クロージャから、オペレーターの代わりに購買部がまとめて購入する提案をされたが、それについては却下しておいた。,avg_003_kalts_1#1$1
level_main_15-02_beg.json,15-3,奇跡とは,main_15,593,そうしたお楽しみは残しておいてやろう。購買部から後ほど経費申請の通知がされる。,avg_003_kalts_1#11$1
level_main_15-02_beg.json,15-3,奇跡とは,main_15,602,アーミヤも大変だな。,avg_003_kalts_1#1$1
level_main_15-02_beg.json,15-3,奇跡とは,main_15,603,フォリニック、今回のヴィクトリアでの任務は楽なものではない。,avg_003_kalts_1#1$1
level_main_15-02_beg.json,15-3,奇跡とは,main_15,604,複数の公爵領内にある事務所のデータ資料を回収する以外に、ナ・シアーシャとリードの状況にも注意を払う必要がある。,avg_003_kalts_1#1$1
level_main_15-02_beg.json,15-3,奇跡とは,main_15,605,できる限り各地の事務所と連携して、彼女が適切な支援を得られるように手配してほしい。,avg_003_kalts_1#1$1
level_main_15-02_beg.json,15-3,奇跡とは,main_15,611,ハイディには報告のための帰還を一時的に延期するよう知らせを出そう。ロンディニウム議会が外交ルートを回復した後、中核国家の情報も再度向こうに集まり始めた。,avg_003_kalts_1#1$1
level_main_15-02_beg.json,15-3,奇跡とは,main_15,612,ハイディがこれまでに築いた情報網は非常に重要であり、これも君を増援に手配した目的だ。,avg_003_kalts_1#1$1
level_main_15-02_beg.json,15-3,奇跡とは,main_15,616,フォリニック、肩の力を抜け。,avg_003_kalts_1#11$1
level_main_15-02_beg.json,15-3,奇跡とは,main_15,620,君は気を張るのが癖になっている。,avg_003_kalts_1#11$1
level_main_15-02_beg.json,15-3,奇跡とは,main_15,621,君の任務スケジュールを確認したが、あまりに詰め込み過ぎていたようなので、少し削っておいた。,avg_003_kalts_1#11$1
level_main_15-02_beg.json,15-3,奇跡とは,main_15,625,自分が恐れている物事を考えないようにすること、そして、それらの物事を無理にコントロールしようとしないことが重要だ。,avg_003_kalts_1#1$1
level_main_15-02_beg.json,15-3,奇跡とは,main_15,626,フォリニック、私はこれまで君から君の母親……あるいは私自身の姿を見出したいという類いの期待はしたことがない。,avg_003_kalts_1#1$1
level_main_15-02_beg.json,15-3,奇跡とは,main_15,627,苦痛を経験した人間に対して、憎しみや暴力を忘れろとすすめることに私は賛同しない。より良い時代の追求に必要なのは、決して放棄ではないからだ。,avg_003_kalts_1#1$1
level_main_15-02_beg.json,15-3,奇跡とは,main_15,628,しかし時には歩みを緩めることが必要だ、フォリニック。日々の暮らしをもっと自身の制御できる形で送らねばという焦りは、無為に自身を苦しめる感情にほかならない。,avg_003_kalts_1#1$1
level_main_15-02_beg.json,15-3,奇跡とは,main_15,629,ヴィクトリアへの道はまだまだ長いものだ。けれど、どうかこの部屋に入ったばかりの時の君の笑顔を忘れずにいてほしい。,avg_003_kalts_1#1$1
level_main_15-02_beg.json,15-3,奇跡とは,main_15,630,これが私から君への唯一の要求だ。,avg_003_kalts_1#1$1
level_main_15-02_beg.json,15-3,奇跡とは,main_15,647,レッド、隠れる必要はない。,avg_003_kalts_1#1$1
level_main_15-02_beg.json,15-3,奇跡とは,main_15,658,S.W.E.E.P.に出向命令を出すつもりはない。,avg_003_kalts_1#1$1
level_main_15-02_beg.json,15-3,奇跡とは,main_15,662,本艦に残って待機をしていればいい。アスカロンからすぐにでも命令が下りるぞ。,avg_003_kalts_1#1$1
level_main_15-02_beg.json,15-3,奇跡とは,main_15,666,ああ。とっくにいるだろう？,avg_003_kalts_1#11$1
level_main_15-03_end.json,15-4,深淵のほとり,main_15,147,本艦に存在するあらゆるリスクを取り除いた後、オペレーターたちがいつ元の持ち場に戻れるようになるかは君次第だ。,avg_003_kalts_1#1$1
level_main_15-03_end.json,15-4,深淵のほとり,main_15,148,全員揃ったのであれば、正式に会議を始めるとしよう。,avg_003_kalts_1#1$1
level_main_15-03_end.json,15-4,深淵のほとり,main_15,149,そうだ、今日の音声およびデータのバックアップはPRTSから削除しておくように。,avg_003_kalts_1#1$1
level_main_15-03_end.json,15-4,深淵のほとり,main_15,150,これより、我々が下す全ての決定がロドスの未来に関わる。,avg_003_kalts_1#1$1
level_main_15-03_end.json,15-4,深淵のほとり,main_15,151,ロドスの人員と資産の安全を確かな方法によって保障するには、必ず実行せねばならぬ決定があることは、既に全員が認めている。,avg_003_kalts_1#1$1
level_main_15-03_end.json,15-4,深淵のほとり,main_15,157,そうだ。「ロドス・アイランド」号の重要資産を可能な限り分離して本艦に駐留する人員を適切に配置する。,avg_003_kalts_1#1$1
level_main_15-03_end.json,15-4,深淵のほとり,main_15,158,そうすることで、船に留まる人員の懸念を減らせると同時に、皆が突発的な状況に対応する速度も向上する。,avg_003_kalts_1#1$1
level_main_15-03_end.json,15-4,深淵のほとり,main_15,165,近頃の数々の異常状態は、ある事実を示している。つまり――,avg_003_kalts_1#1$1
level_main_15-03_end.json,15-4,深淵のほとり,main_15,167,PRTSは暴走しつつあるというな。,avg_003_kalts_1#14$1
level_main_15-03_end.json,15-4,深淵のほとり,main_15,168,そして時が経つにつれて、暴走レベルはより深刻になりこそすれ、軽くなることはない。,avg_003_kalts_1#14$1
level_main_15-03_end.json,15-4,深淵のほとり,main_15,176,アーミヤ、その可能性は常に存在する。,avg_003_kalts_1#1$1
level_main_15-03_end.json,15-4,深淵のほとり,main_15,194,君は本艦の改築において現状すでに多大な貢献をしている。,avg_003_kalts_1#1$1
level_main_15-03_end.json,15-4,深淵のほとり,main_15,195,それぞれの核心エリアを接続する機械構造は、ここ五年の間でプレハブ式炭化水素材料にほぼ置き換えられているため、モジュール化による分解を一定程度サポートできる。,avg_003_kalts_1#1$1
level_main_15-03_end.json,15-4,深淵のほとり,main_15,201,下層甲板の動力エリアおよび最上甲板は現状分割が不能だ。,avg_003_kalts_1#1$1
level_main_15-03_end.json,15-4,深淵のほとり,main_15,202,「ロドス」号が最初に発掘された際、技術と情勢の制限を受け、完璧な状態に修復するには間に合わなかった。,avg_003_kalts_1#1$1
level_main_15-03_end.json,15-4,深淵のほとり,main_15,203,七年前にクロージャとロドス改造の図面を引いた時に、本艦全体のフレーム構造がすでに相当復旧が難しいことに気付いた。今の程度にまで至っただけでも並大抵のことではない。,avg_003_kalts_1#1$1
level_main_15-03_end.json,15-4,深淵のほとり,main_15,204,我々の各モジュールのうち、天災警報システムと医療センターは極めて重要なものだ。これらはいずれも今公開するには適さない技術に属し、移動も最も手を焼く。,avg_003_kalts_1#1$1
level_main_15-03_end.json,15-4,深淵のほとり,main_15,210,我々はライン生命と十二分に密接な協力関係にある。警報システムと医療センターを彼らに保管してもらうのは合理的な決定だろう。,avg_003_kalts_1#1$1
level_main_15-03_end.json,15-4,深淵のほとり,main_15,211,しかしマーク・マックスは長らくロドスに対して高い関心を寄せている。クルビアの大統領が我々両社の協力をどう見るかは予測できない。,avg_003_kalts_1#1$1
level_main_15-03_end.json,15-4,深淵のほとり,main_15,212,加えてトリマウンツの現情勢は依然として非常に複雑であり、ライン生命であっても自分の身を守れるかも怪しい状況だろう。,avg_003_kalts_1#1$1
level_main_15-03_end.json,15-4,深淵のほとり,main_15,213,一つリスクが高い考えがある。,avg_003_kalts_1#1$1
level_main_15-03_end.json,15-4,深淵のほとり,main_15,216,……冒険と言っていいが、合理的だ。,avg_003_kalts_1#1$1
level_main_15-03_end.json,15-4,深淵のほとり,main_15,217,クレメンティアとグレイディーアの個人的なルートを通せばエーギル政府と繋がりを確立する必要すらなく、この件を秘密裏に、かつ適切に解決できる。,avg_003_kalts_1#1$1
level_main_15-03_end.json,15-4,深淵のほとり,main_15,218,この方法を採った場合、副次的にエーギルと技術交流を行うことも可能だ。ワルファリンはきっと喜ぶだろう。,avg_003_kalts_1#1$1
level_main_15-03_end.json,15-4,深淵のほとり,main_15,219,ドクター、私はこの考えに従うべきだと思っている。,avg_003_kalts_1#1$1
level_main_15-03_end.json,15-4,深淵のほとり,main_15,222,ここ二年余りのロンディニウム議会の再建作業は極めて困難なものであったが、同時に彼らが得た成果にも目を見張るものがある。,avg_003_kalts_1#1$1
level_main_15-03_end.json,15-4,深淵のほとり,main_15,223,彼らは航路上の源石クラスターの大部分を取り除いただけでなく、都市内における薬と資源の安定供給も達成した。,avg_003_kalts_1#1$1
level_main_15-03_end.json,15-4,深淵のほとり,main_15,224,今のロンディニウムであれば、医療センターに安全な運営環境を提供できることは間違いない。加えて、その過程で症例の一次資料も大量に手に入る。,avg_003_kalts_1#1$1
level_main_15-03_end.json,15-4,深淵のほとり,main_15,225,だがこれは我々が再び政府レベルで議会と協力することを意味し、公爵が再度ヴィーナに多大な圧力をかけるのは間違いないだろう。,avg_003_kalts_1#1$1
level_main_15-03_end.json,15-4,深淵のほとり,main_15,226,それは、ようやく軌道に乗り始めたばかりのロンディニウムにとって決して良いことではない。,avg_003_kalts_1#1$1
level_main_15-03_end.json,15-4,深淵のほとり,main_15,227,ドクター、もう一つ冒険と言っていい考えがある。,avg_003_kalts_1#1$1
level_main_15-03_end.json,15-4,深淵のほとり,main_15,230,エーギルだ。現時点において総合的に判断すれば、これが最適な選択だろう。,avg_003_kalts_1#1$1
level_main_15-03_end.json,15-4,深淵のほとり,main_15,231,私自ら裁判所とエーギルの関係者に連絡を取り、我々の人員と資産を安全に移動させることができるよう手配する。,avg_003_kalts_1#1$1
level_main_15-03_end.json,15-4,深淵のほとり,main_15,232,我々の患者は、現在大部分が増援オペレーターと共に、各地の事務所の治療機関に一時的に滞在している。,avg_003_kalts_1#1$1
level_main_15-03_end.json,15-4,深淵のほとり,main_15,233,医療センターの運営さえ戻れば、残りの患者は全員エーギルに移動させることができる。,avg_003_kalts_1#1$1
level_main_15-03_end.json,15-4,深淵のほとり,main_15,247,かなり前に使われなくなった採掘艦をレム・ビリトンから購入し、ロドス名義で登録してある。,avg_003_kalts_1#1$1
level_main_15-03_end.json,15-4,深淵のほとり,main_15,248,本艦の採掘モジュールは合法的に新たな採掘艦に搭載し、レム・ビリトン領内で引き続き運用することが可能だ。,avg_003_kalts_1#1$1
level_main_15-03_end.json,15-4,深淵のほとり,main_15,249,また同時にマーケットへ新たな採掘モジュールを購入する旨の注文を出しておいた。,avg_003_kalts_1#1$1
level_main_15-03_end.json,15-4,深淵のほとり,main_15,269,ヌオバ・ウォルシーニに予備物資用の倉庫を併せて建設できる。,avg_003_kalts_1#1$1
level_main_15-03_end.json,15-4,深淵のほとり,main_15,270,ヌオバ・ウォルシーニの物流システムはこの一年で大きく変化し、港の貨物取扱量は驚くべきほどに成長している。,avg_003_kalts_1#1$1
level_main_15-03_end.json,15-4,深淵のほとり,main_15,271,シティホールの協力があれば、ロドスが保有する重要資産の輸送もより内密に行える。,avg_003_kalts_1#1$1
level_main_15-03_end.json,15-4,深淵のほとり,main_15,283,ここが我々の全ての行動の鍵だ。,avg_003_kalts_1#1$1
level_main_15-03_end.json,15-4,深淵のほとり,main_15,298,Abyss。,
level_main_15-03_end.json,15-4,深淵のほとり,main_15,304,以前に起動してから、すでに長い歳月が経っている。,
level_main_15-03_end.json,15-4,深淵のほとり,main_15,305,当時、あの重要な人物を連れ戻すためはこの場所に近付かざるを得ない状況であったが、それでも私は危険を冒してより深くに存在する封鎖されたエリアへ近付くことはできなかった。,
level_main_15-03_end.json,15-4,深淵のほとり,main_15,306,今、その中で一体どのような変化が起きているのかは、なおさら私にも確認しようがない。,
level_main_15-03_end.json,15-4,深淵のほとり,main_15,307,先ほど言ったように、PRTSの異常に何かしらの原因があるとすれば、Abyssが必ず関係している。,
level_main_15-03_end.json,15-4,深淵のほとり,main_15,308,Dr.{@nickname}、我々はこのエリアをどうすべきだと思う？,
level_main_15-03_end.json,15-4,深淵のほとり,main_15,316,私がドクターを連れていく。アーミヤ、クロージャ、君たちは周囲のエリアを片付け、外部から予想外の干渉が起きないようにしてくれ。,
level_main_15-03_end.json,15-4,深淵のほとり,main_15,317,Abyssを中心として、付近のエリアに隔離帯を設け、また本艦を中心とした一キロメートル以内にさらにもう一つの隔離帯を設けるんだ。,
level_main_15-03_end.json,15-4,深淵のほとり,main_15,318,船に残って待機するアスカロンとエリートオペレーターを除いた他の船員は、一時的に船を離れて万が一の場合の対処のため控えていてほしい。,
level_main_15-03_end.json,15-4,深淵のほとり,main_15,319,アーミヤ、君とクロージャも船を離れ、予期せぬ事態に対応できるよう常に予備プランの発動に備えておいてくれ。,
level_main_15-03_end.json,15-4,深淵のほとり,main_15,321,十五日だ。,
level_main_15-03_end.json,15-4,深淵のほとり,main_15,322,その間、君には全面的な身体データの収集とデータ比較に協力をしてもらう、Dr.{@nickname}。,
level_main_15-03_end.json,15-4,深淵のほとり,main_15,327,全ての始まりと、全ての終わりだ。,
level_main_15-03_end.json,15-4,深淵のほとり,main_15,337,……,avg_003_kalts_1#3$1
level_main_15-03_end.json,15-4,深淵のほとり,main_15,341,ああ。,avg_003_kalts_1#1$1
level_main_15-03_end.json,15-4,深淵のほとり,main_15,342,しかし準備が完全に整うまでは、Abyssの周囲で大まかな探索しかできない。,avg_003_kalts_1#1$1
level_main_15-03_end.json,15-4,深淵のほとり,main_15,358,これより先へは進めない。これ以上君がAbyssの核心エリアに近付けば、どのような予期せぬ変化を引き起こすかもわからない。,avg_003_kalts_1#1$1
level_main_15-03_end.json,15-4,深淵のほとり,main_15,359,ここは本当のAbyssからはまだ少し距離がある。私には、Abyssに通ずる道を開く権限もない。,avg_003_kalts_1#1$1
level_main_15-03_end.json,15-4,深淵のほとり,main_15,360,今も試みてはいるが、今のところ進展はごくわずかだ。,avg_003_kalts_1#1$1
level_main_15-03_end.json,15-4,深淵のほとり,main_15,366,……物理的に言えば、確かにそうだ。しかし、君の状況はより複雑だ。,avg_003_kalts_1#1$1
level_main_15-03_end.json,15-4,深淵のほとり,main_15,367,ここに来てみて、何か思い出せるか？,avg_003_kalts_1#1$1
level_main_15-03_end.json,15-4,深淵のほとり,main_15,374,ただ君の体が無事か確認したいだけだ。,avg_003_kalts_1#1$1
level_main_15-03_end.json,15-4,深淵のほとり,main_15,375,ロンディニウムからの撤退後、トリマウンツとミリアリウムにおける我々の行動は、いずれもこの大地の過去……君の過去に触れることを避けられなかった。,avg_003_kalts_1#1$1
level_main_15-03_end.json,15-4,深淵のほとり,main_15,400,ドクター、ずっと昔に私は君の決心を疑うことをやめた。でなければ、我々は今ここにいない。,avg_003_kalts_1#1$1
level_main_15-03_end.json,15-4,深淵のほとり,main_15,410,……,avg_003_kalts_1#5$1
level_main_15-03_end.json,15-4,深淵のほとり,main_15,411,それこそ、君がこの会話をアーミヤとクロージャに聞かれることを避けた原因だな。,avg_003_kalts_1#5$1
level_main_15-03_end.json,15-4,深淵のほとり,main_15,417,そうだ。しかし我々は遅かれ早かれ、そのための準備をせねばならない。,avg_003_kalts_1#1$1
level_main_15-03_end.json,15-4,深淵のほとり,main_15,418,アーミヤはまだ若いが、我々の経験全てが彼女を成熟したリーダーへと押し上げている。,avg_003_kalts_1#1$1
level_main_15-03_end.json,15-4,深淵のほとり,main_15,419,そしてクロージャの知識と技術は、いかなる時であっても信頼に値する。そのうえロドスに対して、彼女はより多くの責任を担ってもいる。,avg_003_kalts_1#1$1
level_main_15-03_end.json,15-4,深淵のほとり,main_15,420,彼女たちは君が信頼して頼るのに十分な存在で、君と長く同行し続ける仲間だ。,avg_003_kalts_1#1$1
level_main_15-03_end.json,15-4,深淵のほとり,main_15,434,我々が内なる宇宙にて経験したことそれ自体が疑問に満ちており、テレジアとテレシスが協力してあの最初の源石を奪い取ってからというもの……,avg_003_kalts_1#1$1
level_main_15-03_end.json,15-4,深淵のほとり,main_15,435,私は最悪の想定をずっと抱いている。,avg_003_kalts_1#1$1
level_main_15-03_end.json,15-4,深淵のほとり,main_15,437,あるいは「アナンナ」が降臨した瞬間にはもう、彼女は目覚めていたのかもしれない。,avg_003_kalts_1#2$1
level_main_15-03_end.json,15-4,深淵のほとり,main_15,447,完全に確認する術はない。,avg_003_kalts_1#1$1
level_main_15-03_end.json,15-4,深淵のほとり,main_15,448,テレシスは、私には知り得ない何らかの手段で、支配者と源石との繋がりを断ち切った可能性が高い。,avg_003_kalts_1#1$1
level_main_15-03_end.json,15-4,深淵のほとり,main_15,454,「遅らせた」は正確な表現ではないだろう。,avg_003_kalts_1#1$1
level_main_15-03_end.json,15-4,深淵のほとり,main_15,455,だが認めざるを得ない。テレシスたちは私が想像すらしなかった快挙を成し、彼らの行動が結果的に、我々のためにより多くの時間を稼いでくれたことをな。,avg_003_kalts_1#1$1
level_main_15-03_end.json,15-4,深淵のほとり,main_15,456,しかし、甘美な夢はいずれ覚める。,avg_003_kalts_1#1$1
level_main_15-03_end.json,15-4,深淵のほとり,main_15,462,そうだ。PRTSは今現在も稼働し続けており、そのコアサーバーと必要とするエネルギー源は常にAbyssの奥深くに保存されているのだからな。触れることも、分析することもできない。,avg_003_kalts_1#1$1
level_main_15-03_end.json,15-4,深淵のほとり,main_15,463,その内に存在する未知の空間と向き合うには、可能な限りの慎重さをもって事に当たる必要がある。,avg_003_kalts_1#1$1
level_main_15-03_end.json,15-4,深淵のほとり,main_15,464,Abyssに関しては、作戦に参加する全員に私が知っている全てを説明するつもりだ。,avg_003_kalts_1#1$1
level_main_15-03_end.json,15-4,深淵のほとり,main_15,470,いや……今の君にとって、どっちつかずの過去に触れることは一種の重荷だ。私もこうした負担を取り除く手助けはできない。,avg_003_kalts_1#1$1
level_main_15-03_end.json,15-4,深淵のほとり,main_15,471,アーミヤや他の者をできるだけ手伝ってやってくれ。Abyssの問題は私に任せてくれればいい。,avg_003_kalts_1#1$1
level_main_15-03_end.json,15-4,深淵のほとり,main_15,472,もしも、私を信じてくれるのであればだが。,avg_003_kalts_1#1$1
level_main_15-03_end.json,15-4,深淵のほとり,main_15,486,気遣いに感謝する、{@nickname}。,avg_003_kalts_1#1$1
level_main_15-03_end.json,15-4,深淵のほとり,main_15,487,……わかっている。,avg_003_kalts_1#1$1
level_main_15-03_end.json,15-4,深淵のほとり,main_15,504,……,
level_main_15-03_end.json,15-4,深淵のほとり,main_15,508,そうだ。,
level_main_15-03_end.json,15-4,深淵のほとり,main_15,509,技術プロファイルを検索してくれ。キーワードは「眠りの橋」だ。,
level_main_15-03_end.json,15-4,深淵のほとり,main_15,513,……,
level_main_15-03_end.json,15-4,深淵のほとり,main_15,514,いるか？,
level_main_15-03_end.json,15-4,深淵のほとり,main_15,520,わかっている。,
level_main_15-03_end.json,15-4,深淵のほとり,main_15,521,だが我々には答えが必要なんだ、「テレジア」……,
level_main_15-03_end.json,15-4,深淵のほとり,main_15,522,鉱石病の進行速度は今も加速しており、源石の脅威も日増しに深刻化している。ロドスはより有効的な手段でもってそれらに対応しなければならない。,
level_main_15-03_end.json,15-4,深淵のほとり,main_15,528,……,
level_main_15-03_end.json,15-4,深淵のほとり,main_15,535,……,
level_main_15-05_end.json,15-6,骨の髄に刻んで,main_15,25,不可能だ。この精密な機械は、エーギルの技術アカデミーが多大な心血を注いだ代物だからな。彼らほど傲慢な者たちが、他の研究者にリトル・ハンディを解析される可能性を残すはずがない。,avg_003_kalts_1#1$1
level_main_15-05_end.json,15-6,骨の髄に刻んで,main_15,26,しかし、リトル・ハンディを解析することはできずとも、この機械の出現自体が多くの問題を説明している。,avg_003_kalts_1#1$1
level_main_15-05_end.json,15-6,骨の髄に刻んで,main_15,27,ドクター、陸海共同防衛線を覚えているか？,avg_003_kalts_1#1$1
level_main_15-05_end.json,15-6,骨の髄に刻んで,main_15,33,イベリアとレム・ビリトンの政府はいずれも我々の呼びかけに応じた。しかし問題は一度協力が成立すると、その後の展開については我々の予想を超える可能性が極めて高いということだ。,avg_003_kalts_1#1$1
level_main_15-05_end.json,15-6,骨の髄に刻んで,main_15,34,最近ではエーギルの艦隊はイベリアに港を建設しただけでなく、レム・ビリトン南方の海岸線にも上陸港を建設した。,avg_003_kalts_1#1$1
level_main_15-05_end.json,15-6,骨の髄に刻んで,main_15,35,深海からやってきたエーギルは、陸へ上がることを急がず、まずは技術支援の名目で短期間で水路測量を含む一連の行動をとった。,avg_003_kalts_1#1$1
level_main_15-05_end.json,15-6,骨の髄に刻んで,main_15,36,彼らはさらに、雇用や公的機関との連携を通じて迅速に「陸巡隊」を設立し、より中立的な立場を持つ代理人を介して陸とうまく協力をしている。,avg_003_kalts_1#1$1
level_main_15-05_end.json,15-6,骨の髄に刻んで,main_15,42,あくまで推論と臆測にすぎない。しかし現時点で我々が保有する手がかりから考えた時に、対象となる相手の条件を満たしているのは「陸巡隊」だけだ。,avg_003_kalts_1#1$1
level_main_15-05_end.json,15-6,骨の髄に刻んで,main_15,46,いいや、エーギル内部の対立を利用している者がいると考えた方が妥当だろう。,avg_003_kalts_1#1$1
level_main_15-05_end.json,15-6,骨の髄に刻んで,main_15,47,イベリア国境近くの「陸巡隊」、レム・ビリトンに渡した採掘艦、カズデル国境の傭兵……,avg_003_kalts_1#1$1
level_main_15-05_end.json,15-6,骨の髄に刻んで,main_15,48,相手の行動が広範囲にわたること、またロドスの極秘任務の内容をかなり詳細に了解していることからも、首謀者が決してエーギルではないのは明らかだ。,avg_003_kalts_1#1$1
level_main_15-05_end.json,15-6,骨の髄に刻んで,main_15,56,ドクター、我々以外の誰かで、ロドスにこれを成せる者がいると思うか？,avg_003_kalts_1#1$1
level_main_15-05_end.json,15-6,骨の髄に刻んで,main_15,62,そうだ、いない。,avg_003_kalts_1#1$1
level_main_15-05_end.json,15-6,骨の髄に刻んで,main_15,74,その手段をとる場合のリスクは慎重に評価する必要がある、アーミヤ。,avg_003_kalts_1#14$1
level_main_15-05_end.json,15-6,骨の髄に刻んで,main_15,85,……状況が不透明な現時点において、私はアーミヤの提案よりも有効な手段を提示することはできない。,avg_003_kalts_1#1$1
level_main_15-05_end.json,15-6,骨の髄に刻んで,main_15,87,しかし、不用意に「文明の存続」へと踏み込むのであれば、その先にあるものは、必ずしも我々の望む結末であるとは限らない。,avg_003_kalts_1#1$1
level_main_15-05_end.json,15-6,骨の髄に刻んで,main_15,96,ドクター、君がそのように危険な行為に及ぶのは同意しかねる。,avg_003_kalts_1#5$1
level_main_15-05_end.json,15-6,骨の髄に刻んで,main_15,106,「文明の存続」を個人の思考に繋げることは可能だ。,avg_003_kalts_1#1$1
level_main_15-05_end.json,15-6,骨の髄に刻んで,main_15,108,彼女が以前、やったことがある。,avg_003_kalts_1#2$1
level_main_15-05_end.json,15-6,骨の髄に刻んで,main_15,116,ドクター、君の思考は極めて複雑だ。「文明の存続」を接続した際のリスクは君自身から生じるだけではない。アーミヤも同様に全く未知の衝撃に直面する可能性がある。,avg_003_kalts_1#5$1
level_main_15-05_end.json,15-6,骨の髄に刻んで,main_15,117,繰り返すが、そのような危険な行動に賛同はできない。,avg_003_kalts_1#5$1
level_main_15-05_end.json,15-6,骨の髄に刻んで,main_15,121,アーミヤ、これは私の意見だ。君とドクターが最終的に下す判断に干渉することはできないが、私が本件をどう捉えているかだけは理解してほしい。,avg_003_kalts_1#5$1
level_main_15-05_end.json,15-6,骨の髄に刻んで,main_15,162,心配してくれているのか？　私は怒っているわけではない。,avg_003_kalts_1#1$1
level_main_15-05_end.json,15-6,骨の髄に刻んで,main_15,163,結局のところ、我々は新たな転換点へとやってきたのだ。前回の転換点では、バベルは私の最も見たくなかった結末に向かってしまった。,avg_003_kalts_1#1$1
level_main_15-05_end.json,15-6,骨の髄に刻んで,main_15,164,全ての出来事を理想的な軌道の上に乗せることはできない。それは事実が証明しているんだ、Mon3tr。,avg_003_kalts_1#1$1
level_main_15-05_end.json,15-6,骨の髄に刻んで,main_15,169,我々の限界が、より重要な事柄において我々が持つ役割に影響を与え始めている。,avg_003_kalts_1#1$1
level_main_15-05_end.json,15-6,骨の髄に刻んで,main_15,170,星の海が荒野と化すまでの推移を見届けることができる我々であっても、本当の危機の前では、この大地の他の生命と同じ立場でしかない。,avg_003_kalts_1#1$1
level_main_15-05_end.json,15-6,骨の髄に刻んで,main_15,174,慰めてくれて感謝する。君の気持ちは受け取った。,avg_003_kalts_1#11$1
level_main_15-05_end.json,15-6,骨の髄に刻んで,main_15,178,その通りだ。きっとアーミヤとドクターはすでに「文明の存続」の奥深くへと入る準備をしている。,avg_003_kalts_1#1$1
level_main_15-05_end.json,15-6,骨の髄に刻んで,main_15,179,私はアーミヤの決定に強く干渉するつもりはない。彼女はすでに最も正しい判断を下せるほどに成長した。,avg_003_kalts_1#1$1
level_main_15-05_end.json,15-6,骨の髄に刻んで,main_15,180,ドクターは……ドクターも以前とは違う。,avg_003_kalts_1#1$1
level_main_15-05_end.json,15-6,骨の髄に刻んで,main_15,181,あるいは……私は心のどこかでまだ一縷の望みを捨てきれずにいるのかもしれない。あるいは、今回の結末は本当に異なるのかもしれない。,avg_003_kalts_1#1$1
level_main_15-05_end.json,15-6,骨の髄に刻んで,main_15,185,……確かにな、理性は依然として私に警告し続けている。,avg_003_kalts_1#1$1
level_main_15-05_end.json,15-6,骨の髄に刻んで,main_15,186,「文明の存続」の力を借りて再びドクターの思考に触れるという決断は、穏当とは程遠いものだ。しかしアーミヤは正しい。我々に残された選択の余地は多くない。,avg_003_kalts_1#1$1
level_main_15-05_end.json,15-6,骨の髄に刻んで,main_15,191,Mon3tr、私がドクターとアーミヤを守る。,avg_003_kalts_1#1$1
level_main_15-05_end.json,15-6,骨の髄に刻んで,main_15,220,違う、Mon3tr。私は絶望を感じているわけではない。,
level_main_15-05_end.json,15-6,骨の髄に刻んで,main_15,221,私は先民が神民の統治を覆したことに喜び、ルガサルグスが新たな文明に時間の起点を定めたことにも奮い立った。,
level_main_15-05_end.json,15-6,骨の髄に刻んで,main_15,222,かつて自分の傲慢さから過ちを犯したことがある。そして、友との出会いによって自信を取り戻したことも。,
level_main_15-05_end.json,15-6,骨の髄に刻んで,main_15,223,君と私の基礎的な構造は、この大地にとっては異質であるかもしれないが、それは我々の歩む果てに待つものが孤独であると決定付ける要素にはならない。,
level_main_15-05_end.json,15-6,骨の髄に刻んで,main_15,224,私は、自らの居場所を見つけたんだ。このロドスで、この大地で。,
level_main_15-05_end.json,15-6,骨の髄に刻んで,main_15,225,Mon3tr、私はあの人の期待に応えたんだ。今や私は愛することを学び、自分自身を見つけた。,
level_main_15-05_end.json,15-6,骨の髄に刻んで,main_15,228,私は、アーミヤとドクターを守らねばならない。,
level_main_15-05_end.json,15-6,骨の髄に刻んで,main_15,229,二人を、本当の変数を……私ですら完全には見通すことのできない未来を守る。,
level_main_15-05_end.json,15-6,骨の髄に刻んで,main_15,230,私もかつて「文明の存続」にアクセスをしたことはあるが、結局は自身の制限を突破することができなかった。,
level_main_15-05_end.json,15-6,骨の髄に刻んで,main_15,231,だがアーミヤであれば、それが可能だ。それは私もテレジアも理解していた。,
level_main_15-05_end.json,15-6,骨の髄に刻んで,main_15,232,彼女ならば、膨大で無秩序な情報の中から鍵となるものを見つけることができると確信している。テレジアの祝福を受けた彼女なら……きっと成し遂げられる。,
level_main_15-05_end.json,15-6,骨の髄に刻んで,main_15,233,何せ、彼女はアーミヤなのだ。私がこの目でずっと成長を見届けてきたリーダーだ。,
level_main_15-05_end.json,15-6,骨の髄に刻んで,main_15,234,私の過去の足跡をたどれば、アーミヤはあの人が残したわずかな言葉を見つけられるかもしれない。,
level_main_15-05_end.json,15-6,骨の髄に刻んで,main_15,235,源石がいまだ形を成していなかった頃、天才たちが時代そのものと論争を繰り広げたあの時代においても、命を讃え、救おうという意識から生まれる発想は決して途絶えることはなかった……,
level_main_15-05_end.json,15-6,骨の髄に刻んで,main_15,236,希望は、一度も途絶えたことはないんだ、Mon3tr。テラは依然僅かな可能性を存続させるチャンスがある――,
level_main_15-05_end.json,15-6,骨の髄に刻んで,main_15,239,私か？　いや、Mon3tr、私は記憶する能力の方が高い。かつてこの目で見届けながらも、時の流れの中で風化していった歴史は全て記憶している。,
level_main_15-05_end.json,15-6,骨の髄に刻んで,main_15,240,私は決して特別ではない。,
level_main_15-05_end.json,15-6,骨の髄に刻んで,main_15,242,もしも決して見たくない状況が本当に発生したら、会いたくないあの人が再び我々の前に立ったら――,
level_main_15-05_end.json,15-6,骨の髄に刻んで,main_15,243,ドクターを、アーミヤを守るんだ。,
level_main_15-05_end.json,15-6,骨の髄に刻んで,main_15,244,私はこの指令を、君の基本的な行動ポリシーに刻み込むだけだ。,
level_main_15-05_end.json,15-6,骨の髄に刻んで,main_15,246,さあ、Mon3tr、我々には目下のところ、果たすべき仕事が数多くある。,
level_main_15-05_end.json,15-6,骨の髄に刻んで,main_15,247,脅威が本当に訪れたなら、このロドスを、テラが危機に対抗するための最前線にせねばならない。,
level_main_15-05_end.json,15-6,骨の髄に刻んで,main_15,248,……私が、君たちの最後の保険になるだろう。,
level_main_15-08_end.json,15-9,減圧症,main_15,83,しかしながら、思考の変化状況は生体組織とは異なって容易く判別できるものではない。さらなる確認が必要だ。,avg_003_kalts_1#1$1
level_main_15-08_end.json,15-9,減圧症,main_15,84,おかえり、ドクター。,avg_003_kalts_1#1$1
level_main_15-08_end.json,15-9,減圧症,main_15,90,君たちが「文明の存続」に入っている間、予期せぬ事態が発生して私が処理をしていた。後ほど現在の状況を共有しよう。,avg_003_kalts_1#1$1
level_main_15-08_end.json,15-9,減圧症,main_15,96,目下の急務は、君が無事であるかを確認することだ。,avg_003_kalts_1#1$1
level_main_15-08_end.json,15-9,減圧症,main_15,97,黒い王冠を通じて思考共有を行うこと自体が極めて危険な行為だ。そのうえ、君たちは「境界」を越えるという過激な行動をとっただろう。,avg_003_kalts_1#1$1
level_main_15-08_end.json,15-9,減圧症,main_15,103,であれば、やはり君の思考が安定しているかそして、身体的健康は保たれているかの確認こそが私の今の最も重要な責任だ。,avg_003_kalts_1#1$1
level_main_15-08_end.json,15-9,減圧症,main_15,104,過去の過ちを再度起こすことを私は決して許さない。君の命の安全に影響を及ぼす危険が存在し続けることも当然認められない。,avg_003_kalts_1#1$1
level_main_15-08_end.json,15-9,減圧症,main_15,105,Dr.{@nickname}、ついてきてくれ。,avg_003_kalts_1#1$1
level_main_15-08_end.json,15-9,減圧症,main_15,111,アーミヤ、君も認知機能ベースラインテストを受ける必要がある。,avg_003_kalts_1#1$1
level_main_15-08_end.json,15-9,減圧症,main_15,112,だが、今はゆっくり休んでくれ。,avg_003_kalts_1#1$1
level_main_15-08_end.json,15-9,減圧症,main_15,120,それは私の段取りにはない。アーミヤの検査には君の検査が終わり次第、取り掛かる。,avg_003_kalts_1#1$1
level_main_15-08_end.json,15-9,減圧症,main_15,121,行こう。,avg_003_kalts_1#1$1
level_main_15-08_end.json,15-9,減圧症,main_15,142,医療部が開発した原型機で、元々は私とテレジアで設計し開発したものだ。,avg_003_kalts_1#1$1
level_main_15-08_end.json,15-9,減圧症,main_15,143,だが思考と認知に対する我々の研究には限りがあり、被験者の思考の安定性を測定するこの技術を正式に現場で使用することはなかった。,avg_003_kalts_1#1$1
level_main_15-08_end.json,15-9,減圧症,main_15,144,しかしドクター、今は状況が特殊だ。これ以外に有効な検査方法がない。,avg_003_kalts_1#1$1
level_main_15-08_end.json,15-9,減圧症,main_15,145,隣の隔離室に入ってくれ。楽にして、緊張する必要はない。私がテストしたが、身体にそれとわかる負担はなかった。,avg_003_kalts_1#1$1
level_main_15-08_end.json,15-9,減圧症,main_15,159,ない。私の指示に従ってくれ。まず機器の調整をする必要があるから、肩の力を抜いて私の指示を聞いてくれればいい。ただし、決してためらわないことだ。,
level_main_15-08_end.json,15-9,減圧症,main_15,160,ドクター、君の名前をもう一度教えてくれ。,
level_main_15-08_end.json,15-9,減圧症,main_15,165,よし、いいスタートだ。,
level_main_15-08_end.json,15-9,減圧症,main_15,167,緊張しなくていい。ただの調整だ。,
level_main_15-08_end.json,15-9,減圧症,main_15,169,私の後ろにある時計が見えるか？　心の中で時間を数え、できるだけ実際の時間と同期させるんだ。,
level_main_15-08_end.json,15-9,減圧症,main_15,173,これは現実の認知を強化するのに役立つ。すでに二十秒が経過したが、どこか不快感はあるか？,
level_main_15-08_end.json,15-9,減圧症,main_15,177,まずは調整を続けるとしよう。,
level_main_15-08_end.json,15-9,減圧症,main_15,178,今も思考の中でアーミヤの存在を感知できるか？,
level_main_15-08_end.json,15-9,減圧症,main_15,183,恐らく誤った切断による思考共有の名残だろう。,
level_main_15-08_end.json,15-9,減圧症,main_15,185,よし、この方法に慣れてきたな。,
level_main_15-08_end.json,15-9,減圧症,main_15,187,調整を続けよう。君はロドスの理念に同意しているか？,
level_main_15-08_end.json,15-9,減圧症,main_15,192,即答か。調整は間もなく終了する。,
level_main_15-08_end.json,15-9,減圧症,main_15,194,面白い回答だ。だがこれは嘘発見器ではない。それとも、より一層ドラマチックな結果を期待しているのか、Dr.{@nickname}？,
level_main_15-08_end.json,15-9,減圧症,main_15,196,続けるとしよう。ドクター、君は思考の境界で彼女を見た。,
level_main_15-08_end.json,15-9,減圧症,main_15,201,驚くことではないが、想像していたよりも冷静だな。,
level_main_15-08_end.json,15-9,減圧症,main_15,203,私に隠す必要はない、ドクター。無条件に信じてくれて構わない。,
level_main_15-08_end.json,15-9,減圧症,main_15,205,最後の調整だ。ドクター、君によく似たあの人物に対して疑問を抱いたか？,
level_main_15-08_end.json,15-9,減圧症,main_15,210,当然の感情だ。しかし、いかなる方法や立場でもってしても疑問に答えてやることはできない。君はいずれ自分で答えを見つけるだろう。,
level_main_15-08_end.json,15-9,減圧症,main_15,211,あるいは、すでに君には主観的な推測があるのかもしれないな。これに関して私に干渉する権利はないが、君がロドスの利益を損なうことはないと信じている。,
level_main_15-08_end.json,15-9,減圧症,main_15,213,どうやら、君はすでに確信に近い推測があるようだ。私はそれに対して何の意見もするつもりはない。,
level_main_15-08_end.json,15-9,減圧症,main_15,215,終了だ、ドクター。,
level_main_15-08_end.json,15-9,減圧症,main_15,216,認知機能ベースラインテストの結果、君の思考の安定性は依然として概ね安全な閾値内にあることを示している。残りは副次的なプロセスだけだ。,
level_main_15-08_end.json,15-9,減圧症,main_15,220,より正確なデータを得るために講じた必要な手段だ。,
level_main_15-08_end.json,15-9,減圧症,main_15,221,君の能力であれば、私の考えをより微細に捉え、偽装することもできただろう。,
level_main_15-08_end.json,15-9,減圧症,main_15,222,君がこの原型機を騙そうと思うのなら、それは決して難しいことではない。,
level_main_15-08_end.json,15-9,減圧症,main_15,226,Dr.{@nickname}、残りの検査は間もなく自動的に終わる。私には君の疑問に答える時間がある。,
level_main_15-08_end.json,15-9,減圧症,main_15,227,しかし申し訳ないが、一部の質問に対しては君に答えを与えることはできない。このことに関しては、君もすでに明確に認識しているはずだ。,
level_main_15-08_end.json,15-9,減圧症,main_15,232,もしこの船のことを言っているのであれば、この船が存在した時間は、私がこれまで経てきた歴史よりも長い。,
level_main_15-08_end.json,15-9,減圧症,main_15,233,ある意味において、この船は希望を担っており、またそのために比類なく完璧な安全防護設計を備え、この大地における我々のあらゆる行動をサポートし得る。,
level_main_15-08_end.json,15-9,減圧症,main_15,234,この船が数々の過酷な災いを無事に乗り越えて、いまだに核となる構造を保っているのも、最初の設計によるものだ。,
level_main_15-08_end.json,15-9,減圧症,main_15,235,ドクター、この船には未だ我々の引き出し切れていない潜在能力がある。,
level_main_15-08_end.json,15-9,減圧症,main_15,236,だが、ロドスを完全に開発することについて、私が依然として極めて慎重な態度を保っている。これは認めざるを得ない。,
level_main_15-08_end.json,15-9,減圧症,main_15,238,境界に残した手がかりのことを言っているのか？　あれらの手がかりを解くのが君たちになる保証はなかった。,
level_main_15-08_end.json,15-9,減圧症,main_15,239,それに、私は発生していないことを予測する能力を備えているわけではない。あのような用意をしたのには別の理由がある……,
level_main_15-08_end.json,15-9,減圧症,main_15,240,私の尊敬する人物が、未来に起こり得る数々の出来事を演算していた。私がその人物の言葉を忘れることはない。,
level_main_15-08_end.json,15-9,減圧症,main_15,241,知らず知らずの内に、私もその影響を受けているのかもしれない。,
level_main_15-08_end.json,15-9,減圧症,main_15,249,……,
level_main_15-08_end.json,15-9,減圧症,main_15,253,検査を受けているのは私ではない――,
level_main_15-08_end.json,15-9,減圧症,main_15,257,なぜそんな目で見てくる、Dr.{@nickname}？,
level_main_15-08_end.json,15-9,減圧症,main_15,261,それに関しては、今もそうだ。君が信頼に足る人物であるという証明はされた。,
level_main_15-08_end.json,15-9,減圧症,main_15,262,Dr.{@nickname}、君が境界で何を目撃したにせよ、それはすでに失われた過去にすぎない。,
level_main_15-08_end.json,15-9,減圧症,main_15,263,君とロドスはいまだに正しい道を歩んでいる、それだけで十分だ。君と私との関係については、私たちの双方が主観的に決定する権利を持っている。,
level_main_15-08_end.json,15-9,減圧症,main_15,264,私の君に対する考えを気にする必要はない。過去そうであったように、現在そうであるように、未来も変わらず。もちろん、我々の協力関係を君がどう考えているかも尊重している――,
level_main_15-08_end.json,15-9,減圧症,main_15,283,……,
level_main_15-08_end.json,15-9,減圧症,main_15,287,その言葉は「祝福」、そして「贈る」を意味する。,
level_main_15-08_end.json,15-9,減圧症,main_15,340,アーミヤ、我々はすぐにでも君たちが持ち帰った公式の分析に着手すべきだ。,avg_003_kalts_1#1$1
level_main_15-08_end.json,15-9,減圧症,main_15,341,以前も話した通り、PRTSには依然として異常が発生している。そのため短期間の間にさらなる予想外の出来事が起きる可能性は十分考えられる。,avg_003_kalts_1#1$1
level_main_15-08_end.json,15-9,減圧症,main_15,347,クロージャが試みているが、期待はできない。,avg_003_kalts_1#1$1
level_main_15-08_end.json,15-9,減圧症,main_15,348,すでに任務に先立って予備の指揮システムの配備は始めているが、全ての設備と個人に共有させるには時間が必要だ。,avg_003_kalts_1#1$1
level_main_15-08_end.json,15-9,減圧症,main_15,349,それと、君たちが境界から持ち帰った情報については、私が解読に協力できる。,avg_003_kalts_1#1$1
level_main_15-08_end.json,15-9,減圧症,main_15,353,それに答えるためには、完全な公式を見る必要がある。,avg_003_kalts_1#1$1
level_main_15-08_end.json,15-9,減圧症,main_15,360,前後のロジックから、ここの曖昧な部分が推測できる。私が埋めよう。,avg_003_kalts_1#1$1
level_main_15-08_end.json,15-9,減圧症,main_15,361,この部分はおおよそ正しいが、文字の細かい箇所に誤りがある。正しくは、恐らくこうだろう。,avg_003_kalts_1#1$1
level_main_15-08_end.json,15-9,減圧症,main_15,370,恐らくこれでいいだろう。,avg_003_kalts_1#1$1
level_main_15-08_end.json,15-9,減圧症,main_15,377,これは未だ正式な命名がなされていないモデルであり、その起源は「眠りの橋」という名のプロジェクトにまで遡ることができる――,avg_003_kalts_1#1$1
level_main_15-08_end.json,15-9,減圧症,main_15,378,自律変換可能なモデルを利用して、起こり得る全ての現実と物質界の有機生命を単一の「メタ現実」に融合するという、極めて冒険的なプロジェクトだった。,avg_003_kalts_1#1$1
level_main_15-08_end.json,15-9,減圧症,main_15,379,最終的な結果は芳しいものではなかったが、このプロジェクトに含まれる物質データ化に関する実験は、その後の一連の研究群に示唆を与えた。このモデルはそのうちの一つだ。,avg_003_kalts_1#1$1
level_main_15-08_end.json,15-9,減圧症,main_15,380,特殊媒体の伝送時におけるメタ情報のロスを減らし、データ送信の効率を向上させることに関して、このモデルの貢献は目を見張るものがあった。,avg_003_kalts_1#1$1
level_main_15-08_end.json,15-9,減圧症,main_15,386,Dr.{@nickname}、肝心なところに気付いたな。,avg_003_kalts_1#1$1
level_main_15-08_end.json,15-9,減圧症,main_15,387,源石はまさに情報収集のための媒質だ。使命を果たすまで、情報を再編集し、成長し続けることができる。,avg_003_kalts_1#1$1
level_main_15-08_end.json,15-9,減圧症,main_15,388,したがって源石がこのモデルを採用している可能性は極めて高い。これを適切に用いれば、源石研究と鉱石病治療は新たな段階へと進めるだろう。,avg_003_kalts_1#1$1
level_main_15-08_end.json,15-9,減圧症,main_15,389,この資料は翻訳し、極秘のものとして保存する。,avg_003_kalts_1#1$1
level_main_15-08_end.json,15-9,減圧症,main_15,390,だが危険性と用途を完全に解明するまでは、現実に存在する設計図や情報記憶媒体にこのモデルの存在が記されることはあってはならない。,avg_003_kalts_1#1$1
level_main_15-08_end.json,15-9,減圧症,main_15,404,外部デバイスを用いることで源石に富んだ環境下でのエリートオペレーターの適応力と戦闘力とを大幅に向上させる。過激な発想であり、難易度も高い。,avg_003_kalts_1#1$1
level_main_15-08_end.json,15-9,減圧症,main_15,405,現在用いられているものは、二年前に実用化されたもので、最適化できる限界でもある。,avg_003_kalts_1#1$1
level_main_15-08_end.json,15-9,減圧症,main_15,411,これが良い機会であるのは間違いない。少なくとも源石がもたらす脅威への対処において、エリートオペレーターたちには更なる余裕が生まれるだろう。,avg_003_kalts_1#1$1
level_main_15-08_end.json,15-9,減圧症,main_15,412,ドクター、公式の翻訳には君の協力が必要だ。,avg_003_kalts_1#1$1
level_main_15-08_end.json,15-9,減圧症,main_15,452,絶対的な安全を確保できる前提の下で、テストを完了するのに適した人物がいる。,avg_003_kalts_1#1$1
level_main_15-08_end.json,15-9,減圧症,main_15,488,私とドクターが最短時間で翻訳を完了させ、効果的な技術設計図を製作することが全ての前提となるが……,avg_003_kalts_1#1$1
level_main_15-08_end.json,15-9,減圧症,main_15,494,余裕はない。,avg_003_kalts_1#1$1
level_main_15-08_end.json,15-9,減圧症,main_15,495,この技術の実現における重要なポイントのほとんどが、我々には再現不能だ。,avg_003_kalts_1#1$1
level_main_15-10_end.json,15-11,長き夢からの目覚め,main_15,306,変事は我々の想定よりも早く発生した。ロドスはまだ対処する準備ができていない。,avg_003_kalts_1#1$1
level_main_15-10_end.json,15-11,長き夢からの目覚め,main_15,307,とはいえ彼女に直面するのであれば、どのような準備をしたところで決して万全とは言えないだろうがな。,avg_003_kalts_1#1$1
level_main_15-10_end.json,15-11,長き夢からの目覚め,main_15,311,しかし、彼女の方にも何かしらの問題が発生していることは明らかだ。そうでなければ、このように非効率的な手段を用いるはずがない。,avg_003_kalts_1#14$1
level_main_15-10_end.json,15-11,長き夢からの目覚め,main_15,312,今が恐らく我々が優位に立てる最後の機会だろう。,avg_003_kalts_1#14$1
level_main_15-10_end.json,15-11,長き夢からの目覚め,main_15,321,Mon3tr、通路を一つ突破するだけでいい。戦いにはこだわるな。,avg_npc_1727_1#1$1
level_main_15-10_end.json,15-11,長き夢からの目覚め,main_15,322,一刻を争う状況だ、急がねばならない。,avg_npc_1727_1#1$1
level_main_15-10_end.json,15-11,長き夢からの目覚め,main_15,334,Mon3tr、何者も石棺に近付かせるな。私のために時間を稼いでくれ。,avg_003_kalts_1#14$1
level_main_15-10_end.json,15-11,長き夢からの目覚め,main_15,343,私の行動が必ず機能するという保証はできない、Mon3tr。,avg_003_kalts_1#5$1
level_main_15-10_end.json,15-11,長き夢からの目覚め,main_15,344,しかし、僅かな可能性が手の中から零れ落ちていくのを黙って見ているつもりはない。,avg_003_kalts_1#5$1
level_main_15-10_end.json,15-11,長き夢からの目覚め,main_15,355,これは彼女が遺した贈り物だ。あの時の彼女は、これが「神」から盗み取った火種であることをまだ知らなかった。,
level_main_15-10_end.json,15-11,長き夢からの目覚め,main_15,356,……我々は、必ずより高次の存在に挑まねばならないんだ。そうすることでしか、生存する権利を自分の手に握ることはできない。,
level_main_15-10_end.json,15-11,長き夢からの目覚め,main_15,358,Mon3tr、もし何か予期せぬことが発生した場合、今後は君が自分で行動ポリシーを決定する必要がある。,
level_main_15-11_beg.json,15-12,神々の死を見届けし荒野,main_15,333,クロージャ、君のメッセージは受け取った。,
level_main_15-11_beg.json,15-12,神々の死を見届けし荒野,main_15,334,PRTSは、現在全てのアクセス要求を完全に拒否している。我々は管理権限を失い、PRTSを取り戻すことはできないことを確認した。,
level_main_15-11_beg.json,15-12,神々の死を見届けし荒野,main_15,348,わかっている。ロドスのために最後の可能性を勝ち取ろうとしているところだ。,
level_main_15-11_beg.json,15-12,神々の死を見届けし荒野,main_15,350,クロージャ、ドクターとアーミヤに警告をしてくれ――,
level_main_15-11_beg.json,15-12,神々の死を見届けし荒野,main_15,351,彼女が間もなく目覚める。,
level_main_15-12_end.json,15-13,あなたの目となって,main_15,34,石棺内に私の身元データがある？,avg_003_kalts_1#14$1
level_main_15-12_end.json,15-13,あなたの目となって,main_15,35,急いでPRTSのコアデータベースに接続せねば。,avg_003_kalts_1#14$1
level_main_15-12_end.json,15-13,あなたの目となって,main_15,68,――！？,avg_003_kalts_1#5$1
level_main_15-12_end.json,15-13,あなたの目となって,main_15,89,（未知の言語）Dr.{@nickname}……,avg_003_kalts_1#4$1
level_main_15-12_end.json,15-13,あなたの目となって,main_15,93,（未知の言語）今のテラの未来は……まだ確定していない。,avg_003_kalts_1#4$1
level_main_15-12_end.json,15-13,あなたの目となって,main_15,94,（未知の言語）Dr.{@nickname}、また君に会えるとは思っていなかった――,avg_003_kalts_1#4$1
level_main_15-12_end.json,15-13,あなたの目となって,main_15,99,……,avg_003_kalts_1#8$1
level_main_15-12_end.json,15-13,あなたの目となって,main_15,103,（未知の言語）……なぜこんなものを残した？,avg_003_kalts_1#4$1
level_main_15-12_end.json,15-13,あなたの目となって,main_15,113,（未知の言語）助けてはくれないのか？,avg_003_kalts_1#4$1
level_main_15-12_end.json,15-13,あなたの目となって,main_15,118,（未知の言語）Dr.{@nickname}、私は庇護を求めて来たわけではない。だが危険が差し迫っているのは確かだ。,avg_003_kalts_1#4$1
level_main_15-12_end.json,15-13,あなたの目となって,main_15,119,（未知の言語）PRTSを奪還せねばならない。私には君の協力が必要だ。,avg_003_kalts_1#4$1
level_main_15-12_end.json,15-13,あなたの目となって,main_15,124,（未知の言語）……抜け道は一つもないのか？,avg_003_kalts_1#5$1
level_main_15-12_end.json,15-13,あなたの目となって,main_15,129,……,avg_003_kalts_1#5$1
level_main_15-12_end.json,15-13,あなたの目となって,main_15,137,（未知の言語）それは逡巡するに値することか？,avg_003_kalts_1#1$1
level_main_15-12_end.json,15-13,あなたの目となって,main_15,144,（未知の言語）ああ。,avg_003_kalts_1#2$1
level_main_15-12_end.json,15-13,あなたの目となって,main_15,171,……,avg_003_kalts_1#5$1
level_main_15-12_end.json,15-13,あなたの目となって,main_15,202,……Dr.{@nickname}……この使命は枷ではない。,
level_main_15-12_end.json,15-13,あなたの目となって,main_15,203,これはとうに私自身の選択だ。,
level_main_15-12_end.json,15-13,あなたの目となって,main_15,235,――Mon3tr、今後我々が何に遭遇するかはわからない。,
level_main_15-12_end.json,15-13,あなたの目となって,main_15,236,彼女と対面する前、これが唯一君のためにしてやれることだ――,
level_main_15-12_end.json,15-13,あなたの目となって,main_15,237,あとは、君が一人で進んでいかねばならない。,
level_main_15-12_end.json,15-13,あなたの目となって,main_15,255,私の目標はテラの遥か遠くの彼方ではない。彼女はここにいる。,
level_main_15-12_end.json,15-13,あなたの目となって,main_15,256,私のすぐそばに。,
level_main_15-12_end.json,15-13,あなたの目となって,main_15,277,見つけたぞ。,avg_003_kalts_1#6$1
level_main_15-12_end.json,15-13,あなたの目となって,main_15,300,私はケルシーだ。,avg_003_kalts_1#6$1
level_main_15-12_end.json,15-13,あなたの目となって,main_15,309,だったら何だ――,avg_003_kalts_1#6$1
level_main_15-12_end.json,15-13,あなたの目となって,main_15,311,（未知の言語）プリースティス。,avg_003_kalts_1#7$1
level_main_15-12_end.json,15-13,あなたの目となって,main_15,324,そうか？,avg_003_kalts_1#11$1
level_main_15-12_end.json,15-13,あなたの目となって,main_15,325,私はすでに一人で戦う必要はない。,avg_003_kalts_1#11$1
level_main_15-12_end.json,15-13,あなたの目となって,main_15,332,Raidian、今なら君が見える。,
level_main_15-12_end.json,15-13,あなたの目となって,main_15,333,今、私はPRTSの制御権を奪っているところだ。猶予はそれほどない。,
level_main_15-12_end.json,15-13,あなたの目となって,main_15,334,私の信号を追跡しろ。,
level_main_15-12_end.json,15-13,あなたの目となって,main_15,335,私が君たちの目になる。,
level_main_15-14_end.json,15-15,哀悼を拒んで,main_15,347,私を気にかける必要はない……,avg_003_kalts_1#4$1
level_main_15-14_end.json,15-15,哀悼を拒んで,main_15,349,石棺を通じてPRTSに介入することは困難だった。だが思いがけずある贈り物を受け取った。,avg_003_kalts_1#1$1
level_main_15-14_end.json,15-15,哀悼を拒んで,main_15,350,PRTSとプリースティスに関するさらなる情報を、すぐに君たちに共有する。,avg_003_kalts_1#1$1
level_main_15-14_end.json,15-15,哀悼を拒んで,main_15,355,恐れることはない、Mon3tr。私はまだ君の前に立っている。,avg_003_kalts_1#11$1
level_main_15-14_end.json,15-15,哀悼を拒んで,main_15,356,君を置いていきはしない。,avg_003_kalts_1#11$1
level_main_15-14_end.json,15-15,哀悼を拒んで,main_15,360,Dr.{@nickname}、Abyssに通じる道はすでに見つけた。,avg_003_kalts_1#5$1
level_main_15-14_end.json,15-15,哀悼を拒んで,main_15,361,この混乱を終わりにしよう。,avg_003_kalts_1#5$1
level_main_15-14_end.json,15-15,哀悼を拒んで,main_15,362,ここは干渉が非常に強い。Abyssのかなり近くまで来ている。,avg_003_kalts_1#5$1
level_main_15-14_end.json,15-15,哀悼を拒んで,main_15,366,この距離ならば、Abyssの位置ははっきりと推測できる。,avg_003_kalts_1#1$1
level_main_15-14_end.json,15-15,哀悼を拒んで,main_15,387,……今回は、本当に違う結末になるかもしれないな。,avg_003_kalts_1#2$1
level_main_15-14_end.json,15-15,哀悼を拒んで,main_15,389,石棺を通じて一部の権限を残しておいた。私が道を開こう。,avg_003_kalts_1#5$1
level_main_15-14_end.json,15-15,哀悼を拒んで,main_15,449,Mon3tr、ドクターを守れ。,avg_003_kalts_1#5$1
level_main_15-14_end.json,15-15,哀悼を拒んで,main_15,450,今後全ての行動はドクターの状況を鑑みて独自に判断していい。未知の敵の脅威からドクターを守るんだ……,avg_003_kalts_1#5$1
level_main_15-14_end.json,15-15,哀悼を拒んで,main_15,451,またドクター自身に何か異常が起こった場合にも、君はドクターを止める必要がある。,avg_003_kalts_1#5$1
level_main_15-14_end.json,15-15,哀悼を拒んで,main_15,456,アーミヤ、Dr.{@nickname}の状態に常に気を払っておいてくれ。,avg_003_kalts_1#5$1
level_main_15-14_end.json,15-15,哀悼を拒んで,main_15,457,ひとたびAbyssに入れば、現実に対する我々のあらゆる認識に衝撃が与えられる恐れがある。,avg_003_kalts_1#5$1
level_main_15-14_end.json,15-15,哀悼を拒んで,main_15,458,常に危険と隣り合わせであるが、君とドクターの安全が最優先事項だ。最終的な脅威に対応できるのは、君たちだけなのだから。,avg_003_kalts_1#5$1
level_main_15-14_end.json,15-15,哀悼を拒んで,main_15,466,君の本心を信じていればいい。,avg_003_kalts_1#1$1
level_main_15-14_end.json,15-15,哀悼を拒んで,main_15,467,Dr.{@nickname}、この局面がこんなにも早く訪れるとは思っていなかった。,avg_003_kalts_1#1$1
level_main_15-14_end.json,15-15,哀悼を拒んで,main_15,469,しかし内なる宇宙とトリマウンツでの経験で、私は多くのことを考え直した。君はすでに別の可能性を見せてくれたからだ。,avg_003_kalts_1#2$1
level_main_15-14_end.json,15-15,哀悼を拒んで,main_15,471,これから起こる全てが君にとって、私にとって、またロドスの全員にとって未知数だ。,avg_003_kalts_1#1$1
level_main_15-14_end.json,15-15,哀悼を拒んで,main_15,472,だから、Dr.{@nickname}、教えてくれ――,avg_003_kalts_1#1$1
level_main_15-14_end.json,15-15,哀悼を拒んで,main_15,473,直面するであろう危険に対して、君にはまだ躊躇いがあるか？,avg_003_kalts_1#1$1
level_main_15-14_end.json,15-15,哀悼を拒んで,main_15,511,Abyssを開くためのプログラムはすでにアクティベートし、船室を起動するために必要なエネルギーも準備は整っている。,avg_003_kalts_1#1$1
level_main_15-14_end.json,15-15,哀悼を拒んで,main_15,512,しかし私はAbyssに入るための完全な権限を持ち合わせていない。,avg_003_kalts_1#1$1
level_main_15-14_end.json,15-15,哀悼を拒んで,main_15,517,（首を横に振る）,avg_003_kalts_1#2$1
level_main_15-14_end.json,15-15,哀悼を拒んで,main_15,519,Abyssの秘匿性と安全性はテラ全体においても最高レベルだと言える。現状ここを開くことのできる権限を持つのは一人だけだ。,avg_003_kalts_1#1$1
level_main_15-14_end.json,15-15,哀悼を拒んで,main_15,528,十七年前、ようやく「ロドス・アイランド」号を見つけた時、そのほとんどの構造が長い歳月の中で侵食により破壊されていた。,avg_003_kalts_1#1$1
level_main_15-14_end.json,15-15,哀悼を拒んで,main_15,529,唯一コアに位置するAbyssとその周囲のエリアのみが完璧なまま保たれていた。,avg_003_kalts_1#1$1
level_main_15-14_end.json,15-15,哀悼を拒んで,main_15,530,Abyssの中の未知のエネルギーによって、PRTSは止まることなく稼働し続け、その後我々が頼りとする指揮システムの根底たるフレームワークとなった。,avg_003_kalts_1#1$1
level_main_15-14_end.json,15-15,哀悼を拒んで,main_15,532,しかしAbyssは誰にも開かれたことがなく、今ではもう……万年を超える。,avg_003_kalts_1#2$1
level_main_15-14_end.json,15-15,哀悼を拒んで,main_15,541,三年前、「アナンナ」が完全に降臨して以来、危機が訪れる速度はすでに予想を超えていると私は悟った。,
level_main_15-14_end.json,15-15,哀悼を拒んで,main_15,542,あの混乱は我々の多くが身をもって体験した。あの時に感じた遺憾と悲痛が、あの出来事を今も記憶を新しいものとしている。,
level_main_15-14_end.json,15-15,哀悼を拒んで,main_15,546,ここ三年、我々は本艦の防御を強化し続け、ロドスを内部から瓦解させようとする脅威にいかに対処するかの訓練を行ってきた。,
level_main_15-14_end.json,15-15,哀悼を拒んで,main_15,547,各オペレーターが一丸となって協力したおかげで、予期せぬ事態が発生した際、危機の根源を迅速に特定できるようになった。,
level_main_15-14_end.json,15-15,哀悼を拒んで,main_15,554,しかしながら、我々はすでに濃霧の縁に来ており、この先は完全なる未知だ。,
level_main_15-14_end.json,15-15,哀悼を拒んで,main_15,555,私にも躊躇いはあった。しかしドクターの言う通りだ。これまでそうしてきたように、我々であればこの危機を解決できる。,
level_main_15-14_end.json,15-15,哀悼を拒んで,main_15,556,なぜならば我々は常に共にあるからだ。,
level_main_15-14_end.json,15-15,哀悼を拒んで,main_15,570,もしプリースティスが目覚めたなら、彼女を最速で排除することに全力を注いでほしい。,
level_main_15-14_end.json,15-15,哀悼を拒んで,main_15,574,これは想定外の事態を避ける最善の方法だ、Dr.{@nickname}。,
level_main_15-14_end.json,15-15,哀悼を拒んで,main_15,575,目覚めた瞬間こそが彼女の最も弱っている時だ……今の環境に適応するにも時間を要するだろう。,
level_main_15-15_beg.json,15-17,「彼女」,main_15,214,Dr.{@nickname}！,avg_003_kalts_1#4$1
level_main_15-15_beg.json,15-17,「彼女」,main_15,236,……,avg_003_kalts_1#6$1
level_main_15-15_beg.json,15-17,「彼女」,main_15,241,君の卑劣なペテンとは違う……,avg_003_kalts_1#7$1
level_main_15-15_beg.json,15-17,「彼女」,main_15,242,……私の目標が変わったことはない。,avg_003_kalts_1#7$1
level_main_15-15_beg.json,15-17,「彼女」,main_15,257,……,avg_003_kalts_1#6$1
level_main_15-15_beg.json,15-17,「彼女」,main_15,268,プリースティス……,avg_003_kalts_1#7$1
level_main_15-15_beg.json,15-17,「彼女」,main_15,270,*未知の言語スラング*。,avg_003_kalts_1#15$1
level_main_15-15_beg.json,15-17,「彼女」,main_15,408,Dr.{@nickname}、君がチェルノボーグで目覚めて以来、私は過去の真相をずっと告げてこなかった。,avg_003_kalts_1#1$1
level_main_15-15_beg.json,15-17,「彼女」,main_15,409,その理由には私に課された禁令が含まれるが、あくまで一部でしかない。,avg_003_kalts_1#1$1
level_main_15-15_beg.json,15-17,「彼女」,main_15,411,より大きな理由は……以前にも伝えたように、君の過去は他者から君へ伝えられるべきものではないと考えたからだ。,avg_003_kalts_1#2$1
level_main_15-15_beg.json,15-17,「彼女」,main_15,412,言語では客観的事実を再現できず、感情は表現を曲げてしまう。,avg_003_kalts_1#2$1
level_main_15-15_beg.json,15-17,「彼女」,main_15,414,従って、君には自分の目で確かめ、自分で判断し、自分でこの大地を再認識してもらう必要があった。,avg_003_kalts_1#1$1
level_main_15-15_beg.json,15-17,「彼女」,main_15,415,そうすることで、ようやく君は自らの答えを出せる。この大地、そして君自身に対する見方を。,avg_003_kalts_1#1$1
level_main_15-15_beg.json,15-17,「彼女」,main_15,416,今でも……そうすることに意義があると信じている。,avg_003_kalts_1#1$1
level_main_15-15_beg.json,15-17,「彼女」,main_15,417,かつて、ある者が私にしたのと同じようにな。,avg_003_kalts_1#1$1
level_main_15-15_beg.json,15-17,「彼女」,main_15,425,……,avg_003_kalts_1#13$1
level_main_15-15_beg.json,15-17,「彼女」,main_15,427,しかし今この時が、こうした情報を君に伝える最後の機会なのかもしれない。,avg_003_kalts_1#4$1
level_main_15-15_beg.json,15-17,「彼女」,main_15,428,そして、君とロドスがこれまで起きた様々な出来事を共に経験した今だからこそ、これらを君に伝えてもいいという自信が持てるようになった。,avg_003_kalts_1#4$1
level_main_15-15_beg.json,15-17,「彼女」,main_15,429,どうか信じてほしい、これはただの君の過去であり、君の未来には関係ない。,avg_003_kalts_1#4$1
level_main_15-15_beg.json,15-17,「彼女」,main_15,436,Dr.{@nickname}、テラへ生きる望みと脅威を同時にもたらす源石が、旧時代の遺産であることはすでに知っていると思う。,avg_003_kalts_1#1$1
level_main_15-15_beg.json,15-17,「彼女」,main_15,437,源石は、当時の文明が究極の脅威に対処するために行っていた幾多の試みのうちの一つだ。,avg_003_kalts_1#1$1
level_main_15-15_beg.json,15-17,「彼女」,main_15,438,数え切れないほどの人々の努力と犠牲を経て、源石は最終的にオラクルとプリースティスの手によって完成した。,avg_003_kalts_1#1$1
level_main_15-15_beg.json,15-17,「彼女」,main_15,439,「オラクル」、これが君のかつてのコードネームだ。,avg_003_kalts_1#1$1
level_main_15-15_beg.json,15-17,「彼女」,main_15,447,……どうか信じてほしい。それは君の本意ではない。,avg_003_kalts_1#1$1
level_main_15-15_beg.json,15-17,「彼女」,main_15,448,源石はこの大地に二つの未来を示した……オラクルは源石を未来の文明への贈り物、彼らを導くビーコンとして残すことを望んだ。,avg_003_kalts_1#1$1
level_main_15-15_beg.json,15-17,「彼女」,main_15,449,源石が、文明を次の段階へと至らせるための手助けとなることを望んだんだ。,avg_003_kalts_1#1$1
level_main_15-15_beg.json,15-17,「彼女」,main_15,450,過去一万年の間、源石はテラ文明の発展を助けた。しかしそれに伴う鉱石病の苦難は想定外の出来事だった。,avg_003_kalts_1#1$1
level_main_15-15_beg.json,15-17,「彼女」,main_15,451,かつての君も、この事実のために苦しんでいた。,avg_003_kalts_1#1$1
level_main_15-15_beg.json,15-17,「彼女」,main_15,456,しかしながら、ある人物がもう一つの未来を認めるよう君に無理強いした。そのために……君はかつて、本心に悖る選択を下した。,avg_003_kalts_1#1$1
level_main_15-15_beg.json,15-17,「彼女」,main_15,478,昔、ある者から君の本質を信じ、記憶の形を超えた君本来の姿を探すよう言われた。それは私にとってこれ以上ない困難な道だった。,avg_003_kalts_1#1$1
level_main_15-15_beg.json,15-17,「彼女」,main_15,480,だが私は嬉しく思っている……私が選んだのは正しい選択だった。,avg_003_kalts_1#13$1
level_main_15-15_beg.json,15-17,「彼女」,main_15,481,Dr.{@nickname}、これが君に伝えたかった全てだ。そしてこれらは、君の過去でしかない。君は常に自身の未来を決めることができるんだ。,avg_003_kalts_1#13$1
level_main_15-15_beg.json,15-17,「彼女」,main_15,487,……では私も同様に、自らの誓いを果たそう。,avg_003_kalts_1#13$1
level_main_15-15_beg.json,15-17,「彼女」,main_15,488,Dr.{@nickname}、君とアーミヤを最後の瞬間まで守る。,avg_003_kalts_1#13$1
level_main_15-15_beg.json,15-17,「彼女」,main_15,489,これは最適なタイミングではないが、最後の機会だ。,avg_003_kalts_1#13$1
level_main_15-15_beg.json,15-17,「彼女」,main_15,491,このようなリスクを君とアーミヤに残してしまうのは申し訳ない……だが私は、選択しなければならないんだ。,avg_003_kalts_1#9$1
level_main_15-15_beg.json,15-17,「彼女」,main_15,497,……,avg_003_kalts_1#8$1
level_main_15-15_beg.json,15-17,「彼女」,main_15,506,……Mon3tr！,avg_003_kalts_1#7$1
level_main_15-15_beg.json,15-17,「彼女」,main_15,524,彼女を滅ぼせ。,
level_main_15-15_beg.json,15-17,「彼女」,main_15,525,彼女の名はプリースティス。旧文明からやってきた源石の創造者であり、源石を用いて全てを同化させようとしている人物だ。,
level_main_15-15_beg.json,15-17,「彼女」,main_15,526,そのために、彼女はテラの全ての命にとっての敵となる。,
level_main_15-15_beg.json,15-17,「彼女」,main_15,528,私はケルシー、ロドスの医者で、アーミヤとドクターの仲間。,
level_main_15-15_beg.json,15-17,「彼女」,main_15,532,今の私にとって、君は何ら価値のない存在だ。,
level_main_15-15_end.json,15-17,「彼女」,main_15,38,君の意識がとうの昔に源石の情報の海と同化していることはわかっている。,avg_003_kalts_1#6$1
level_main_15-15_end.json,15-17,「彼女」,main_15,57,その状況下で、君を本当の意味で殺すことは、すでに不可能だ。,avg_003_kalts_1#6$1
level_main_15-15_end.json,15-17,「彼女」,main_15,58,だがテレジアとテレシスの成したことが一つ確信させてくれた。,avg_003_kalts_1#6$1
level_main_15-15_end.json,15-17,「彼女」,main_15,59,源石に対する君の支配は決して揺るぎのないものではない。君の源石への権限を制限する手段は依然として存在する。,avg_003_kalts_1#6$1
level_main_15-15_end.json,15-17,「彼女」,main_15,66,Mon3trが攻撃した時、君は防御を選択した。,avg_003_kalts_1#1$1
level_main_15-15_end.json,15-17,「彼女」,main_15,71,どうやら気付いたようだな。,avg_003_kalts_1#11$1
level_main_15-15_end.json,15-17,「彼女」,main_15,72,テレジアの源石の研究に基づき、また君がDr.{@nickname}に施した罠を模倣して、君のいた目覚めの部屋にいくつか仕掛けを加えた。,avg_003_kalts_1#11$1
level_main_15-15_end.json,15-17,「彼女」,main_15,73,あの場所で目覚めさえすれば、君の意識はその体に閉じ込められ、源石の内にある情報の海に戻ることはできない。,avg_003_kalts_1#11$1
level_main_15-15_end.json,15-17,「彼女」,main_15,77,いずれはこの制限も突破されるかもしれない。君は依然として源石を操作する権限を有しているからな。しかし今この瞬間、君もただの人間だ。,avg_003_kalts_1#6$1
level_main_15-15_end.json,15-17,「彼女」,main_15,81,プリースティス、君はテラの創造主などではない。この大地のあらゆる生命には、君の意志に従う義務は存在しない。,avg_003_kalts_1#6$1
level_main_15-15_end.json,15-17,「彼女」,main_15,83,……これは私の君に対する報復であり、最後の反抗だ。,avg_003_kalts_1#7$1
level_main_15-15_end.json,15-17,「彼女」,main_15,91,……もう遅い。,avg_003_kalts_1#6$1
level_main_15-15_end.json,15-17,「彼女」,main_15,200,Mon3tr、メルトダウン。,
level_main_15-15_end.json,15-17,「彼女」,main_15,232,……,avg_003_kalts_1#3$1
level_main_15-15_end.json,15-17,「彼女」,main_15,255,ドクター、アーミヤ、退がれ！,avg_003_kalts_1#7$1
level_main_15-15_end.json,15-17,「彼女」,main_15,262,……！,avg_003_kalts_1#6$1
level_main_15-15_end.json,15-17,「彼女」,main_15,282,――！,avg_003_kalts_1#4$1
level_main_15-15_end.json,15-17,「彼女」,main_15,285,Mon3tr――,avg_003_kalts_1#7$1
level_main_15-15_end_variation01.json,15-17,「彼女」,main_15,113,君の意識がとうの昔に源石の情報の海と同化していることはわかっている。,avg_003_kalts_1#6$1
level_main_15-15_end_variation01.json,15-17,「彼女」,main_15,132,その状況下で、君を本当の意味で殺すことは、すでに不可能だ。,avg_003_kalts_1#6$1
level_main_15-15_end_variation01.json,15-17,「彼女」,main_15,133,だがテレジアとテレシスの成したことが一つ確信させてくれた。,avg_003_kalts_1#6$1
level_main_15-15_end_variation01.json,15-17,「彼女」,main_15,134,源石に対する君の支配は決して揺るぎのないものではない。君の源石への権限を制限する手段は依然として存在する。,avg_003_kalts_1#6$1
level_main_15-15_end_variation01.json,15-17,「彼女」,main_15,141,Mon3trが攻撃した時、君は防御を選択した。,avg_003_kalts_1#1$1
level_main_15-15_end_variation01.json,15-17,「彼女」,main_15,146,どうやら気付いたようだな。,avg_003_kalts_1#11$1
level_main_15-15_end_variation01.json,15-17,「彼女」,main_15,147,テレジアの源石の研究に基づき、また君がDr.{@nickname}に施した罠を模倣して、君のいた目覚めの部屋にいくつか仕掛けを加えた。,avg_003_kalts_1#11$1
level_main_15-15_end_variation01.json,15-17,「彼女」,main_15,148,あの場所で目覚めさえすれば、君の意識はその体に閉じ込められ、源石の内にある情報の海に戻ることはできない。,avg_003_kalts_1#11$1
level_main_15-15_end_variation01.json,15-17,「彼女」,main_15,152,いずれはこの制限も突破されるかもしれない。君は依然として源石を操作する権限を有しているからな。しかし今この瞬間、君もただの人間だ。,avg_003_kalts_1#6$1
level_main_15-15_end_variation01.json,15-17,「彼女」,main_15,156,プリースティス、君はテラの創造主などではない。この大地のあらゆる生命には、君の意志に従う義務は存在しない。,avg_003_kalts_1#6$1
level_main_15-15_end_variation01.json,15-17,「彼女」,main_15,158,……これは私の君に対する報復であり、最後の反抗だ。,avg_003_kalts_1#7$1
level_main_15-15_end_variation01.json,15-17,「彼女」,main_15,166,……もう遅い。,avg_003_kalts_1#6$1
level_main_15-15_end_variation01.json,15-17,「彼女」,main_15,275,Mon3tr、メルトダウン。,
level_main_15-15_end_variation01.json,15-17,「彼女」,main_15,307,……,avg_003_kalts_1#3$1
level_main_15-15_end_variation01.json,15-17,「彼女」,main_15,330,ドクター、アーミヤ、退がれ！,avg_003_kalts_1#7$1
level_main_15-15_end_variation01.json,15-17,「彼女」,main_15,337,……！,avg_003_kalts_1#6$1
level_main_15-15_end_variation01.json,15-17,「彼女」,main_15,357,――！,avg_003_kalts_1#4$1
level_main_15-15_end_variation01.json,15-17,「彼女」,main_15,360,Mon3tr――,avg_003_kalts_1#7$1
level_main_15-15_end_variation02.json,15-17,「彼女」,main_15,118,君の意識がとうの昔に源石の情報の海と同化していることはわかっている。,avg_003_kalts_1#6$1
level_main_15-15_end_variation02.json,15-17,「彼女」,main_15,137,その状況下で、君を本当の意味で殺すことは、すでに不可能だ。,avg_003_kalts_1#6$1
level_main_15-15_end_variation02.json,15-17,「彼女」,main_15,138,だがテレジアとテレシスの成したことが一つ確信させてくれた。,avg_003_kalts_1#6$1
level_main_15-15_end_variation02.json,15-17,「彼女」,main_15,139,源石に対する君の支配は決して揺るぎのないものではない。君の源石への権限を制限する手段は依然として存在する。,avg_003_kalts_1#6$1
level_main_15-15_end_variation02.json,15-17,「彼女」,main_15,146,Mon3trが攻撃した時、君は防御を選択した。,avg_003_kalts_1#1$1
level_main_15-15_end_variation02.json,15-17,「彼女」,main_15,151,どうやら気付いたようだな。,avg_003_kalts_1#11$1
level_main_15-15_end_variation02.json,15-17,「彼女」,main_15,152,テレジアの源石の研究に基づき、また君がDr.{@nickname}に施した罠を模倣して、君のいた目覚めの部屋にいくつか仕掛けを加えた。,avg_003_kalts_1#11$1
level_main_15-15_end_variation02.json,15-17,「彼女」,main_15,153,あの場所で目覚めさえすれば、君の意識はその体に閉じ込められ、源石の内にある情報の海に戻ることはできない。,avg_003_kalts_1#11$1
level_main_15-15_end_variation02.json,15-17,「彼女」,main_15,157,いずれはこの制限も突破されるかもしれない。君は依然として源石を操作する権限を有しているからな。しかし今この瞬間、君もただの人間だ。,avg_003_kalts_1#6$1
level_main_15-15_end_variation02.json,15-17,「彼女」,main_15,161,プリースティス、君はテラの創造主などではない。この大地のあらゆる生命には、君の意志に従う義務は存在しない。,avg_003_kalts_1#6$1
level_main_15-15_end_variation02.json,15-17,「彼女」,main_15,163,……これは私の君に対する報復であり、最後の反抗だ。,avg_003_kalts_1#7$1
level_main_15-15_end_variation02.json,15-17,「彼女」,main_15,171,……もう遅い。,avg_003_kalts_1#6$1
level_main_15-15_end_variation02.json,15-17,「彼女」,main_15,280,Mon3tr、メルトダウン。,
level_main_15-15_end_variation02.json,15-17,「彼女」,main_15,312,……,avg_003_kalts_1#3$1
level_main_15-15_end_variation02.json,15-17,「彼女」,main_15,335,ドクター、アーミヤ、退がれ！,avg_003_kalts_1#7$1
level_main_15-15_end_variation02.json,15-17,「彼女」,main_15,342,……！,avg_003_kalts_1#6$1
level_main_15-15_end_variation02.json,15-17,「彼女」,main_15,362,――！,avg_003_kalts_1#4$1
level_main_15-15_end_variation02.json,15-17,「彼女」,main_15,365,Mon3tr――,avg_003_kalts_1#7$1
level_main_15-16_beg.json,15-18,疑うことなく、離れることなく,main_15,105,……君を守る。,avg_003_kalts_1#1$1
level_main_15-16_beg.json,15-18,疑うことなく、離れることなく,main_15,106,私が約束したように。,avg_003_kalts_1#1$1
level_main_15-16_beg.json,15-18,疑うことなく、離れることなく,main_15,107,私はアーミヤを守る、そして君を守ると約束した。,avg_003_kalts_1#1$1
level_main_15-16_beg.json,15-18,疑うことなく、離れることなく,main_15,108,君の命が尽きるまで守り抜くことが私の責務だ、ドクター。,avg_003_kalts_1#1$1
level_main_15-16_beg.json,15-18,疑うことなく、離れることなく,main_15,109,しかし、私は君を恨み続ける。私にはロスモンティスを教育する資格はない……ましてや批判するなどもっての外だ。私自身、いずれ耐えきれなくなり君に復讐してしまう可能性を恐れているからだ。,avg_003_kalts_1#1$1
level_main_15-16_beg.json,15-18,疑うことなく、離れることなく,main_15,116,……,avg_003_kalts_1#1$1
level_main_15-16_beg.json,15-18,疑うことなく、離れることなく,main_15,118,何を……思い出した？,avg_003_kalts_1#6$1
level_main_16-08_end.json,16-8,行方知れず,main_16,159,これは何だ？,avg_003_kalts_1#1$1
level_main_16-08_end.json,16-8,行方知れず,main_16,164,これは君が導き出した公式か？,avg_003_kalts_1#1$1
level_main_16-08_end.json,16-8,行方知れず,main_16,169,非常に独創的な理論モデルだ。推論の整合性にも問題は認められない。仮にこの公式が成り立つのであれば、我々は変換率の極めて高いエネルギー供給装置を手に入れることになる。,avg_003_kalts_1#1$1
level_main_16-08_end.json,16-8,行方知れず,main_16,170,だがこのデータは運動エネルギーの損失について考慮されていないようだ。有効性についてはまだ検証が必要だな。,avg_003_kalts_1#1$1
level_main_16-08_end.json,16-8,行方知れず,main_16,175,謝罪する必要はない。君は積極的に関わろうとしているだけだ。違うか？,avg_003_kalts_1#1$1
level_main_16-08_end.json,16-8,行方知れず,main_16,176,次の報告会の際には、君も見学に来るといい。,avg_003_kalts_1#1$1
level_main_16-08_end.json,16-8,行方知れず,main_16,180,ああ。それと、あまり厳しく当たりすぎるな、イリヤ。若者の探求心は何より得難いものだ。適宜励ましてやらねばいけない。,avg_003_kalts_1#1$1
level_main_16-08_end.json,16-8,行方知れず,main_16,182,君は彼女ほどの年頃の時に、これとは比べ物にならないほどとんでもない間違いを犯していただろう。,avg_003_kalts_1#11$1
level_spst_08-01.json,EG-3,燃焼の断章3,main_8,12,  この感染者サンプルの行動パターンはほぼ掴めた。このように特殊感染者となった後も、変わらず一定の規律に従って行動しているようだな。,char_003_kalts_1
level_spst_08-01.json,EG-3,燃焼の断章3,main_8,13,  刺激に対しては、独特なストレス反応が現れるようだ。恐らく、彼が人間だった頃の習慣的な行動によるものだろう。,char_003_kalts_1
level_spst_08-01.json,EG-3,燃焼の断章3,main_8,14,  この個体の感染器官もその指向に従って、制御性および被制御性の突然変異をしている。,char_003_kalts_1
level_spst_08-01.json,EG-3,燃焼の断章3,main_8,15,  暴力の連鎖は消えることはない。暴力を振るい、振るわれる。彼らはそれを延々と繰り返しているんだ。,char_003_kalts_1
level_spst_08-01.json,EG-3,燃焼の断章3,main_8,16,  これから、特殊感染者としてこの個体が他の生物に与えるであろう負の影響を取り除く。,char_003_kalts_1
level_spst_08-01.json,EG-3,燃焼の断章3,main_8,17,  彼の感染器官の基本的機能を破壊し、その活動を停止させた上で、無害化する。,char_003_kalts_1
level_spst_08-01.json,EG-3,燃焼の断章3,main_8,18,  医者としてやる処置はこれだけだ。,char_003_kalts_1
level_spst_08-01.json,EG-3,燃焼の断章3,main_8,19,  たとえ感染エリア全体を燃やし尽くそうと、すでに特殊な構造に変化した源石結晶は更に拡散し、より多くの特異感染者を生み出し続けるだろう。この手術は必要不可欠なものだ。,char_003_kalts_1
level_spst_08-01.json,EG-3,燃焼の断章3,main_8,20,  この処置が完了すれば、この個体も普通の感染者に戻るだろう。,char_003_kalts_1
level_spst_08-01.json,EG-3,燃焼の断章3,main_8,21,  しかし、感染器官の変異は、身体に修復不可能な傷を残している。各生体器官への転移速度は飛躍的に上がるはずだ。,char_003_kalts_1
level_spst_08-01.json,EG-3,燃焼の断章3,main_8,22,  どう足掻いても早晩死にゆく定め……この者は大地から見放されたということだ。,char_003_kalts_1
level_spst_08-01.json,EG-3,燃焼の断章3,main_8,23,  これがこの者の運命……この大地が感染者に与えた運命同様にな。,char_003_kalts_1
level_spst_08-01.json,EG-3,燃焼の断章3,main_8,26,  医学的な観点から言えば、ないな。,char_003_kalts_1
level_spst_08-01.json,EG-3,燃焼の断章3,main_8,27,  しかし、医者の立場を無視したとしても、このレユニオンの感染者に対して、これ以上行政レベルにおける処置を施すつもりはない。,char_003_kalts_1
level_spst_08-01.json,EG-3,燃焼の断章3,main_8,28,  私たちには時間がないんだ。この者が目を覚ますかどうかは、術後の彼の生体器官の機能状態が全てだといえる。,char_003_kalts_1
level_spst_08-01.json,EG-3,燃焼の断章3,main_8,29,  チェルノボーグ中枢区画での作戦終了後は、レユニオンとの関係も完全に清算し、解消する。,char_003_kalts_1
level_spst_08-01.json,EG-3,燃焼の断章3,main_8,30,  必要な駆け引き材料以外は、という意味だが。,char_003_kalts_1
level_spst_08-01.json,EG-3,燃焼の断章3,main_8,31,  いずれにせよ、この者の感染器官は、多くの命とも密接な関わりがあるが、彼本人の運命は、ロドスとは何の関係もない。,char_003_kalts_1
level_spst_08-01.json,EG-3,燃焼の断章3,main_8,34,  君は選択することができる。,char_003_kalts_1
level_spst_08-01.json,EG-3,燃焼の断章3,main_8,35,  選択権は常に君の手の中にあるんだ、ドクター。ただ、ほとんどの場合は、自分の選択した結果を振り返る暇などない。,char_003_kalts_1
level_spst_08-01.json,EG-3,燃焼の断章3,main_8,36,  しかし選択する際には、それがもたらす結果を、しっかりと考えておくべきだ。,char_003_kalts_1
level_spst_08-01.json,EG-3,燃焼の断章3,main_8,37,  ――この者をただの感染者の一人と捉えるか、それともレユニオンの元リーダーの一人と捉えるか。,char_003_kalts_1
level_spst_08-01.json,EG-3,燃焼の断章3,main_8,38,  今回の事件を、この大地に横行する邪悪の縮図として見るならば、この者は被害者なのか？　それとも加害者なのか？,char_003_kalts_1
level_spst_08-01.json,EG-3,燃焼の断章3,main_8,39,  暴力的社会の支配における一側面と見るか、それとも恐ろしい論理がもたらした悲劇的な結末と見るか。,char_003_kalts_1
level_spst_08-01.json,EG-3,燃焼の断章3,main_8,40,  これらを、完全に切り離して考えることはできない。だが、それらを全て受け入れることも不可能だ。,char_003_kalts_1
level_spst_08-01.json,EG-3,燃焼の断章3,main_8,41,  生きるも死ぬも自然に任せて、中枢区画に放置するか、現代社会の法の下に、感染者暴動事件の首謀者とみなし、厳しく処罰するか、それとも鉱石病の重症患者として、人道的な処置を施すのか……,char_003_kalts_1
level_spst_08-01.json,EG-3,燃焼の断章3,main_8,42,  理性的に判断を下して生死を決めるもよし。己の認識と向き合い、自らの権限を越えた判断をするもよし……全ては君次第だ。,char_003_kalts_1
level_spst_08-01.json,EG-3,燃焼の断章3,main_8,43,  この者はすでに、事実上この大地から消えた存在だ……その運命を決めることができるのは、幸か不幸か、ドクター、君だけだ。,char_003_kalts_1
level_spst_08-01.json,EG-3,燃焼の断章3,main_8,44,  慈愛か、正義か、公平か、怒りか。あるいは君がその全てを含んだ選択をしようが、これらとは全く別の選択をしようが、私は構わない。,char_003_kalts_1
level_spst_08-01.json,EG-3,燃焼の断章3,main_8,45,  君の決断を評価するつもりなどない。たとえ評価したとしても、決して口には出さない。,char_003_kalts_1
level_spst_08-01.json,EG-3,燃焼の断章3,main_8,46,  他人に代わって運命を選択するなど、おかしな話だがな……,char_003_kalts_1
level_spst_08-01.json,EG-3,燃焼の断章3,main_8,47,  だが、彼はすでに選択をした。,char_003_kalts_1
level_spst_08-01.json,EG-3,燃焼の断章3,main_8,48,  次にどうするか、それは君次第だ。,char_003_kalts_1
level_spst_08-01.json,EG-3,燃焼の断章3,main_8,49,  なぜなら、私は患者と初めて顔を合わせた医者に過ぎず、君こそがこの者と最も深く関わってきた存在なのだから。,char_003_kalts_1
level_spst_08-01.json,EG-3,燃焼の断章3,main_8,50,  どうすべきか、私よりも深く理解しているはずだ。やるべきことを決断してくれ。,char_003_kalts_1
level_spst_08-01.json,EG-3,燃焼の断章3,main_8,51,  結論を出すのは君自身だ、私ではない。,char_003_kalts_1
level_spst_08-01.json,EG-3,燃焼の断章3,main_8,52,  ……それとも、Dr.{@nickname}、とうに心は決まっているのか？,char_003_kalts_1
level_spst_14-01.json,EG-6,慈悲深き悲願,main_14,190,構わない。,avg_003_kalts_1#1$1
level_spst_14-01.json,EG-6,慈悲深き悲願,main_14,194,ほんの記憶にすぎない。,avg_003_kalts_1#1$1
level_spst_14-01.json,EG-6,慈悲深き悲願,main_14,195,エーギルは大地から遠く離れ、直面しているのはまた別の問題だと思っていた。,avg_003_kalts_1#1$1
level_spst_14-01.json,EG-6,慈悲深き悲願,main_14,197,だが……私は、完全に正しかったわけではないのかもしれない。,avg_003_kalts_1#2$1
level_spst_14-01.json,EG-6,慈悲深き悲願,main_14,201,私はただ自分が二度とその時に遅れないことを望んでいるだけだ。,avg_003_kalts_1#1$1
level_spst_14-01.json,EG-6,慈悲深き悲願,main_14,202,もし海の問題が独立していないのであれば、我々が直面している脅威は一つに重なり合う。その場合、既知のシミュレーションにおけるどの窮地よりも厄介な状況になる。,avg_003_kalts_1#1$1
level_spst_14-01.json,EG-6,慈悲深き悲願,main_14,203,幸い、危機が起きる前に、一足先に主導権を握るチャンスが我々にはある。,avg_003_kalts_1#1$1
level_spst_14-01.json,EG-6,慈悲深き悲願,main_14,207,グレイディーア、私が信じているのはハンターたちの方だ。,avg_003_kalts_1#1$1
level_spst_14-01.json,EG-6,慈悲深き悲願,main_14,211,アビサルハンターが海底から陸地に上がり、また故郷へ帰ろうとしている。君たちのここまでの変化はこの目で見てきた。,avg_003_kalts_1#1$1
level_spst_14-01.json,EG-6,慈悲深き悲願,main_14,215,君たちは来た場所にて自分を見つけるだろう。,avg_003_kalts_1#1$1
level_spst_14-01.json,EG-6,慈悲深き悲願,main_14,216,君にせよ、スカジとスペクター、あるいは一人去ることにした君たちの仲間にせよ。,avg_003_kalts_1#1$1
level_spst_14-01.json,EG-6,慈悲深き悲願,main_14,220,心の準備をするんだ。,avg_003_kalts_1#1$1
level_spst_14-01.json,EG-6,慈悲深き悲願,main_14,221,その時、君たちはエーギルに対して……海と陸に対して「我々」が共に向き合わねばならない災禍に対して、異なる考えを有していることだろう。,avg_003_kalts_1#1$1
level_spst_14-01.json,EG-6,慈悲深き悲願,main_14,222,それは、目に見えるいかなる「橋」よりもはるかに価値がある。,avg_003_kalts_1#1$1
level_st_05-01.json,5-11,後手の先手,main_5,42,  全ては奴の思惑通りだ。,
level_st_05-01.json,5-11,後手の先手,main_5,43,  時間が経てば経つほどレユニオンは龍門に深く根を張る。それを阻止し、まとめて始末するために奴は決断を迫られているはずだ。,
level_st_05-01.json,5-11,後手の先手,main_5,57,  ついでに近衛局が外で孤立した戦いを強いられていると錯覚させる――,
level_st_06-03.json,6-18,お前だけが知っている,main_6,503,  ご両名、少しでも時間の余裕があるようなら、一つ情報を聞いていただけますか。,char_003_kalts_1
level_st_06-03.json,6-18,お前だけが知っている,main_6,507,  端末を見ろ。詳細はもう送ってある。,char_003_kalts_1
level_st_06-03.json,6-18,お前だけが知っている,main_6,529,  我々が龍門城内のレユニオン掃討を行っていた際、敵の最高指揮官は姿を現しませんでした。,char_003_kalts_1
level_st_06-03.json,6-18,お前だけが知っている,main_6,531,  理由は簡単です。彼女はチェルノボーグを離れていないからです。,char_003_kalts_1
level_st_06-03.json,6-18,お前だけが知っている,main_6,532,  我々がほっと一息ついている様子を、あるいは散々な目に遭っている様子を……とにかく彼女に注意を向けることのない我々を、チェルノボーグから見ていたと思われます。,char_003_kalts_1
level_st_06-03.json,6-18,お前だけが知っている,main_6,539,  そして今、チェルノボーグの一部、正確に言うと中枢エリアの移動都市が……,
level_st_06-03.json,6-18,お前だけが知っている,main_6,540,  龍門に向けて接近中です。,
level_st_06-03.json,6-18,お前だけが知っている,main_6,541,  今から三十六時間後、そのチェルノボーグの移動都市は龍門に衝突するでしょう。,
level_st_06-03.json,6-18,お前だけが知っている,main_6,546,  ようやく気付きましたか、ウェイさん？,char_003_kalts_1
level_st_06-03.json,6-18,お前だけが知っている,main_6,554,  絶えず都市の識別コードを発信し続けています。,char_003_kalts_1
level_st_06-03.json,6-18,お前だけが知っている,main_6,558,  そうです。あなたのその直感、もしくは推測の通りだと思います。,char_003_kalts_1
level_st_06-03.json,6-18,お前だけが知っている,main_6,559,  その移動都市は各所に向けて識別コードを送り続けています。龍門全域まで既に信号は届いています。,char_003_kalts_1
level_st_06-03.json,6-18,お前だけが知っている,main_6,560,  その識別コードが告げるのは——,char_003_kalts_1
level_st_06-03.json,6-18,お前だけが知っている,main_6,561,  「この都市はウルサスの領土である。」,char_003_kalts_1
level_st_07-03.json,7-19,11:15:38,main_7,136,  …………,char_003_kalts_1
level_st_07-03.json,7-19,11:15:38,main_7,137,  全身の結晶化が６０パーセントを超えている。いかに鉱石病と相性がいいサルカズであろうと、もはや１ミリも動けないだろう。,char_003_kalts_1
level_st_07-03.json,7-19,11:15:38,main_7,138,  その意識はすでに霧散している……だが、鋼鉄のごとき意志は貫き通され、身体が崩れ落ちることを拒否している。,char_003_kalts_1
level_st_07-03.json,7-19,11:15:38,main_7,139,  ……ボジョカスティ。,char_003_kalts_1
level_st_07-03.json,7-19,11:15:38,main_7,147,  運命への抵抗は、事実上すべてのモノへの抵抗だ。ありとあらゆるものすべてが「運命」という概念に収束されるのだからな。,char_003_kalts_1
level_st_07-03.json,7-19,11:15:38,main_7,148,  ボジョカスティの怒りの矛先は、この大地全てだと言ってもいい。,char_003_kalts_1
level_st_07-03.json,7-19,11:15:38,main_7,206,  ……諸君を我々と戦わせ、この一連の惨劇をもたらした張本人は、他ならぬ、レユニオン・ムーブメントのリーダー・タルラだ。,char_003_kalts_1
level_st_07-03.json,7-19,11:15:38,main_7,213,  …………,char_003_kalts_1
level_st_07-03.json,7-19,11:15:38,main_7,214,  あまり気に病む必要はない、アーミヤ。,char_003_kalts_1
level_st_07-03.json,7-19,11:15:38,main_7,215,  サルカズ人は、長時間源石に触れるため、一部の生体記憶が源石の結晶と一体化し、大地を循環し続けることがある。それがサルカズ人の体内で記録、蓄積されていくのだ。,char_003_kalts_1
level_st_07-03.json,7-19,11:15:38,main_7,216,  代々、源石の結晶を受け継いできた部族は、時折、蓄積された情報を自身の内で無意識に統合させることがある。,char_003_kalts_1
level_st_07-03.json,7-19,11:15:38,main_7,217,  彼らがアーツを使い続ける中で、それらの情報は稀に、様々な形で表層意識に開示される。それを預言と称したのだ。,char_003_kalts_1
level_st_07-03.json,7-19,11:15:38,main_7,218,  ほとんどが意味を為さぬ散文で、すでに古くなった情報が大半だ。つまり預言には、参考にする価値などない。,char_003_kalts_1
level_st_07-03.json,7-19,11:15:38,main_7,223,  …………,char_003_kalts_1
level_st_07-03.json,7-19,11:15:38,main_7,295,  アーミヤ。,char_003_kalts_1
level_st_07-03.json,7-19,11:15:38,main_7,296,  肝心なことを教えてほしい。彼は何と言ったんだ？,char_003_kalts_1
level_st_07-03.json,7-19,11:15:38,main_7,326,  アーミヤ……,char_003_kalts_1
level_st_07-03.json,7-19,11:15:38,main_7,327,  ボジョカスティは、長い生涯において自らの信仰を二度裏切ったと考えている。,char_003_kalts_1
level_st_07-03.json,7-19,11:15:38,main_7,328,  一度目は、カズデルを離れた時。サルカズの戦士として、サルカズ人として生きることを放棄した時だ。,char_003_kalts_1
level_st_07-03.json,7-19,11:15:38,main_7,329,  二度目は、ウルサスに反旗を翻した時だ。ウルサス帝国の一戦士として生きることを放棄した時……,char_003_kalts_1
level_st_07-03.json,7-19,11:15:38,main_7,330,  あるいは、三度目の裏切りを、たった今選んだのかもしれんな……尽くしてきたレユニオンと感染者たちを裏切り、レユニオンの戦士として生きることを放棄した。,char_003_kalts_1
level_st_07-03.json,7-19,11:15:38,main_7,331,  彼は死んだのだ。その裏切りもこれで最後だ。,char_003_kalts_1
level_st_07-03.json,7-19,11:15:38,main_7,332,  しかし――,char_003_kalts_1
level_st_07-03.json,7-19,11:15:38,main_7,338,  このような「崇高なる裏切り」は、名誉を欲する者にとっては確かに一種の救いであり、自身の望む最善の結果へたどり着くための、最も簡単な道といえよう。,char_003_kalts_1
level_st_07-03.json,7-19,11:15:38,main_7,339,  だが、ボジョカスティにとってはそうではなかったのだ。,char_003_kalts_1
level_st_07-03.json,7-19,11:15:38,main_7,343,  アーミヤ、続けて。,char_003_kalts_1
level_st_07-03.json,7-19,11:15:38,main_7,357,  勝ったのだ。彼だけを苛む個人的な苦痛……数百年の永きにわたり不変とした信条と、この大地全てに対する無償の「愛」。その鎖、その呪縛に、彼は勝利したのだ。,char_003_kalts_1
level_st_07-03.json,7-19,11:15:38,main_7,358,  だが、数え切れぬ歳月の中で自らに課してきた規則を反故にした。その意味で彼は……運命に屈したと言える。,char_003_kalts_1
level_st_07-03.json,7-19,11:15:38,main_7,359,  いや、その表現は彼への侮辱になるな。アーミヤの言う通り、彼は選んだのだ。ずっと抗ってきた運命を無視すること選択した結果、心のわだかまりを乗り越えることができたのだ。,char_003_kalts_1
level_st_07-03.json,7-19,11:15:38,main_7,360,  彼は未来を君に託した。今度こそ、彼は躊躇なく自らが正しいと思うものを選ぶことができた。一つの理念を維持するために、苦難を受け入れるのではなく……,char_003_kalts_1
level_st_07-03.json,7-19,11:15:38,main_7,361,  そして当然ながら、彼の心の奥深くには、彼女の居場所があった。,char_003_kalts_1
level_st_07-03.json,7-19,11:15:38,main_7,362,  以前まではそこにタルラが居たが、今はアーミヤが成り代わった。だが、それもひっくるめてその場所全ては、最初から最後まで彼女の……フロストノヴァの居場所だったのだ。,char_003_kalts_1
level_st_07-03.json,7-19,11:15:38,main_7,373,  （……待てよ、今思い出したが、あの預言は——）,char_003_kalts_1
level_st_07-03.json,7-19,11:15:38,main_7,382,  （まさか……無数の歳月を超えて今結実したというのか？）,char_003_kalts_1
level_st_07-03.json,7-19,11:15:38,main_7,383,  （そんなことが有り得るのか？　預言とやらは、サルカズの歴史の断片ではなかったのか？）,char_003_kalts_1
level_st_07-03.json,7-19,11:15:38,main_7,436,  Mantra-2、制服を着用せよ。識別コードはクロージャがすでにハッキング済みだ。内蔵している装備を表に出さないように。,char_003_kalts_1
level_st_07-03.json,7-19,11:15:38,main_7,437,  例の件はおそらくもう広まっている。お前たちに必要なのは……,char_003_kalts_1
level_st_07-03.json,7-19,11:15:38,main_7,442,  いや、秩序だ。遊撃隊メンバーをサポートせよ。感染者や善意あるレユニオン兵など、この地に蔓延する不条理に抵抗する者たちを、彼らの下に一致団結させるのだ！,char_003_kalts_1
level_st_07-03.json,7-19,11:15:38,main_7,443,  たとえタルラが、パトリオットの死を計画に織り込んでいなかったとしても！,char_003_kalts_1
level_st_07-03.json,7-19,11:15:38,main_7,511,  …………,char_003_kalts_1
level_st_07-03.json,7-19,11:15:38,main_7,512,  パトリオットは、きっとこの状況を予見していたのだろうな。,char_003_kalts_1
level_st_07-03.json,7-19,11:15:38,main_7,513,  パトリオットはこれまで、孤独に嵐のような矛盾に立ち向かい続けていた。盾たちですら彼の方針そのものには目を向けず、彼の掲げた崇高な理念しか見ていなかった。,char_003_kalts_1
level_st_07-03.json,7-19,11:15:38,main_7,514,  今後、中枢区画は混乱に陥るだろうな。レユニオン・ムーブメントは事実上崩壊する。,char_003_kalts_1
level_st_07-03.json,7-19,11:15:38,main_7,515,  ロスモンティス、これは君が欲した復讐の形か？,char_003_kalts_1
level_st_07-03.json,7-19,11:15:38,main_7,520,  相手が誰だろうと、結果は似たようなものだ。,char_003_kalts_1
level_st_07-03.json,7-19,11:15:38,main_7,521,  レユニオン・ムーブメントというのは単なる記号に過ぎない。彼らは単独の個体ではなく、集団の一部なのだ。我々は、彼らの個々の顔を識別することはできない。,char_003_kalts_1
level_st_07-03.json,7-19,11:15:38,main_7,522,  たとえ、直接手を下した者を見つけ出したとて結局は同じことだ。レユニオンに復讐したいというのならば、記号そのものを消し去るしかないのだ。,char_003_kalts_1
level_st_07-03.json,7-19,11:15:38,main_7,523,  君が納得するまで続けても別に構わん。だが、ロスモンティス……この復讐の中で、君は得るものがあったと思うか？,char_003_kalts_1
level_st_07-03.json,7-19,11:15:38,main_7,529,  ただ、答えだけを与えるのは無責任というものだ。,char_003_kalts_1
level_st_07-03.json,7-19,11:15:38,main_7,530,  ロスモンティス、その問いに答えられるのはおそらく私ではない。君が納得する答えを見つけ出す力は、君自身にしかないものだ。,char_003_kalts_1
level_st_07-03.json,7-19,11:15:38,main_7,531,  怒りが我々の中に巣食うとき、それが堆積し、憎しみへと凝縮していく様を、我々は黙って放置するのか？,char_003_kalts_1
level_st_07-03.json,7-19,11:15:38,main_7,532,  それとも、それを物事を測るための物差し、理知の力へ昇華させ、自らの行動を律するのか？,char_003_kalts_1
level_st_07-03.json,7-19,11:15:38,main_7,533,  君は正誤を判別したいのか、それとも起きたことの原因を知りたいのか？,char_003_kalts_1
level_st_07-03.json,7-19,11:15:38,main_7,534,  仲間の生死、君を動揺させる状況……そして我々の感情に影響をもたらす全ての事象、それらの原因を。,char_003_kalts_1
level_st_07-03.json,7-19,11:15:38,main_7,535,  さらには、ロスモンティス……なぜ一部の出来事は、たとえ君の症状がそれらを記憶から消し去っても、君の心に確かな痕跡を残すのか……,char_003_kalts_1
level_st_07-03.json,7-19,11:15:38,main_7,536,  我々の命には、正しさも過ちもないのかもしれない。すべての記号を取り去った時にようやく、命そのものに価値が生まれる。,char_003_kalts_1
level_st_07-03.json,7-19,11:15:38,main_7,541,  うん？,char_003_kalts_1
level_st_07-03.json,7-19,11:15:38,main_7,586,  ブリッジに向かった行動小隊は、レユニオン兵による全方位攻撃を受けるだろう。そんな戦場に、今の君が介入できる余地はない。,char_003_kalts_1
level_st_07-03.json,7-19,11:15:38,main_7,587,  遊撃隊との戦闘であれば、一時撤退して隊を整えることもできる。だがブリッジのような狭い場所では、息つく暇もないだろう。,char_003_kalts_1
level_st_07-03.json,7-19,11:15:38,main_7,588,  この戦いには明確なターゲットがある。アーミヤとロスモンティスのチームに、集中を削ぐ要素を僅かでも加えるわけにはいかない。,char_003_kalts_1
level_st_07-03.json,7-19,11:15:38,main_7,589,  それに、私といる方が安全だからな。,char_003_kalts_1
level_st_07-03.json,7-19,11:15:38,main_7,592,  我々にはそれぞれ、自分しか担えない責任がある。,char_003_kalts_1
level_st_07-03.json,7-19,11:15:38,main_7,593,  ここからさらに下へ進めば、通信状況はさらに悪化するだろう。,char_003_kalts_1
level_st_07-03.json,7-19,11:15:38,main_7,594,  そうなれば、私たちは本当に孤立無援だ。,char_003_kalts_1
level_st_07-03.json,7-19,11:15:38,main_7,595,  待て……,char_003_kalts_1
level_st_07-03.json,7-19,11:15:38,main_7,596,  ドクター、少し隠れていろ。,char_003_kalts_1
level_st_07-03.json,7-19,11:15:38,main_7,599,  ……息苦しくてどうしてもいやだと言うなら、別に構わんが。,char_003_kalts_1
level_st_07-03.json,7-19,11:15:38,main_7,614,  ――傷が深いな。,char_003_kalts_1
level_st_07-03.json,7-19,11:15:38,main_7,615,  何があった、W……いや、今は何と名乗っている？,char_003_kalts_1
level_st_07-03.json,7-19,11:15:38,main_7,621,  ああ。,char_003_kalts_1
level_st_07-03.json,7-19,11:15:38,main_7,626,  残念がっているように聞こえるが。,char_003_kalts_1
level_st_07-03.json,7-19,11:15:38,main_7,639,  私に何の弁解が必要だと？,char_003_kalts_1
level_st_07-03.json,7-19,11:15:38,main_7,653,  何か問題でもあるのか、W？,char_003_kalts_1
level_st_07-03.json,7-19,11:15:38,main_7,659,  お前は狂ってなどいない、W。しかし、無駄話なら別の機会にしてくれないか。,char_003_kalts_1
level_st_07-03.json,7-19,11:15:38,main_7,665,  以前の記憶が残っているかどうかはわからないが、現時点では協力関係を維持できている。,char_003_kalts_1
level_st_07-03.json,7-19,11:15:38,main_7,672,  ならば、この大地においてバケモノと呼べる生物は多過ぎることになるな。あまり一つの喩えを多用すると新鮮味を失うぞ。,char_003_kalts_1
level_st_07-03.json,7-19,11:15:38,main_7,686,  そうだな。お前よりその意味を分かっているつもりだ。,char_003_kalts_1
level_st_07-03.json,7-19,11:15:38,main_7,693,  真実を知る前に推測を先走らせ、無闇に己の感情を揺らすべきではないと思うがな、W。,char_003_kalts_1
level_st_07-03.json,7-19,11:15:38,main_7,702,  …………,char_003_kalts_1
level_st_07-03.json,7-19,11:15:38,main_7,703,  W、お前はかつてこう言ったな——,char_003_kalts_1
level_st_07-03.json,7-19,11:15:38,main_7,704,  「あんたはあたしと同類」と。,char_003_kalts_1
level_st_07-03.json,7-19,11:15:38,main_7,708,  いいや、W。ある意味私とお前は同類だ。間違ってはいない。,char_003_kalts_1
level_st_07-03.json,7-19,11:15:38,main_7,709,  例えば、お前もタルラの暴行を止めたいと思っている。そうだな？,char_003_kalts_1
level_st_07-03.json,7-19,11:15:38,main_7,714,  ならば、先にレユニオンの問題から取り組もう。,char_003_kalts_1
level_st_07-03.json,7-19,11:15:38,main_7,720,  かなり先まで計画済みのようだな。,char_003_kalts_1
level_st_07-03.json,7-19,11:15:38,main_7,724,  たったの三番目らしいぞ？,char_003_kalts_1
level_st_07-03.json,7-19,11:15:38,main_7,733,  では、とりあえず現段階の共通目標が決まったな。,char_003_kalts_1
level_st_07-03.json,7-19,11:15:38,main_7,734,  ちなみに、お前がチェルノボーグで行なった、ロドスの人員に対する各種の行為についてだが……,char_003_kalts_1
level_st_07-03.json,7-19,11:15:38,main_7,735,  まずは、お前の取引のおかげで、Dr.{@nickname}および、複数オペレーターの命が守られたことについては感謝する。しかし、それによって我々は、十三名のオペレーターを失った。,char_003_kalts_1
level_st_07-03.json,7-19,11:15:38,main_7,736,  利害を相殺した結果に加えて——昔のよしみというやつだ。お前をブリッジまで送り届けてやる。,char_003_kalts_1
level_st_07-03.json,7-19,11:15:38,main_7,741,  Mon3tr。,char_003_kalts_1
level_st_07-03.json,7-19,11:15:38,main_7,759,  奴の戯れ合いに付き合っている暇はないからな。,char_003_kalts_1
level_st_07-03.json,7-19,11:15:38,main_7,760,  Mon3tr、エアダクトとその隔壁、中基材保護層から外壁までの全部を、彼女ごと爆破しろ。,char_003_kalts_1
level_st_07-03.json,7-19,11:15:38,main_7,773,  せいぜい期待しておくとしよう。,char_003_kalts_1
level_st_07-03.json,7-19,11:15:38,main_7,777,  あれだけでは意味も分からんだろう？,char_003_kalts_1
level_st_07-03.json,7-19,11:15:38,main_7,781,  まだその時ではない。,char_003_kalts_1
level_st_07-03.json,7-19,11:15:38,main_7,782,  その時が来れば、自ずとわかるだろう。,char_003_kalts_1
level_st_07-03.json,7-19,11:15:38,main_7,783,  秘密というのは泉のようなものだ。望まずとも勝手にあふれ出してくる。,char_003_kalts_1
level_st_08-01.json,M8-1,血濡れの「今日」,main_8,238, ダメだ。,char_003_kalts_1
level_st_08-01.json,M8-1,血濡れの「今日」,main_8,242, この件についてはすでに何度も話し合ったはずだ、アーミヤ。,char_003_kalts_1
level_st_08-01.json,M8-1,血濡れの「今日」,main_8,243, 君のアーツは体力だけでなく、新陳代謝に必要な生理活性物質まで消耗する。,char_003_kalts_1
level_st_08-01.json,M8-1,血濡れの「今日」,main_8,244, つまり命そのものを削っているんだ。君は機械でも砲台でもない。部品のように修理や交換はできないんだぞ。,char_003_kalts_1
level_st_08-01.json,M8-1,血濡れの「今日」,main_8,248, いや。まだわかっていないようだ。,char_003_kalts_1
level_st_08-01.json,M8-1,血濡れの「今日」,main_8,249, ……また一つ、長い長い記憶が増えたんだ。それが君の身体に与える負担は今のところ未知数だ。,char_003_kalts_1
level_st_08-01.json,M8-1,血濡れの「今日」,main_8,250, シミュレーションの結果も芳しくない、その選択は却下する。,char_003_kalts_1
level_st_08-01.json,M8-1,血濡れの「今日」,main_8,255, アーミヤ、これを一種の暴力だと言ったのはあの時の君自身だ。今君が私の制止を望まないのなら、君はあの時、私にあんな約束はさせなかったのではないのか？,char_003_kalts_1
level_st_08-01.json,M8-1,血濡れの「今日」,main_8,256, 議長と私がそれらの指輪を作り出したのは、後世の人々に暴力の道を歩んでほしくなかったからだ。,char_003_kalts_1
level_st_08-01.json,M8-1,血濡れの「今日」,main_8,264, ……一つの武器を信頼することは、決して賢いことではない。,char_003_kalts_1
level_st_08-01.json,M8-1,血濡れの「今日」,main_8,265, 例えばそれを凶器ではなく、手術器具として使うというのなら、その刃を上手くコントロールしなければならない。,char_003_kalts_1
level_st_08-01.json,M8-1,血濡れの「今日」,main_8,266, だが、敵や私から見れば刃は刃……どのように使おうと、性質自体が変わることはない。,char_003_kalts_1
level_st_08-01.json,M8-1,血濡れの「今日」,main_8,267, アーミヤ……その刃は君自身を切り裂いてしまうかもしれない。,char_003_kalts_1
level_st_08-01.json,M8-1,血濡れの「今日」,main_8,272, だが傷痕は残る。見るに堪えない傷痕がな。,char_003_kalts_1
level_st_08-01.json,M8-1,血濡れの「今日」,main_8,280, あの悲しい問いかけを、再び私にさせるつもりか？,char_003_kalts_1
level_st_08-01.json,M8-1,血濡れの「今日」,main_8,284, 「私たちが武器ではないと、誰が証明できる？」,char_003_kalts_1
level_st_08-01.json,M8-1,血濡れの「今日」,main_8,285, 私たちが武器であるか否かは、一体誰が決めるんだ？,char_003_kalts_1
level_st_08-01.json,M8-1,血濡れの「今日」,main_8,286, 自我があれば武器ではないと言い切れるのか？　武器も思念を持つのではないか？　そして思念を持つ武器の方が、より恐ろしいのではないか？,char_003_kalts_1
level_st_08-01.json,M8-1,血濡れの「今日」,main_8,287, だから、アーミヤ。私は同意できない。,char_003_kalts_1
level_st_08-01.json,M8-1,血濡れの「今日」,main_8,288, 確かに――,char_003_kalts_1
level_st_08-01.json,M8-1,血濡れの「今日」,main_8,352, ああ、ハッキリと見えている。正常な視力の持ち主なら、誰でもあの現象には気付く。,char_003_kalts_1
level_st_08-01.json,M8-1,血濡れの「今日」,main_8,353, ――龍門で遭遇した特殊な感染者を覚えているか？,char_003_kalts_1
level_st_08-01.json,M8-1,血濡れの「今日」,main_8,354, 他の感染者の器官を変異させる、レユニオンの感染者の少年だ。,char_003_kalts_1
level_st_08-01.json,M8-1,血濡れの「今日」,main_8,376, ……,char_003_kalts_1
level_st_08-01.json,M8-1,血濡れの「今日」,main_8,377, 各小隊に告ぐ。我々は移動を開始する。隠密行動を維持しろ。,char_003_kalts_1
level_st_08-01.json,M8-1,血濡れの「今日」,main_8,378, それから、突入口を変更する。不測の事態が発生した――,char_003_kalts_1
level_st_08-02.json,M8-2,多言が生む「失語」,main_8,20, そこがまさに陰謀家の習性が顕れる部分だ。,char_003_kalts_1
level_st_08-02.json,M8-2,多言が生む「失語」,main_8,21, 軍閥であれ、狡猾な暴君であれ、彼らの居城は決まって難攻不落であるものだ。,char_003_kalts_1
level_st_08-02.json,M8-2,多言が生む「失語」,main_8,22, 彼らは常に、自らの悪行に対する復讐を念頭に置いている。だから自らの居城には、屈強な兵士や最新鋭の兵器を配備し、鉄壁の防衛線を敷く。,char_003_kalts_1
level_st_08-02.json,M8-2,多言が生む「失語」,main_8,23, だが、タルラの暴君のような振る舞いは、単なる演技にすぎない。だから、彼女はそのようなことはしない。,char_003_kalts_1
level_st_08-02.json,M8-2,多言が生む「失語」,main_8,26, これは経験、理論、そして現象に基づくものだ。,char_003_kalts_1
level_st_08-02.json,M8-2,多言が生む「失語」,main_8,27, だが、自信があるわけではない。推測により確度の高い結論を導き出しているだけだ。,char_003_kalts_1
level_st_08-02.json,M8-2,多言が生む「失語」,main_8,29, ……君自身の意見も聞けると期待していたのだがな。,char_003_kalts_1
level_st_08-02.json,M8-2,多言が生む「失語」,main_8,30, それとも、沈黙が君の答えなのかな？,char_003_kalts_1
level_st_08-02.json,M8-2,多言が生む「失語」,main_8,31, それならば、君の理解に感謝する。,char_003_kalts_1
level_st_08-02.json,M8-2,多言が生む「失語」,main_8,33, もし私の考えが君の賛同を得られたならば……,char_003_kalts_1
level_st_08-02.json,M8-2,多言が生む「失語」,main_8,34, 私が喜びを感じるとでも思っているのか？,char_003_kalts_1
level_st_08-02.json,M8-2,多言が生む「失語」,main_8,35, 尊重は双方向のものだ。もし君が私の観点を尊重し、それが有益であるという結論を出したのなら、私も君の観点を尊重し考慮する。ただそれだけだ。,char_003_kalts_1
level_st_08-02.json,M8-2,多言が生む「失語」,main_8,37, タルラは自分のイメージを大事にしている。一般の感染者の尊敬、サルカズ傭兵の服従、遊撃隊の信頼、熱狂的な信者からの崇拝……それら全てを一身に集める必要があるからな。,char_003_kalts_1
level_st_08-02.json,M8-2,多言が生む「失語」,main_8,38, 彼女は、自分と彼らとの距離を明確にし、これらの人々を互いに監視させなければならない。,char_003_kalts_1
level_st_08-02.json,M8-2,多言が生む「失語」,main_8,39, レユニオンの一連の状況から、はっきりと言えることが一つある。それはレユニオンの他のリーダーは、タルラの行動について多くを把握していないということだ。,char_003_kalts_1
level_st_08-02.json,M8-2,多言が生む「失語」,main_8,40, 彼女の陰謀に気付いたパトリオットでさえも、急激な変化の荒波に抗うすべはなかった。もし彼がタルラを殺せたとしても、滅亡に向かうレユニオンを止めることはできなかっただろう。,char_003_kalts_1
level_st_08-02.json,M8-2,多言が生む「失語」,main_8,41, タルラが思い描いた感染者を利用するという緻密な陰謀は……現在までのレユニオンの活動期間よりも長い時間をかけて画策されたものなのかもしれない。,char_003_kalts_1
level_st_08-02.json,M8-2,多言が生む「失語」,main_8,42, そして私は、レユニオンのこれまでの活動は全て、ある条件を前提に計画されたものだと考えている。,char_003_kalts_1
level_st_08-02.json,M8-2,多言が生む「失語」,main_8,43, 「レユニオンは事態の収拾後に消滅する」という……な。,char_003_kalts_1
level_st_08-02.json,M8-2,多言が生む「失語」,main_8,44, タルラは、必要な時に招集可能な精鋭揃いの隠密部隊を各地に配備した上で、絶好のタイミングで出動させるつもりだろう。,char_003_kalts_1
level_st_08-02.json,M8-2,多言が生む「失語」,main_8,45, ドクター、私が思うに、ウルサス帝国の第三軍は、実は感染者の自由な行動を許してはいない可能性がある。,char_003_kalts_1
level_st_08-02.json,M8-2,多言が生む「失語」,main_8,46, つまり、単に現時点におけるレユニオンのあらゆる活動が、彼らの許容範囲にあるというだけだ。表面上だけの暴動や、風紀・規律の乱れは、第三軍にとってはむしろ好都合なのかもしれない。,char_003_kalts_1
level_st_08-02.json,M8-2,多言が生む「失語」,main_8,47, だが、奴らは最後まで傍観に徹するだろうか？　リスクを承知で、一つの都市、一つの国の情勢をタルラ一人に好きに操らせておくだろうか？,char_003_kalts_1
level_st_08-02.json,M8-2,多言が生む「失語」,main_8,48, あるいは、これもタルラの計略の内であって、ウルサス軍を騙して利用し、彼女の手に余るような状況に備えて、身を潜めさせているだけなのかもしれない。,char_003_kalts_1
level_st_08-02.json,M8-2,多言が生む「失語」,main_8,49, そして時期が来れば、タルラは大義名分を掲げ……そもそも触れる事すらできなかったはずの力を行使できる。彼女の思い通りにな。,char_003_kalts_1
level_st_08-02.json,M8-2,多言が生む「失語」,main_8,50, ただし、そのためにはやはり時間が必要だ。,char_003_kalts_1
level_st_08-02.json,M8-2,多言が生む「失語」,main_8,53, 現在のレユニオンは一見、暴君のようなリーダーを求めているように見えるが、実際はそうではないからだ。,char_003_kalts_1
level_st_08-02.json,M8-2,多言が生む「失語」,main_8,54, 暴君は自分の手となり足となるものを惜しむ。時に判断ミスや一時の感情で配下を容易く処分する一方、命を落とした彼らのために涙を流す……ある意味、彼らに寄り添い、同じ地点に立っている。,char_003_kalts_1
level_st_08-02.json,M8-2,多言が生む「失語」,main_8,55, だが陰謀家は違う。ゲームの駒に喩えるならば、暴君が配下の駒と同様、常に盤上にいるのに対し、陰謀家は基本的に盤の外にいる。,char_003_kalts_1
level_st_08-02.json,M8-2,多言が生む「失語」,main_8,56, タルラも人間である以上、過ちを犯す可能性はある。だが、優れた陰謀家ならば、陰謀がレールを走り出した後は、たとえ自らの死後でもその陰謀が継続するように図るものだ。,char_003_kalts_1
level_st_08-02.json,M8-2,多言が生む「失語」,main_8,59, いいや。もしそうなら、私もわざわざロドスの仲間と共に、命の危険を冒したりはしない。,char_003_kalts_1
level_st_08-02.json,M8-2,多言が生む「失語」,main_8,60, 私が言いたいのは、タルラだけを殺したところで意味はないということだ。それなら、要所要所で彼女の計画に対抗措置を取り、その陰謀を失敗に追い込む方が賢明だろう。,char_003_kalts_1
level_st_08-02.json,M8-2,多言が生む「失語」,main_8,61, 前進する戦艦を止められないのならば、構成部品を細かく分解し、目的地に着くまでに無害な抜け殻のみにすればいい。,char_003_kalts_1
level_st_08-02.json,M8-2,多言が生む「失語」,main_8,62, ……ふむ、今のは少し誤解を与える言い方だったかもしれないな。このチェルノボーグを――中枢区画を止めなければならないことに変わりはない。,char_003_kalts_1
level_st_08-02.json,M8-2,多言が生む「失語」,main_8,69, ドクター、君はアーミヤたちが予想外の事態に遭遇する可能性について心配しているようだが――,char_003_kalts_1
level_st_08-02.json,M8-2,多言が生む「失語」,main_8,70, 今、我々の眼前の状況こそが、予想外の事態であると私は思う。,char_003_kalts_1
level_st_08-02.json,M8-2,多言が生む「失語」,main_8,79, （サルカズ某部族の言語）,char_003_kalts_1
level_st_08-02.json,M8-2,多言が生む「失語」,main_8,84, （サルカズ某部族の言語）,char_003_kalts_1
level_st_08-02.json,M8-2,多言が生む「失語」,main_8,88, ダメだな。カズデル出身でなかったとしても、母語に近い言葉には反応するはずだが……どうやら既に、自発的な思考能力が破壊されているようだ。,char_003_kalts_1
level_st_08-02.json,M8-2,多言が生む「失語」,main_8,91, 本来ならば、な。,char_003_kalts_1
level_st_08-02.json,M8-2,多言が生む「失語」,main_8,92, いや……そもそもこれは一般的な方法ではないから、君は知らなくていい。,char_003_kalts_1
level_st_08-02.json,M8-2,多言が生む「失語」,main_8,93, だがこの方法でも意識を呼び覚ませないとなると、単純な対話能力だけではなく、思考能力そのものが失われているのは確実だろう。,char_003_kalts_1
level_st_08-02.json,M8-2,多言が生む「失語」,main_8,94, 脳の活動が抑制されているか、感覚器官の感染によって、神経系が混乱しているか……いずれにしろ、原因特定には時間が足りない。,char_003_kalts_1
level_st_08-02.json,M8-2,多言が生む「失語」,main_8,95, 表面的事実から判断すると、恐らく状況は芳しくない。,char_003_kalts_1
level_st_08-02.json,M8-2,多言が生む「失語」,main_8,98, だが我々の進行を拒んでいる。感染の進んだサルカズ傭兵は、この一帯で六人前後。大半の時間を無意識のまま徘徊しているようだ。,char_003_kalts_1
level_st_08-02.json,M8-2,多言が生む「失語」,main_8,99, 行動範囲はこの通路より内側だが、今、目前にいる感染者たちは、私たちの行動に気付いて集まってきた。,char_003_kalts_1
level_st_08-02.json,M8-2,多言が生む「失語」,main_8,100, そして、私たちが境界線さえ越えなければ、彼らはそれ以上の敵対行動を起こさない。,char_003_kalts_1
level_st_08-02.json,M8-2,多言が生む「失語」,main_8,101, 偵察オペレーター、ここから石棺までの直線距離を計算できるか？　私の送る波形から位置を判定してくれ。,char_003_kalts_1
level_st_08-02.json,M8-2,多言が生む「失語」,main_8,102, ……1.4キロメートルか。精確な数値は出せるか？,char_003_kalts_1
level_st_08-02.json,M8-2,多言が生む「失語」,main_8,103," 1,453メートルだな。",char_003_kalts_1
level_st_08-02.json,M8-2,多言が生む「失語」,main_8,104, ……私の計算ミスでなければ、レユニオンの部隊とサルカズの特殊感染者が衝突した位置が、シティホールからちょうど1.4キロ前後の地点だったはずだ。,char_003_kalts_1
level_st_08-02.json,M8-2,多言が生む「失語」,main_8,105, 本来なら、シティホール地下の避難通路から石棺エリアに侵入する予定だったが、そこも今ごろは、サルカズの特殊感染者たちに占拠されているだろう。,char_003_kalts_1
level_st_08-02.json,M8-2,多言が生む「失語」,main_8,106, あくまで仮説なのだが、ドクター……,char_003_kalts_1
level_st_08-02.json,M8-2,多言が生む「失語」,main_8,109, ここにいるサルカズの特殊感染者は、石棺エリアに入ろうとする者を妨害するよう命令されている。そしてその制御範囲は1.4キロメートルだ。,char_003_kalts_1
level_st_08-02.json,M8-2,多言が生む「失語」,main_8,112, （首を横に振る）,char_003_kalts_1
level_st_08-02.json,M8-2,多言が生む「失語」,main_8,113, 少なくとも、このサルカズ人たちが望んでやるようなことではないのだろう。,char_003_kalts_1
level_st_08-02.json,M8-2,多言が生む「失語」,main_8,114, ……,char_003_kalts_1
level_st_08-02.json,M8-2,多言が生む「失語」,main_8,115, カズデルに生を受けた、悲劇の種族サルカズ……どこにいても道具として利用される運命なのか。,char_003_kalts_1
level_st_08-02.json,M8-2,多言が生む「失語」,main_8,116, あらゆる選択肢を奪われ、憎しみに身を委ねるか、あるいは全てを失うかの二者択一を迫られる……そう考えると、感染者の現在の状況もサルカズとよく似ているな。,char_003_kalts_1
level_st_08-02.json,M8-2,多言が生む「失語」,main_8,117, ……本来なら、事態を変えられるはずだった。私たちには、その力があったはずだ。,char_003_kalts_1
level_st_08-02.json,M8-2,多言が生む「失語」,main_8,118, しかし、故郷を失ったティカズ人は、今では根無し草のサルカズ人となっている。,char_003_kalts_1
level_st_08-02.json,M8-2,多言が生む「失語」,main_8,119, そして、今目の前にいるサルカズ人たちは、もはや人とすら呼べぬものになってしまったようだ。,char_003_kalts_1
level_st_08-02.json,M8-2,多言が生む「失語」,main_8,122, オペレーター各位、防護装備を確認しろ。,char_003_kalts_1
level_st_08-02.json,M8-2,多言が生む「失語」,main_8,123, 第二級の緊急感染事態が発生している可能性がある。,char_003_kalts_1
level_st_08-02.json,M8-2,多言が生む「失語」,main_8,124, ドクター、できる限り部隊の損耗を抑えつつ、多くの特殊感染者を行動不能にしたい。,char_003_kalts_1
level_st_08-02.json,M8-2,多言が生む「失語」,main_8,125, ……我々は正体を明かさずに緊急感染事態の対処を行っていた時期もある。この装備はやはり、まるでウルサスの感染者監視隊そのものだな。,char_003_kalts_1
level_st_08-02.json,M8-2,多言が生む「失語」,main_8,136, ウルサスの感染者に対する暴力的な統治の象徴である防護装備……それと私たちの防護装備は、同じデザインを基にしている。これは否定できない事実だ。,
level_st_08-02.json,M8-2,多言が生む「失語」,main_8,137, もちろん実際の活動内容は、感染者監視隊とは根本的に異なるし、外部の様々な圧力に屈することなく、今後もその違いを明確に維持していくつもりだが。,
level_st_08-02.json,M8-2,多言が生む「失語」,main_8,138, 他の物事に対しても同様だ。以前話したが、君にもそうであってほしい。,
level_st_08-05.json,M8-5,醸されし「厄運」,main_8,97, 何を躊躇している？　先鋒小隊、行け！,char_003_kalts_1
level_st_08-05.json,M8-5,醸されし「厄運」,main_8,112, 全く、人を不快にさせる感染症状だな。,char_003_kalts_1
level_st_08-05.json,M8-5,醸されし「厄運」,main_8,115, もし君が、ロスモンティス、アーミヤ、彼女たちが率いる小隊が心配じゃないのかと問うつもりならば――,char_003_kalts_1
level_st_08-05.json,M8-5,醸されし「厄運」,main_8,116, 正直、心配しても意味がないとしか言えない。,char_003_kalts_1
level_st_08-05.json,M8-5,醸されし「厄運」,main_8,117, 計画はもう走り出した。全ての車輌は設計された軌道に沿って運行している。今他人の軌道に割り込めば、どちらの車輌も脱線してしまうだろう。,char_003_kalts_1
level_st_08-05.json,M8-5,醸されし「厄運」,main_8,124, 順に片づけろ。こちらに戦場全体を処理する能力はない。,char_003_kalts_1
level_st_08-05.json,M8-5,醸されし「厄運」,main_8,128, アーミヤは成熟したリーダーであり、優秀な戦士だ。彼女は小隊のオペレーションも、私たちの作戦目的も熟知している。,
level_st_08-05.json,M8-5,醸されし「厄運」,main_8,130, ロスモンティスは強力な強襲要員であり、小隊から最も支持されるエリートオペレーターだ。作戦が彼女に合わせて作られていれば、どんな任務も完璧かつ合理的に完遂できる。,
level_st_08-05.json,M8-5,醸されし「厄運」,main_8,132, チェルノボーグはすでに嵐の中心だ。この状況では、私たちが少々何か弄ったところで、戦局は変えられない。,
level_st_08-05.json,M8-5,醸されし「厄運」,main_8,133, 彼女たちに対する最大の支援は、我々の小隊が戦略目標を首尾よく達成することだ。,
level_st_08-05.json,M8-5,醸されし「厄運」,main_8,145,  彼女は七つある訓練項目全てに耐え、個別テストではいずれも合格基準値を上回る成績を収めている。その中の三項目は特に優秀だった。,char_003_kalts_1
level_st_08-05.json,M8-5,醸されし「厄運」,main_8,150,  私が彼女を戦闘へ参加させるのは、たった一つの考えからだ。,char_003_kalts_1
level_st_08-05.json,M8-5,醸されし「厄運」,main_8,151,  もし、Rosmontisを温室の中に置き続けた場合、何らかの要因でその美しい温室環境が破壊されれば、すぐに彼女は大災害を引き起こすだろう。,char_003_kalts_1
level_st_08-05.json,M8-5,醸されし「厄運」,main_8,155,  Pith！,char_003_kalts_1
level_st_08-05.json,M8-5,醸されし「厄運」,main_8,159,  決断するのは、やれることをやりきってからだ。,char_003_kalts_1
level_st_08-05.json,M8-5,醸されし「厄運」,main_8,163,  今だ。彼女をエリートオペレーターに推し上げる。未来ではなく、今の話だ。,char_003_kalts_1
level_st_08-05.json,M8-5,醸されし「厄運」,main_8,164,  そしていち早く彼女を指導し、磨きをかけ、あの力を制御させる。彼女には常に最高水準を要求し、たとえ天災に見舞われても絶対に動揺しない意志の強さを身に着けさせる。,char_003_kalts_1
level_st_08-05.json,M8-5,醸されし「厄運」,main_8,165,  彼女がこの大地のどんな出来事にも左右されなくなるまで。,char_003_kalts_1
level_st_08-05.json,M8-5,醸されし「厄運」,main_8,166,  そうなれば彼女は、クルビア人に押し付けられた恐ろしい運命から真に脱却し、自分で自分の人生を決められるようになる。,char_003_kalts_1
level_st_08-05.json,M8-5,醸されし「厄運」,main_8,167,  これが私の目的だ。,char_003_kalts_1
level_st_08-05.json,M8-5,醸されし「厄運」,main_8,172,  成し遂げるには君も必要だ。エリートオペレーターたち全員で当たるんだ。,char_003_kalts_1
level_st_08-05.json,M8-5,醸されし「厄運」,main_8,173,  保証は私がする。私が生きてさえいれば、必ず成し遂げられると。,char_003_kalts_1
level_st_08-05.json,M8-5,醸されし「厄運」,main_8,180, 戦争というものは、温情と善良さで飾りたてればより危険になるだけだ。,char_003_kalts_1
level_st_08-05.json,M8-5,醸されし「厄運」,main_8,181, 本来、恐ろしくて残忍なものを、私はそんな風に飾りたくはない。それが決して起こるべきではないものだと知っていてもな。,char_003_kalts_1
level_st_08-05.json,M8-5,醸されし「厄運」,main_8,182, アーミヤとロスモンティスの後見人は、ロドス全体およびロドスの責任感ある全オペレーターだ。,char_003_kalts_1
level_st_08-05.json,M8-5,醸されし「厄運」,main_8,183, そのうえ、彼女たちは小隊戦術の中核を担う存在でもあるんだよ、Dr.{@nickname}。,char_003_kalts_1
level_st_08-05.json,M8-5,醸されし「厄運」,main_8,184, 彼女たちを信頼することは、自分自身を信頼するということだ。,char_003_kalts_1
level_st_08-06.json,END8-1,「終幕」或いは「序章」,main_8,15,  マズい、アーミヤ！！,char_003_kalts_1
level_st_08-06.json,END8-1,「終幕」或いは「序章」,main_8,21,  ……こっちへ連れて来てくれ、Dr.{@nickname}。,char_003_kalts_1
level_st_08-06.json,END8-1,「終幕」或いは「序章」,main_8,22,  これから私が行うことは、決して口外しないでほしい。,char_003_kalts_1
level_st_08-06.json,END8-1,「終幕」或いは「序章」,main_8,23,  チェン隊長！,char_003_kalts_1
level_st_08-06.json,END8-1,「終幕」或いは「序章」,main_8,27,  ひとまず、あの龍の監視を頼みたい。この後、すぐに収監の用意をする。何か質問はあるか？,char_003_kalts_1
level_st_08-06.json,END8-1,「終幕」或いは「序章」,main_8,34,  よし……ドクター、手を伸ばしてくれ。,char_003_kalts_1
level_st_08-06.json,END8-1,「終幕」或いは「序章」,main_8,37,  痛みはない、だが、余計なことは訊くな。,char_003_kalts_1
level_st_08-06.json,END8-1,「終幕」或いは「序章」,main_8,38,  この注射器を君の腕に刺して、少しばかり血をいただくだけだ。それ以上は答えられない。,char_003_kalts_1
level_st_08-06.json,END8-1,「終幕」或いは「序章」,main_8,39,  自分のためだと思え。,char_003_kalts_1
level_st_08-06.json,END8-1,「終幕」或いは「序章」,main_8,42,  訊くな。,char_003_kalts_1
level_st_08-06.json,END8-1,「終幕」或いは「序章」,main_8,56,  効いてきたな。アーミヤ……目を覚ませ。,char_003_kalts_1
level_st_08-06.json,END8-1,「終幕」或いは「序章」,main_8,60,  ……いや、違う。私だ、アーミヤ。,char_003_kalts_1
level_st_08-06.json,END8-1,「終幕」或いは「序章」,main_8,67,  大丈夫だ、アーミヤ。無理にしゃべる必要はない。そろそろ行くとしよう、もう大丈夫だ。,char_003_kalts_1
level_st_08-06.json,END8-1,「終幕」或いは「序章」,main_8,90,  チェン、間もなく迎えの飛行ユニットが司令塔に着陸する。急いでタルラを連れて、ここを離れるぞ。,char_003_kalts_1
level_st_08-06.json,END8-1,「終幕」或いは「序章」,main_8,94,  私たちにはタルラが必要なんだ。ロドスは誰よりも先に彼女を手に入れなければならない。,char_003_kalts_1
level_st_08-06.json,END8-1,「終幕」或いは「序章」,main_8,97,  破滅的な災いを招くのではないかと、懸念しているのだろう？,char_003_kalts_1
level_st_08-06.json,END8-1,「終幕」或いは「序章」,main_8,98,  心配する必要はない、Dr.{@nickname}。どのみちこの件に介入すると決めた時から、私たちは破滅に瀕しているんだ。,char_003_kalts_1
level_st_08-06.json,END8-1,「終幕」或いは「序章」,main_8,99,  二本の鋭い刃が我々の首元に突きつけられている。二本のうち一つは龍門、そしてもう一つはウルサスの第三軍が握っている。,char_003_kalts_1
level_st_08-06.json,END8-1,「終幕」或いは「序章」,main_8,100,  龍門の攻防戦に加担し、チェルノボーグの中枢区画を停止させて、その内幕までをも知った……これだけの理由があれば、奴らは何度ロドスを滅ぼそうと足りないだろう。,char_003_kalts_1
level_st_08-06.json,END8-1,「終幕」或いは「序章」,main_8,101,  龍門が我々を攻撃してきたら、第三軍はどうすると思う？,char_003_kalts_1
level_st_08-06.json,END8-1,「終幕」或いは「序章」,main_8,102,  答えは簡単だ、間違いなく傍観を貫くだろう。,char_003_kalts_1
level_st_08-06.json,END8-1,「終幕」或いは「序章」,main_8,103,  制服を着た処刑人共は、私たちの船が荒野で燃え尽きるのを黙って見届けるだろうさ。そうすれば、奴らの頭を煩わせるものが消えて無くなるのだから。,char_003_kalts_1
level_st_08-06.json,END8-1,「終幕」或いは「序章」,main_8,104,  逆もまた然りだ。龍門に登録されておらず、その庇護下にないただの個人企業が、不明な勢力の襲撃に遭って朽ち果てようと……,char_003_kalts_1
level_st_08-06.json,END8-1,「終幕」或いは「序章」,main_8,105,  龍門にも炎国にも、何の関わりもないことだろう？,char_003_kalts_1
level_st_08-06.json,END8-1,「終幕」或いは「序章」,main_8,106,  だがそれらは全て、こちらの手にタルラがない前提だ。,char_003_kalts_1
level_st_08-06.json,END8-1,「終幕」或いは「序章」,main_8,107,  こちらにタルラがいれば、ロドスに手を出した場合、「重要参考人タルラの身柄を奪取する意向である」と、相手に表明することと同義になる。,char_003_kalts_1
level_st_08-06.json,END8-1,「終幕」或いは「序章」,main_8,108,  「タルラを確保して優位に立ち、劣勢を覆したい」とな。,char_003_kalts_1
level_st_08-06.json,END8-1,「終幕」或いは「序章」,main_8,109,  私たちの生きる道は、奴らがそれぞれどう動くかにかかっている。,char_003_kalts_1
level_st_08-06.json,END8-1,「終幕」或いは「序章」,main_8,110,  ロドスは……龍門の豪商とウルサスの旧貴族が、向こう百年は手を取り合う可能性がほぼ皆無であるという現実を喜ぶべきだ。,char_003_kalts_1
level_st_08-06.json,END8-1,「終幕」或いは「序章」,main_8,111,  タルラが、ロドスの手の内にある限り、奴らは互いに牽制し合い、どちらも容易に手出しはできないだろう。,char_003_kalts_1
level_st_08-06.json,END8-1,「終幕」或いは「序章」,main_8,112,  自分にとっても、相手にとっても、重要な生き証人となる存在を、リスクを冒してまで手に入れるよりは、互いにそれと一定の距離を保つ方を選ぶはずだからな。,char_003_kalts_1
level_st_08-06.json,END8-1,「終幕」或いは「序章」,main_8,113,  第三軍と龍門にしてみれば、ちょっとした手違いが破滅に直結する状況だ。結局奴らは自分たちの国を代表することができないというわけだ。,char_003_kalts_1
level_st_08-06.json,END8-1,「終幕」或いは「序章」,main_8,114,  第三軍は密かにそれを試みたようだが……己の過ちにより対価を支払うことになるだろう。十分過ぎる対価をな。どちらの陣営にとってもこの賭けは危険すぎるんだ。,char_003_kalts_1
level_st_08-06.json,END8-1,「終幕」或いは「序章」,main_8,115,  だから、我々は奴らを敢えて追い込む。互いに敵を牽制させつつ、その脅威の傘の下で、陰ながら我々が守られるようにな。,char_003_kalts_1
level_st_08-06.json,END8-1,「終幕」或いは「序章」,main_8,116,  タルラはロドスにとって非常に重要な存在だ。少なくとも今は。,char_003_kalts_1
level_st_08-06.json,END8-1,「終幕」或いは「序章」,main_8,117,  まだ命のある賢い連中ならば、妥協点を見つけるだろう。そして、タルラを手にしているロドスはその妥協点となるべきだ……,char_003_kalts_1
level_st_08-06.json,END8-1,「終幕」或いは「序章」,main_8,118,  この件が重要視されなくなるまでは。もしくは、連中が次なる嵐に巻き込まれるまではな。,char_003_kalts_1
level_st_08-06.json,END8-1,「終幕」或いは「序章」,main_8,121,  ふっ……,char_003_kalts_1
level_st_08-06.json,END8-1,「終幕」或いは「序章」,main_8,122,  迎えが来たようだ。行こう、まずはアーミヤとタルラを乗せる。,char_003_kalts_1
level_st_08-06.json,END8-1,「終幕」或いは「序章」,main_8,123,  私と君は次の機体に乗る。,char_003_kalts_1
level_st_08-06.json,END8-1,「終幕」或いは「序章」,main_8,747,  尊敬するロドスのオペレーターの諸君、ケルシーだ。,
level_st_08-06.json,END8-1,「終幕」或いは「序章」,main_8,748,  皆の努力の末、チェルノボーグ事件も、ようやく平和的と言える収束を迎えた。,
level_st_08-06.json,END8-1,「終幕」或いは「序章」,main_8,795,  ――多くの真実は、永遠にチェルノボーグの瓦礫の下に、埋もれてしまうだろう。,
level_st_08-06.json,END8-1,「終幕」或いは「序章」,main_8,796,  この大地はこんなにも無情だからだ。,
level_st_08-06.json,END8-1,「終幕」或いは「序章」,main_8,797,  だが、ロドスは忘れたりはしない。そのためにどれだけ多くのものを背負おうと……忘れてはならない。,
level_st_08-06.json,END8-1,「終幕」或いは「序章」,main_8,798,  ロドスのオペレーターは、決して誰か一人の人間や、何か一つのことのために命を犠牲にしたのではない。,
level_st_08-06.json,END8-1,「終幕」或いは「序章」,main_8,836,  私たちが事業に邁進するのは、結果を得るためではない。,
level_st_08-06.json,END8-1,「終幕」或いは「序章」,main_8,837,  何かを行うにしても、決して成果を求めてはいない。,
level_st_08-06.json,END8-1,「終幕」或いは「序章」,main_8,838,  ビジネスの観点から見れば、このような戦略は愚かだろう。しかし私たちの命は、物質的側面しか持たないモノではない。,
level_st_08-06.json,END8-1,「終幕」或いは「序章」,main_8,839,  勇敢なオペレーターたちが、その行動で示してくれたように、命の価値というのは、誰か一人――もしくは多くの者の生存を保証するだけではない、生物学的な意味だけでもない……,
level_st_08-06.json,END8-1,「終幕」或いは「序章」,main_8,840,  我々は文明的な道徳観の上に立ち、生きて行かねばならない。ロドスは確信している、未来の命には支えが必要だということを。,
level_st_08-06.json,END8-1,「終幕」或いは「序章」,main_8,841,  我々はこの大地の傷を癒やすという信念のために戦っているのだ。,
level_st_08-06.json,END8-1,「終幕」或いは「序章」,main_8,876,  その信念のために、我らは犠牲を払ったのだ。,
level_st_08-06.json,END8-1,「終幕」或いは「序章」,main_8,877,  ――Ace小隊、十三名。Ace、バッドトム、ハードブリック、ケルグ――,
level_st_08-06.json,END8-1,「終幕」或いは「序章」,main_8,878,  ――ウッドスプーン、セブンティーン、ブロンズノーズ、ビーン、ルナシルバー、コンフィデンティ、サンドウォッシュ、バイオレットフレイム、カリエス。,
level_st_08-06.json,END8-1,「終幕」或いは「序章」,main_8,879,  アーミヤ小隊、十三名。ディムニードル、B-ソフトハンド、チリジミー、キーンイヤー――,
level_st_08-06.json,END8-1,「終幕」或いは「序章」,main_8,880,  ――アンガーネイジング、サンティ、マルコ・スミス、フェード――,
level_st_08-06.json,END8-1,「終幕」或いは「序章」,main_8,881,  ――ディバイド、リーシャ、ワイルドアッシュ、フォイ・インディゴジェイド、フロストノヴァ。,
level_st_08-06.json,END8-1,「終幕」或いは「序章」,main_8,889,  フロストノヴァを死亡者リストに入れることはできない。,char_003_kalts_1
level_st_08-06.json,END8-1,「終幕」或いは「序章」,main_8,892,  君が認めても、我々の正式なオペレーターではないからだ。,char_003_kalts_1
level_st_08-06.json,END8-1,「終幕」或いは「序章」,main_8,893,  レユニオンのメンバーを受け入れ、未だ潰えぬ怒りを宿したロドスのオペレーターたちの心を乱すというのか？　そんなことを君がするべきではない。,char_003_kalts_1
level_st_08-06.json,END8-1,「終幕」或いは「序章」,main_8,896,  それで十分だと思っているのか？,char_003_kalts_1
level_st_08-06.json,END8-1,「終幕」或いは「序章」,main_8,902,  ……わかった。,char_003_kalts_1#2
level_st_08-06.json,END8-1,「終幕」或いは「序章」,main_8,903,  了承しよう。君は自分の責任を背負った。,char_003_kalts_1#2
level_st_08-06.json,END8-1,「終幕」或いは「序章」,main_8,904,  ……これからの君も、今の君のようにいてくれることを願う。,char_003_kalts_1#2
level_st_08-06.json,END8-1,「終幕」或いは「序章」,main_8,905, ――この前のことは謝ろう、Dr.{@nickname}。,char_003_kalts_1#2
level_st_08-06.json,END8-1,「終幕」或いは「序章」,main_8,906,  石棺エリアで最後に君が問いかけてきた質問だが、それに答えることはできない。今後、永遠にだ。,char_003_kalts_1#2
level_st_08-06.json,END8-1,「終幕」或いは「序章」,main_8,907,  残念だが、真実を隠そうとしているわけではないんだ。ただ、君の求めている答えを教えることはできない。私もPRTSも君に説明することは難しい。責務を果たせなくて申し訳ない。,char_003_kalts_1#2
level_st_08-06.json,END8-1,「終幕」或いは「序章」,main_8,908,  だが、その時が来れば、答えは自ずと君の前に現れるはずだ。,char_003_kalts_1#2
level_st_08-06.json,END8-1,「終幕」或いは「序章」,main_8,909,  ドクター……,char_003_kalts_1#2
level_st_08-06.json,END8-1,「終幕」或いは「序章」,main_8,910,  真実が明らかになるその日、君がきちんと準備できていると期待してもいいだろうか？,char_003_kalts_1#2
level_st_08-06.json,END8-1,「終幕」或いは「序章」,main_8,911,  それと、Dr.{@nickname}。,char_003_kalts_1#2
level_st_08-06.json,END8-1,「終幕」或いは「序章」,main_8,912,  アーミヤはすでに色々なものを背負ってきた。これ以上……彼女には好ましくない思い出を残してほしくないんだ。,char_003_kalts_1#2
level_st_08-06.json,END8-1,「終幕」或いは「序章」,main_8,913,  逆に、私たち自身でもまだ直視できていないようなものは、私たちが彼女のために背負うべきだ。私たちにならできる。,char_003_kalts_1#2
level_st_08-06.json,END8-1,「終幕」或いは「序章」,main_8,914,  君がここに留まり、今と変わらずにいてくれればな。,char_003_kalts_1#2
level_st_08-06.json,END8-1,「終幕」或いは「序章」,main_8,928,  Scout小隊、十三名。Scout、ムラム、カクテル――,
level_st_08-06.json,END8-1,「終幕」或いは「序章」,main_8,929,  ――スリンカー、ミミ、レイファ、ソラナ、マリー――,
level_st_08-06.json,END8-1,「終幕」或いは「序章」,main_8,930,  ――サムタック、ユラン、ユン、プータル、スコーピオン。,
level_st_08-06.json,END8-1,「終幕」或いは「序章」,main_8,931,  ロスモンティス小隊、一名。ブリッシュシルバー。Raidian小隊、一名。リクサ。,
level_st_08-06.json,END8-1,「終幕」或いは「序章」,main_8,932,  この度のチェルノボーグ事件での犠牲者は計四十一名。,
level_st_08-06.json,END8-1,「終幕」或いは「序章」,main_8,933,  我々ロドスは決して彼らを忘れない……彼らの名は永遠にロドスに刻まれる。,
level_st_08-06.json,END8-1,「終幕」或いは「序章」,main_8,934,  ロドスが消滅してしまったとしても、彼らがロドスのために行ったことはこの大地にその足跡を残す。,
level_st_08-06.json,END8-1,「終幕」或いは「序章」,main_8,1105,  ヴィーナ！　こちらへ来てくれ、話がある。,
level_st_08-06.json,END8-1,「終幕」或いは「序章」,main_8,1107,  待て。先に聞いておく、準備はできているのか？,
level_st_09-03.json,9-20,目前の大嵐,main_9,14,それは遺品と骨箱か。,char_003_kalts_1
level_st_09-03.json,9-20,目前の大嵐,main_9,15,チェルノボーグ事変以来、十一ヶ月と二十七日の間、この緊急通信音をロドス甲板で耳にすることはなかった。,char_003_kalts_1
level_st_09-03.json,9-20,目前の大嵐,main_9,16,――今回の犠牲者は誰だ？,char_003_kalts_1
level_st_09-03.json,9-20,目前の大嵐,main_9,20,……,char_003_kalts_1
level_st_09-03.json,9-20,目前の大嵐,main_9,21,では、その手に握っているのは、彼女のシリンダーか。,char_003_kalts_1
level_st_09-03.json,9-20,目前の大嵐,main_9,22,……甚だ不本意だが、先ほどの通信音が聞こえた時、私は確かにこの事態を予感していた。,char_003_kalts_1
level_st_09-03.json,9-20,目前の大嵐,main_9,23,Outcastとはかつて、とある賭けをしていたのだが――,char_003_kalts_1
level_st_09-03.json,9-20,目前の大嵐,main_9,24,勝ったのはやはり、彼女の方だったようだ。,char_003_kalts_1
level_st_09-03.json,9-20,目前の大嵐,main_9,30,……彼女を含めて、異議を唱える者などいないだろう。,char_003_kalts_1
level_st_09-03.json,9-20,目前の大嵐,main_9,34,Misery。君の答えは承知している。,char_003_kalts_1
level_st_09-03.json,9-20,目前の大嵐,main_9,40,君たちも知っての通り、私の立場は常に変わらないものだが――,char_003_kalts_1
level_st_09-03.json,9-20,目前の大嵐,main_9,41,君たちが私の提案を支持するか否かにかかわらず、強調しておかねばなるまい。いかなる場合においても、ロドスが個人的な感情を解決するためだけに航路を変えることはない。,char_003_kalts_1
level_st_09-04.json,9-21,再燃,main_9,88,  ……,char_003_kalts_1
level_st_09-04.json,9-21,再燃,main_9,89,  急性病巣の切除に成功した。,char_003_kalts_1
level_st_09-04.json,9-21,再燃,main_9,90,  点滴を維持してくれ。,char_003_kalts_1
level_st_09-04.json,9-21,再燃,main_9,94,  創部、洗浄完了……,char_003_kalts_1
level_st_09-04.json,9-21,再燃,main_9,95,  患者のバイタルは？,char_003_kalts_1
level_st_09-04.json,9-21,再燃,main_9,103,  慌てるな。,char_003_kalts_1
level_st_09-04.json,9-21,再燃,main_9,104,  内圧及び外圧を調整し、すぐに注射を行う。,char_003_kalts_1
level_st_09-04.json,9-21,再燃,main_9,105,  止血準備。,char_003_kalts_1
level_st_09-04.json,9-21,再燃,main_9,109,  ……,char_003_kalts_1
level_st_09-04.json,9-21,再燃,main_9,226,  ……,char_003_kalts_1#3
level_st_09-04.json,9-21,再燃,main_9,235,  落ち着け。,char_003_kalts_1
level_st_09-04.json,9-21,再燃,main_9,236,  ……連絡可能なオペレーター全員に通知してくれ。すぐに監禁室へ向かってほしい、と。,char_003_kalts_1
level_st_09-04.json,9-21,再燃,main_9,237,  それと、ブレイズには「多少であれば、艦内設備を破壊しても構わない」と伝えてほしい。,char_003_kalts_1
level_st_09-04.json,9-21,再燃,main_9,241,  では、残りの人員で手術を続行しよう。,char_003_kalts_1#2
level_st_09-04.json,9-21,再燃,main_9,242,  外で発生した問題は、ほかのオペレーターたちが解決してくれる。,char_003_kalts_1#2
level_st_09-04.json,9-21,再燃,main_9,243,  ――集中しろ。手術室における最も重要なものは、患者の命をおいてほかにない。,char_003_kalts_1#2
level_st_09-04.json,9-21,再燃,main_9,247,  ……,char_003_kalts_1#3
level_st_09-04.json,9-21,再燃,main_9,249,  …………,char_003_kalts_1#2
level_st_09-04.json,9-21,再燃,main_9,940,  撃ち落とせ、Mon3tr。,char_003_kalts_1#3
level_st_09-04.json,9-21,再燃,main_9,958,  ……,char_003_kalts_1#3
level_st_09-04.json,9-21,再燃,main_9,964,  クルビアの飛行ユニットか。奴らは、濃霧の中で好機を待ち続けていたのだろう。,char_003_kalts_1#3
level_st_09-04.json,9-21,再燃,main_9,965,  とにかく、今は一刻も早くアーミヤを床に寝かせてやってくれ。,char_003_kalts_1#3
level_st_09-04.json,9-21,再燃,main_9,971,  ……,char_003_kalts_1#3
level_st_09-04.json,9-21,再燃,main_9,1007,  落ち着け……眠っているだけだ。,char_003_kalts_1
level_st_09-04.json,9-21,再燃,main_9,1008,  だがこれは、単純なアーツとは思えない。恐らく、植物性の毒素によるものだろう。……――ブレイズ。,char_003_kalts_1
level_st_09-04.json,9-21,再燃,main_9,1014,  アーミヤを医務室へ運んでくれ。,char_003_kalts_1
level_st_09-04.json,9-21,再燃,main_9,1018,  そう自責の念に駆られる必要はない。あのサルカズたちも、決して並の相手ではなかったのだから。,char_003_kalts_1
level_st_09-04.json,9-21,再燃,main_9,1025,  ……Guardか……,char_003_kalts_1
level_st_09-04.json,9-21,再燃,main_9,1026,  十全な準備を整えて来た彼らに対し、こちらは不意を突かれてのことだった。あまり気に病むな。,char_003_kalts_1
level_st_09-04.json,9-21,再燃,main_9,1035,  まずは被害状況を確認し、負傷者を安全な場所へ移動させよう。話はそのあとだ。,char_003_kalts_1
level_st_09-04.json,9-21,再燃,main_9,1042,  聞いている。,char_003_kalts_1
level_st_09-04.json,9-21,再燃,main_9,1047,  ……ヴィクトリアへの入国予定日は既に近付いている。,char_003_kalts_1
level_st_09-04.json,9-21,再燃,main_9,1048,  君にあてがえる人員は、非常に限られているぞ。,char_003_kalts_1
level_st_09-04.json,9-21,再燃,main_9,1052,  ……では、ドクター。,char_003_kalts_1
level_st_09-04.json,9-21,再燃,main_9,1053,  悪いが、先にクロージャの件を手伝ってやってくれ。彼女は……滅多なことでは、こんな目をしないんだ。,char_003_kalts_1
level_st_09-04.json,9-21,再燃,main_9,1059,  ……君は、最後に身を挺してアーミヤを守ってくれた。,char_003_kalts_1
level_st_09-04.json,9-21,再燃,main_9,1060,  ありがとう。,char_003_kalts_1
level_st_09-04.json,9-21,再燃,main_9,1120,  レユニオンは濃霧と天災に身を隠し、この船を十数日は追跡した上でシステムへの侵入を早期に行っていた……すぐに手を出してこなかったのは、我々が最も気を緩める時を待っていたためだろう。,char_003_kalts_1
level_st_09-04.json,9-21,再燃,main_9,1121,  確かに、我々はタルラを取り戻さなければならない。だが現時点においては、龍門とウルサスにロドス本艦を追われる理由がなくなったと考えれば、悪いことばかりというわけでもない。,char_003_kalts_1
level_st_09-04.json,9-21,再燃,main_9,1122,  ……アーミヤ。ヴィクトリアは近付きつつあるんだ。,char_003_kalts_1
level_st_10-01.json,10-1,追われる者,main_10,187,  よし。起動までに、接舷エリアが正常に使用できるよう確認をしておいてくれ。,char_003_kalts_1#1
level_st_10-01.json,10-1,追われる者,main_10,191, ワルファリン、重篤患者の移送は済んだか？,char_003_kalts_1#1
level_st_10-01.json,10-1,追われる者,main_10,197, ……事態は逼迫してる。,char_003_kalts_1#1
level_st_10-01.json,10-1,追われる者,main_10,203, ロドスの運営は、平時の通りなされねばならない。,char_003_kalts_1#1
level_st_10-01.json,10-1,追われる者,main_10,205, ワルファリン、第一回の決議で、我々はすでに合意に達している。,char_003_kalts_1#1
level_st_10-01.json,10-1,追われる者,main_10,209, ん？,char_003_kalts_1#1
level_st_10-01.json,10-1,追われる者,main_10,215, 君が現在置かれているその状況は、他の多くのオペレーターと共通のものだ。そして、私は本人の長期的目標と無関係な任務への参加を、オペレーターの誰一人に対しても強いるつもりはない。,char_003_kalts_1#1
level_st_10-01.json,10-1,追われる者,main_10,217, なにより、たとえ我々が他に採らねばならない行動があったところでそれを各地の感染者を放置して実行できるかという問題は常に存在する。,char_003_kalts_1#1
level_st_10-01.json,10-1,追われる者,main_10,223, ロンディニウム付近に着けば知らせが本艦まで届くはずだ。,char_003_kalts_1#1
level_st_10-01.json,10-1,追われる者,main_10,301, ……もし本当にアーツ又はその他の方法を用いてロドスを隠せるのであれば、今日までもったいぶらずに十数年前には使っていただろう。,char_003_kalts_1#1
level_st_10-01.json,10-1,追われる者,main_10,307, Dr.{@nickname}はある面において……思考の道筋が独特であるといえる。,char_003_kalts_1#1
level_st_10-01.json,10-1,追われる者,main_10,309, それに折よく、クロージャが個人的な趣味で、過去数年にわたりエンジニア部を主導して廃品回収作業にも運用できる技術を開発していたからな。,char_003_kalts_1#1
level_st_10-01.json,10-1,追われる者,main_10,311, いずれにせよ、「採掘場廃工業装備回収機関」というのは名目としては悪くない。幾人かの友人からの援助もあり、現時点までの状況を俯瞰するに、計画はおおむね成功していると言える。,char_003_kalts_1#1
level_st_10-01.json,10-1,追われる者,main_10,313, 今後の展望に関しては……アーミヤとヴィーナ次第だな。,char_003_kalts_1#1
level_st_10-03.json,10-18,理想の倒景,main_10,352,出てくる際、君をつける者はいなかったか？,char_003_kalts_1#2
level_st_10-03.json,10-18,理想の倒景,main_10,357,君はもう十分に優秀だ。お父上も誇りに思うだろう。,char_003_kalts_1#4
level_st_10-03.json,10-18,理想の倒景,main_10,366,ハイディ、君は確かに準備ができている。,char_003_kalts_1#4
level_st_10-03.json,10-18,理想の倒景,main_10,374,彼女が現在安全であることは確認している。,char_003_kalts_1#4
level_st_10-03.json,10-18,理想の倒景,main_10,375,随分ロンディニウムに戻っていなかったからな。私にはまだ処理しなければならないことがある。,char_003_kalts_1#4
level_st_10-03.json,10-18,理想の倒景,main_10,387,――生きていたのか。,char_003_kalts_1#3
level_st_10-03.json,10-18,理想の倒景,main_10,388,今回は何を説明してほしいんだ、W？,char_003_kalts_1#3
level_st_12-02.json,12-11,時は待たず,main_12,54,……,avg_npc_412_1#10$1
level_st_12-02.json,12-11,時は待たず,main_12,63,ううっ……,
level_st_12-02.json,12-11,時は待たず,main_12,67,ここは……,
level_st_12-02.json,12-11,時は待たず,main_12,75,ドクターとアーミヤは、どこにいる。,
level_st_12-02.json,12-11,時は待たず,main_12,80,どうやら無事のようだな。,
level_st_12-02.json,12-11,時は待たず,main_12,84,私たちは今どこにいる？,
level_st_12-02.json,12-11,時は待たず,main_12,89,確かに、アスカロンと検討した方策の中には最悪な状況において、元バベルメンバーの一部の力を借りることを想定したものも存在した。,
level_st_12-02.json,12-11,時は待たず,main_12,93,だが、それでも君に感謝しよう、W。,
level_st_12-02.json,12-11,時は待たず,main_12,94,君の言う通り、誠心誠意感謝している。,
level_st_12-02.json,12-11,時は待たず,main_12,102,……,
level_st_12-02.json,12-11,時は待たず,main_12,103,W。,
level_st_12-02.json,12-11,時は待たず,main_12,107,……支えてくれないか。体を起こしたい。,
level_st_12-02.json,12-11,時は待たず,main_12,126,感謝する。,char_003_kalts_1#4
level_st_12-02.json,12-11,時は待たず,main_12,128,ロンディニウムからの撤退は非常にリスクの高い行動だ。我々の現在の状況は？,char_003_kalts_1
level_st_12-02.json,12-11,時は待たず,main_12,132,私は君の判断を聞きたい。傭兵は危険に対して誰より鋭い嗅覚を備えているからな。,char_003_kalts_1
level_st_12-02.json,12-11,時は待たず,main_12,142,大公爵……,char_003_kalts_1#3
level_st_12-02.json,12-11,時は待たず,main_12,144,ということは、戦争はやはり勃発したのか。,char_003_kalts_1
level_st_12-02.json,12-11,時は待たず,main_12,149,私は今まで一度たりとも後悔したことなどない。,char_003_kalts_1
level_st_12-02.json,12-11,時は待たず,main_12,161,だが時折感じることはある……,
level_st_12-02.json,12-11,時は待たず,main_12,162,……疲れたと。,
level_st_12-02.json,12-11,時は待たず,main_12,164,私は、自分のことを陰に隠れて歴史の行方を操作しようとする人間だとは思っていないんだ。確かに物事が自分の望む通りに展開してほしいと願うことはあるがな。,
level_st_12-02.json,12-11,時は待たず,main_12,165,私……そしてかつての私は、非常に多くの手段を講じた。そのうちの一部は成功し、残りはその後、まだ再考の余地があることが証明された。,
level_st_12-02.json,12-11,時は待たず,main_12,166,しかし今なお変わることなく、私は断言できる。あらゆる選択は、理性に基づいて判断されたものであり、その選択がなされた時点で採り得た最良のものであると。,
level_st_12-02.json,12-11,時は待たず,main_12,168,……ああ、「最良」だ。この言葉は、その選択をすることで全ての問題を解決できるような錯覚をもたらす。,
level_st_12-02.json,12-11,時は待たず,main_12,169,だが実際にはそうではない。私はただ、事態が最悪の方向へと発展しないよう押し留めることしかできなかった。,
level_st_12-02.json,12-11,時は待たず,main_12,170,そして私が何度試みようと、どう足掻こうと、最終的に訪れる結末は往々にして、一個人のもたらす影響には限りがあることを示すものであった。,
level_st_12-02.json,12-11,時は待たず,main_12,171,その「一個人」が誰であろうとだ。,
level_st_12-02.json,12-11,時は待たず,main_12,172,ケルシーという名とケルシーの持つ記憶が、この大地を長く歩いてきたとしても、私にできることは……微々たるものという言葉が相応しい。,
level_st_12-02.json,12-11,時は待たず,main_12,175,W、私は……かつての私は一度、カズデルを滅ぼしたことがある。その時の私は、それが平和をもたらす唯一の手段だと信じていた。,
level_st_12-02.json,12-11,時は待たず,main_12,176,我々は当時の魔王の首を落とすことに成功した。完全なる勝利に爪をかけ、計画に基づき、魔王の権力は回収されるはずだった。,
level_st_12-02.json,12-11,時は待たず,main_12,177,私は生じうるあらゆる可能性への対応策を用意し、潜在的な魔王の継承者を全員自分の監視下に置いた。,
level_st_12-02.json,12-11,時は待たず,main_12,178,だがテレジアは、あの瞬間……黒い王冠を拾い上げることを選んだのだ。,
level_st_12-02.json,12-11,時は待たず,main_12,182,私たちはただ、サルカズと他の者には、我々が思うほど違いはないのだと気付いただけだ。いかなる種族にも劣っていない。同時に、高尚でもない。,
level_st_12-02.json,12-11,時は待たず,main_12,183,どこから来たにせよ、我々はすでに源石によって似たような姿に変えられ、似たような感情と欲望を有するようになった。,
level_st_12-02.json,12-11,時は待たず,main_12,184,今のこの大地はとても醜い。サルカズの魂の囁きによると、彼らはかつてこの世界の支配者であったが、虐殺され、抑圧され、寄る辺がない状態が何千年も続いているということだった。,
level_st_12-02.json,12-11,時は待たず,main_12,185,だが私はかつて、あれよりも更に遥かなる過去の光景を見てきた。サルカズだけがこの大地を歩く時代の姿を。,
level_st_12-02.json,12-11,時は待たず,main_12,186,「サルカズ」という呼称は略称であり、加害者たちの傲慢極まりない自称だった。そして被害者たちの団結のスローガンにもなった。,
level_st_12-02.json,12-11,時は待たず,main_12,187,ジャールとゴリアテの差はあのように大きい。サイクロプスと炎魔の外見も全くといって共通点はない。であるのに、彼らはなぜ同じ「サルカズ」として括られているのか？,
level_st_12-02.json,12-11,時は待たず,main_12,188,ブラッドブルードが自らの国家を樹立したとして、その国家は傲慢なヴィクトリアとどう異なるというのだ？　ナハツェーラーが文明を統べた時、その文明は冷酷なウルサスとどう違う？,
level_st_12-02.json,12-11,時は待たず,main_12,189,私とテレジアは答えを出した。こうした争いは、不毛で決して未来に繋がるものではないと。,
level_st_12-02.json,12-11,時は待たず,main_12,190,テレジアは魔王の記憶の中に深く潜り込むことができたゆえに、私がずっと憂えていたその可能性を理解してくれた。,
level_st_12-02.json,12-11,時は待たず,main_12,191,私たちに……この大地に残された時間は、多くはないのだ。,
level_st_12-02.json,12-11,時は待たず,main_12,207,まさにW、君が歴史に興味を持たないからこそだ。,char_003_kalts_1
level_st_12-02.json,12-11,時は待たず,main_12,208,歴史は君たちを……ブラッドブルード、リッチ、ナハツェーラー、変形者、アンズーリシックたちを「サルカズ」と定義したが、それと同時に「サルカズ」は過去に囚われる奴隷となった。,char_003_kalts_1
level_st_12-02.json,12-11,時は待たず,main_12,210,カズデルは再建される。だがそれは一体何の上に再建されるんだ？,char_003_kalts_1#4
level_st_12-02.json,12-11,時は待たず,main_12,211,W、君のような人間であれば、異なる回答を持ち合わせているかもしれない。,char_003_kalts_1#4
level_st_13-02.json,13-9,冠を狙う者,main_13,19,Wは戻ったか？,char_003_kalts_1
level_st_13-02.json,13-9,冠を狙う者,main_13,26,彼女が今回の作戦に費やした時間は、すでに想定上の最悪を超えている。,char_003_kalts_1
level_st_13-02.json,13-9,冠を狙う者,main_13,28,ナイチンゲールの容態はどうだ？,char_003_kalts_1
level_st_13-02.json,13-9,冠を狙う者,main_13,43,通常の感染症状ではないな。,char_003_kalts_1
level_st_13-02.json,13-9,冠を狙う者,main_13,51,君は戸惑っている。,char_003_kalts_1
level_st_13-02.json,13-9,冠を狙う者,main_13,53,一人で聴罪師に会いに行ってからというもの、ずっとな。,char_003_kalts_1
level_st_13-02.json,13-9,冠を狙う者,main_13,55,君が当初、ロンディニウムへの同行を希望した理由をまだ覚えているか？,char_003_kalts_1
level_st_13-02.json,13-9,冠を狙う者,main_13,59,たとえ彼女の病状の詳細が不明だろうと、いわゆる「完治」という言葉が何を意味するのかは我々も分かっている。,char_003_kalts_1
level_st_13-02.json,13-9,冠を狙う者,main_13,63,君たちのことは信頼している。,char_003_kalts_1
level_st_13-02.json,13-9,冠を狙う者,main_13,65,君がナイチンゲールを見つめる目に宿るのは、決して憐憫だけではない。君が彼女の医師であるだけでなく、彼女もまた君の恐怖を治療しているんだ。,char_003_kalts_1
level_st_13-02.json,13-9,冠を狙う者,main_13,67,身体に欠陥を抱えてはいるものの、彼女は「使徒」の一員であり、君と同じ道を行く者だ。誰かの庇護を必要とする、か弱く臆病な花ではない。,char_003_kalts_1
level_st_13-02.json,13-9,冠を狙う者,main_13,69,聴罪師の秘密は確かに不愉快極まるものだった。だが我々が真相を暴く可能性を得るには、最奥に潜むあの憎き潜伏者に相対する他ないのかもしれない。,char_003_kalts_1
level_st_13-02.json,13-9,冠を狙う者,main_13,73,シャイニング、君が不安を感じているのは分かっている。,char_003_kalts_1
level_st_13-02.json,13-9,冠を狙う者,main_13,75,だが我々が協力を結んだ当初に述べた通り、ロドスは必要とあらば力を貸すことを惜しまない。,char_003_kalts_1
level_st_13-02.json,13-9,冠を狙う者,main_13,173,Mon3tr！,char_003_kalts_1
level_st_13-02.json,13-9,冠を狙う者,main_13,221,Mon3tr、メルトダウン！,char_003_kalts_1
level_st_13-02.json,13-9,冠を狙う者,main_13,263,……いや。,char_003_kalts_1#2
level_st_13-02.json,13-9,冠を狙う者,main_13,265,奴らはアーミヤに打ち勝ってはいない。,char_003_kalts_1#2
level_st_13-02.json,13-9,冠を狙う者,main_13,278,Mon3tr！,char_003_kalts_1#3
level_st_13-02.json,13-9,冠を狙う者,main_13,361,ナイチンゲール、止めろ！,char_003_kalts_1#3
level_st_13-02.json,13-9,冠を狙う者,main_13,363,これは罠だ、奴は君たちのアーツが共鳴するのを待っているんだ！,char_003_kalts_1#3
level_st_13-02.json,13-9,冠を狙う者,main_13,728,追うな、無意味だ。,char_003_kalts_1
level_st_13-02.json,13-9,冠を狙う者,main_13,731,すぐに損害を確認し、移動の準備をするぞ。負傷者たちの容態はいまだ不安定だが、この場所はもはや露見してしまった。,char_003_kalts_1
level_st_13-02.json,13-9,冠を狙う者,main_13,735,オペレーター・ナイチンゲールはロドス医療部の一員だ。彼女に対する拘束、及び暴行を許すわけにはいかない。,char_003_kalts_1
level_st_13-02.json,13-9,冠を狙う者,main_13,737,だが軽率に行動すれば、必ず彼女をより厄介な状況に陥れてしまうだろう。我々が立ち向かうべき相手は……何千年もの間王冠を狙ってきた、不滅の「魔王」なのだから。,char_003_kalts_1
level_st_13-02.json,13-9,冠を狙う者,main_13,739,クイサルトゥシュタ。扉を叩く者、王を奪いし王。,char_003_kalts_1
level_st_13-02.json,13-9,冠を狙う者,main_13,741,聴罪師たちの脅威には気づいていた。バベルにいた頃も、数多講じた措置がすべて徒労に終わってしまった。,char_003_kalts_1
level_st_13-02.json,13-9,冠を狙う者,main_13,743,テレシスは奴らをうまく隠していた。奴らが単なる摂政王の側近に過ぎないと思わせるほどに。,char_003_kalts_1
level_st_13-02.json,13-9,冠を狙う者,main_13,759,……君たちを信じよう。,char_003_kalts_1
level_st_13-02.json,13-9,冠を狙う者,main_13,761,アスカロン、アーミヤは？,char_003_kalts_1
level_st_13-02.json,13-9,冠を狙う者,main_13,769,……アーミヤと「魔王」の結びつきが強まりつつある。彼女のことを信じるしかない。,char_003_kalts_1
level_st_13-02.json,13-9,冠を狙う者,main_13,775,……,char_003_kalts_1
level_st_13-02.json,13-9,冠を狙う者,main_13,777,「特殊」か。,char_003_kalts_1
level_st_13-02.json,13-9,冠を狙う者,main_13,779,変形者殿、此度の協力に感謝します。我々に対し何か求めるものはありますか？,char_003_kalts_1
level_st_13-02.json,13-9,冠を狙う者,main_13,792,……,char_003_kalts_1
level_st_13-02.json,13-9,冠を狙う者,main_13,794,クロージャとフェイストに知らせよう。三時間後に出発するから、ここを完全に片付けてくれと。,char_003_kalts_1
level_st_13-02.json,13-9,冠を狙う者,main_13,796,それと、当初の計画通りブレントウードに向かう旨の伝言をWに残しておく。,char_003_kalts_1
level_st_13-02.json,13-9,冠を狙う者,main_13,798,確かに我々は……あまり時間を無駄にはできない。,char_003_kalts_1
level_st_13-03.json,13-22,蓄積された災厄,main_13,99,……,char_003_kalts_1#2
level_st_13-03.json,13-22,蓄積された災厄,main_13,105,三時間と十四分だ。,char_003_kalts_1#2
level_st_13-03.json,13-22,蓄積された災厄,main_13,111,彼らを信じてやってくれ。,char_003_kalts_1
level_st_13-03.json,13-22,蓄積された災厄,main_13,113,今我々にできることと言えば、彼らを信じてやることだけだ。,char_003_kalts_1
level_st_13-03.json,13-22,蓄積された災厄,main_13,172,戦闘準備だ。あの巨獣が戻ってくるぞ。,char_003_kalts_1#3
level_st_13-03.json,13-22,蓄積された災厄,main_13,174,Mon3tr、待機していろ。,char_003_kalts_1#3
level_st_13-03.json,13-22,蓄積された災厄,main_13,176,どちらが帰ってきたかは、私たちでは断言できないからな。,char_003_kalts_1#3
level_st_13-03.json,13-22,蓄積された災厄,main_13,206,Mon3tr！,char_003_kalts_1#3
level_st_13-03.json,13-22,蓄積された災厄,main_13,221,……Mon3tr、彼女を下ろしてやれ。,char_003_kalts_1#2
level_st_13-03.json,13-22,蓄積された災厄,main_13,257,君はスカーモールの者だな？,char_003_kalts_1#2
level_st_13-03.json,13-22,蓄積された災厄,main_13,263,その「老いぼれ」とは、ここの事柄を終えた後にじっくりと君を通じて話をさせてもらおう。,char_003_kalts_1
level_st_13-03.json,13-22,蓄積された災厄,main_13,265,カズデルに残ってそこを防衛しているのが彼らだ。それに、現在カズデルを管轄している軍事委員会のメンバーならすでにリッチが接触している。,char_003_kalts_1
level_st_13-03.json,13-22,蓄積された災厄,main_13,267,向こうは直に、選択に打って出る必要が出てくるだろう。,char_003_kalts_1
level_st_13-03.json,13-22,蓄積された災厄,main_13,296,アーミヤ。,char_003_kalts_1#2
level_st_13-03.json,13-22,蓄積された災厄,main_13,298,その指輪……力を行使したな？,char_003_kalts_1#2
level_st_13-03.json,13-22,蓄積された災厄,main_13,302,アーミヤ、手を見せてくれ。,char_003_kalts_1#1
level_st_13-03.json,13-22,蓄積された災厄,main_13,313,……感情と記憶の扱い方がますます熟達してきたな。,char_003_kalts_1#2
level_st_13-03.json,13-22,蓄積された災厄,main_13,325,以前と同じ、右手の人差し指の指輪が破裂した。幸いにして、今回はあくまで力を使い過ぎた結果でこうなっただけだ。,char_003_kalts_1#1
level_st_13-03.json,13-22,蓄積された災厄,main_13,327,また、怒りに我を燃やしたんだな。,char_003_kalts_1#1
level_st_13-03.json,13-22,蓄積された災厄,main_13,346,この指輪は、本来は君を魔王の力とそれに付随して押し寄せてくる感情に適応させるためのものだ。,char_003_kalts_1#1
level_st_13-03.json,13-22,蓄積された災厄,main_13,348,そのうちの一つにまた亀裂が走ってしまった。,char_003_kalts_1#1
level_st_13-03.json,13-22,蓄積された災厄,main_13,350,我々はおそらくだが……何度もこの血に塗れた傷と直面していくしかないのかもしれないな。,char_003_kalts_1#1
level_st_13-03.json,13-22,蓄積された災厄,main_13,364,……本来自救軍はこの物資の補給ルートを途絶えさせれば、戦争を終結させられると考えていた。,char_003_kalts_1
level_st_13-03.json,13-22,蓄積された災厄,main_13,366,だが今は状況が変わった。この「戦争」は、もうどんなことがあろうと長続きはしないだろう。,char_003_kalts_1
level_st_13-03.json,13-22,蓄積された災厄,main_13,368,我々も早くあの場所に向かわねばならない。この骸骨なら、新しい拠点に改造、あるいは不意を衝くための交通手段にすることができるかもしれない。,char_003_kalts_1
level_st_13-03.json,13-22,蓄積された災厄,main_13,370,……想像したような働きぶりであればいいのだが。,char_003_kalts_1
level_st_13-03.json,13-22,蓄積された災厄,main_13,380,……ああ。,char_003_kalts_1
level_st_13-03.json,13-22,蓄積された災厄,main_13,382,最古のカズデルは、どの文明集落よりも早く「源石」に接触した。,char_003_kalts_1#2
level_st_13-03.json,13-22,蓄積された災厄,main_13,384,あれは天災の遺跡でも、地層の中で静かに堆積した鉱物でもない。一つの古い「源石」だ。,char_003_kalts_1#2
level_st_13-03.json,13-22,蓄積された災厄,main_13,386,それによって最古の巫術と……最古の感染者が生まれた。,char_003_kalts_1#2
level_st_13-03.json,13-22,蓄積された災厄,main_13,388,仮にブラッドブルードが本当にあのことを知っていて、そのことに執念を抱き、かつ力を手に入れられると考えていたとすれば……,char_003_kalts_1#2
level_st_13-03.json,13-22,蓄積された災厄,main_13,390,……これから定まる運命は、ロンディニウムという一つの都市の命運を決するだけに留まらないものとなるだろう。,char_003_kalts_1#2
level_st_14-01.json,14-1,思い出からの墜落,main_14,732,テレシスが何を企んでいようと、この戦争を歴史の繰り返しにさせるわけにはいかない。過去に幾度となく再演されてきた、サルカズを滅する烈火と化させるわけにはな。,avg_003_kalts_1#1$1
level_st_14-01.json,14-1,思い出からの墜落,main_14,734,これまで蓄積されてきた憎しみは、容易には消えないだろうが、この大地のあらゆる命を焼き尽くす悪炎となるのを止めることは可能だ。,avg_003_kalts_1#2$1
level_st_14-01.json,14-1,思い出からの墜落,main_14,736,その中には、全ての種族が含まれる。,avg_003_kalts_1#3$1
level_st_14-01.json,14-1,思い出からの墜落,main_14,866,Mon3tr。,avg_003_kalts_1#1$1
level_st_14-01.json,14-1,思い出からの墜落,main_14,876,ドクターを守れ。衝撃に備えろ。,avg_003_kalts_1#1$1
level_st_14-01.json,14-1,思い出からの墜落,main_14,885,落ち着け、ドクター。大丈夫だ。,avg_003_kalts_1#1$1
level_st_14-02.json,14-13,原点からの降臨,main_14,316,……間に合わない。,avg_003_kalts_1#5$1
level_st_14-02.json,14-13,原点からの降臨,main_14,364,聴罪師の「アナンナ」に対する制御は予想よりも上であったため、我々は一歩遅れてしまった。,avg_003_kalts_1#5$1
level_st_14-02.json,14-13,原点からの降臨,main_14,370,いや……「アナンナ」がもたらせるものは天災に留まらない。あれの機能もまた単なる兵器を遥かに超えている。,avg_003_kalts_1#6$1
level_st_14-02.json,14-13,原点からの降臨,main_14,371,あれは単にサルカズの原点であるだけでなく……テラの現在における全ての原点であるとすら言えるものだ。,avg_003_kalts_1#6$1
level_st_14-02.json,14-13,原点からの降臨,main_14,373,今回は、我々が今に至るまでに直面した……いや、テラの歴史上最大の危機になるかもしれない。,avg_003_kalts_1#2$1
level_st_14-02.json,14-13,原点からの降臨,main_14,419,危険すぎる。,avg_003_kalts_1#5$1
level_st_14-02.json,14-13,原点からの降臨,main_14,420,だが……試してみる価値はある。,avg_003_kalts_1#5$1
level_st_14-02.json,14-13,原点からの降臨,main_14,948,このようにして引き起こされる源石反応は極端に激しく、制御不能だ。,avg_003_kalts_1#1$1
level_st_14-02.json,14-13,原点からの降臨,main_14,950,ドクター、心の準備をしろ。,avg_003_kalts_1#6$1
level_st_14-02.json,14-13,原点からの降臨,main_14,973,走れ！,avg_003_kalts_1#7$1
level_st_14-02.json,14-13,原点からの降臨,main_14,1028,戦わなくていい、そいつらの足止めを食らうな！,avg_003_kalts_1#7$1
level_st_14-02.json,14-13,原点からの降臨,main_14,1197,この場所は目立ちすぎた。今すぐ移動する必要がある。,avg_003_kalts_1#1$1
level_st_14-03.json,14-23,終焉を迎える良き夜,main_14,75,この状況であれば、不時着はやむを得ない。衝撃に備えろ。Mon3tr、ドクターとアーミヤを守れ。,avg_003_kalts_1#7$1
level_st_14-03.json,14-23,終焉を迎える良き夜,main_14,146,Mon3tr！,
level_st_14-03.json,14-23,終焉を迎える良き夜,main_14,1189,我々は内なる宇宙であれだけ多くを経験したが、源石の特殊性により実際に流れていた時間は極めて短いものだ。,avg_003_kalts_1#3$1
level_st_14-03.json,14-23,終焉を迎える良き夜,main_14,1190,この異変は、軍事委員会にとっても同様に突然の出来事だ。,avg_003_kalts_1#3$1
level_st_14-03.json,14-23,終焉を迎える良き夜,main_14,1196,その通りだ。通信は回復しつつあり、公爵連合軍の進軍速度もさらに増すだろう。連合軍の包囲に対抗するいかなるチャンスも軍事委員会にはないと思う。,avg_003_kalts_1#1$1
level_st_14-03.json,14-23,終焉を迎える良き夜,main_14,1197,彼女が都市内にできる限り残してくれた連絡窓口を頼りに、我々が積極的に攻撃を仕掛ける方が、より大きな成果を上げるかもしれない。,avg_003_kalts_1#1$1
level_st_14-03.json,14-23,終焉を迎える良き夜,main_14,1205,……彼女はよくやってくれた。,avg_003_kalts_1#2$1
level_st_14-03.json,14-23,終焉を迎える良き夜,main_14,1223,私は「有利」という言葉で表現はしない。せいぜいより多くの可能性といったところだろう。,avg_003_kalts_1#2$1
level_st_14-03.json,14-23,終焉を迎える良き夜,main_14,1225,ハイディ、クロージャと連絡が取れたか？,avg_003_kalts_1#1$1
level_st_14-03.json,14-23,終焉を迎える良き夜,main_14,1231,構わない。何をすべきか、彼女はよく分かっている。,avg_003_kalts_1#2$1
level_st_14-03.json,14-23,終焉を迎える良き夜,main_14,1233,それと、君の体を調べてみるんだ。彼女はきっと我々に連絡方法を残している。,avg_003_kalts_1#1$1
level_st_14-03.json,14-23,終焉を迎える良き夜,main_14,1276,気づいていないかもしれないが、内なる宇宙から出てきて以降、君は積極的になった、ドクター。,avg_003_kalts_1#1$1
level_st_14-03.json,14-23,終焉を迎える良き夜,main_14,1282,あの最初の源石が原因か？,avg_003_kalts_1#1$1
level_st_14-03.json,14-23,終焉を迎える良き夜,main_14,1283,テレジアに会い、私から打ち明けることのできないいくつかの真実を知って以降、君は少し焦っている。,avg_003_kalts_1#1$1
level_st_14-03.json,14-23,終焉を迎える良き夜,main_14,1289,私の意見は保留しておこう。過去に何があったのか、その真相の解明に焦ってはならない。今より重要なのは冷静さを保ち、判断を下すことだ。,avg_003_kalts_1#2$1
level_st_14-03.json,14-23,終焉を迎える良き夜,main_14,1295,それについての真実は、テレジアだけが知っている。,avg_003_kalts_1#1$1
level_st_14-03.json,14-23,終焉を迎える良き夜,main_14,1296,当時のあの件について、私はもう意見を述べない。しかしそれはあの件に対する私の怒りが消滅するというわけではない。,avg_003_kalts_1#1$1
level_st_14-03.json,14-23,終焉を迎える良き夜,main_14,1298,だが……ドクター、君はすでに私に、私たちに自身を証明した。,avg_003_kalts_1#2$1
level_st_14-03.json,14-23,終焉を迎える良き夜,main_14,1300,君が私たちと共に今この場まで歩んだことは、テレジアの選択が間違っていなかったと証明するに足る。,avg_003_kalts_1#3$1
level_st_14-03.json,14-23,終焉を迎える良き夜,main_14,1302,したがって、もう過去の自分に囚われる必要はない。ましてや、君はすでに当時の一切について何も知らないんだ。,avg_003_kalts_1#1$1
level_st_14-03.json,14-23,終焉を迎える良き夜,main_14,1312,……,avg_003_kalts_1#1$1
level_st_14-03.json,14-23,終焉を迎える良き夜,main_14,1318,もしそれが熟慮の末の考えであるなら、私は尊重しよう。,avg_003_kalts_1#2$1
level_st_14-03.json,14-23,終焉を迎える良き夜,main_14,1320,だが今の君では、それを成すには程遠い。,avg_003_kalts_1#1$1
level_st_14-03.json,14-23,終焉を迎える良き夜,main_14,1321,我々の未来の道のりはまだとても長い……いや、我々に残された時間はすでにいくらもないのかもしれない。,avg_003_kalts_1#1$1
level_st_14-03.json,14-23,終焉を迎える良き夜,main_14,1322,ドクター、未来は我々の全ての準備が整った後に、行儀よく時間通りに来るわけではない。,avg_003_kalts_1#1$1
level_st_14-03.json,14-23,終焉を迎える良き夜,main_14,1324,しかし私は無条件で君と共に、そしてロドスと共に歩んでいく。,avg_003_kalts_1#1$1
level_st_14-03.json,14-23,終焉を迎える良き夜,main_14,1328,……今の君は、本当にまだ平然とその言葉を口にできるのか？,avg_003_kalts_1#5$1
level_st_14-03.json,14-23,終焉を迎える良き夜,main_14,1329,君はためらい、疑念を抱いている。,avg_003_kalts_1#5$1
level_st_14-03.json,14-23,終焉を迎える良き夜,main_14,1331,それは、そもそも君の本心ではない。無意味な臆測で今の決心をかき乱すな。,avg_003_kalts_1#7$1
level_st_14-03.json,14-23,終焉を迎える良き夜,main_14,1332,我々が何者であるかは、終点にたどり着くまでにどれだけ徘徊しようと、我々が言ったことではなく、成したことによって決まる。,avg_003_kalts_1#7$1
level_st_14-03.json,14-23,終焉を迎える良き夜,main_14,1334,未来が答えを出してくれるだろう、ドクター。,avg_003_kalts_1#5$1
level_st_14-03.json,14-23,終焉を迎える良き夜,main_14,1335,今、私は喜んでこの先も君と共に歩む。,avg_003_kalts_1#5$1
level_st_14-03.json,14-23,終焉を迎える良き夜,main_14,1336,我々は共に見届けることになるだろう。,avg_003_kalts_1#5$1
level_st_14-03.json,14-23,終焉を迎える良き夜,main_14,1340,しかし今、何より要となるのは戦局全体を変え得るあれだ。,avg_003_kalts_1#2$1
level_st_14-03.json,14-23,終焉を迎える良き夜,main_14,1346,サルカズが今いかなる状況に陥ろうと、テレジアはそれを自身の最も信頼する人物にしか渡さない。,avg_003_kalts_1#3$1
level_st_14-03.json,14-23,終焉を迎える良き夜,main_14,1347,テレシスに対するテレジアの信頼は決して変わらない。二人の間でそれが本当に食い違ったことはない。,avg_003_kalts_1#3$1
level_st_14-03.json,14-23,終焉を迎える良き夜,main_14,1349,現在の結果は、依然彼らの計画のうちだ。,avg_003_kalts_1#1$1
level_st_14-03.json,14-23,終焉を迎える良き夜,main_14,1355,やらねばならないことは、まだ終わっていない。,avg_003_kalts_1#2$1
level_st_14-03.json,14-23,終焉を迎える良き夜,main_14,1357,この大地を容易に変えられるその兵器を、テレシスが今後いかに利用するかはまだ不明だ。,avg_003_kalts_1#6$1
level_st_14-03.json,14-23,終焉を迎える良き夜,main_14,1358,それが穏やかなやり方ではないと考える理由が、我々にはある。,avg_003_kalts_1#6$1
level_st_14-03.json,14-23,終焉を迎える良き夜,main_14,1366,……,avg_003_kalts_1#13$1
level_st_14-03.json,14-23,終焉を迎える良き夜,main_14,1372,笑っていない。これからどう行動すべきかの考えはあるか？,avg_003_kalts_1#6$1
level_st_15-02.json,15-16,永遠と今との誤差,main_15,545,そう単純な話ではない。ここにいるのは、我々だけなのだから。,avg_003_kalts_1#5$1
level_st_15-02.json,15-16,永遠と今との誤差,main_15,555,いや、大量の源石粉塵だ。防護措置を取れ。,avg_003_kalts_1#6$1
level_st_15-02.json,15-16,永遠と今との誤差,main_15,557,Mon3tr、ドクターを守るんだ。,avg_003_kalts_1#7$1
level_st_15-02.json,15-16,永遠と今との誤差,main_15,573,アーミヤ、いつ起こるかわからない天災に備えるよう、ロドス艦内にいるオペレーター全員に警告を出せ。,avg_003_kalts_1#7$1
story_ascln_1_1.json,,同行者,story_ascln_set_1,251,……やっと戻ったか、アスカロン。,avg_003_kalts_1#1$1
story_ascln_1_1.json,,同行者,story_ascln_set_1,259,Aceたちが今、三十キロ先の二つの地雷原の処理を行っている。それが終わるまで、ロドスはしばらくここに停泊することになるだろう。,avg_003_kalts_1#1$1
story_ascln_1_1.json,,同行者,story_ascln_set_1,261,二つの部隊は合わせて……,avg_003_kalts_1#5$1
story_ascln_1_1.json,,同行者,story_ascln_set_1,270,酷い怪我だ。この後、医療部で全身の検査を受ける必要がある。,avg_003_kalts_1#4$1
story_ascln_1_1.json,,同行者,story_ascln_set_1,271,……君のアーツは自傷行為に近い。現在の精神状態からして、このまま酷使し続けることはお勧めしない。,avg_003_kalts_1#4$1
story_ascln_1_1.json,,同行者,story_ascln_set_1,275,これからどうするつもりだ？,avg_003_kalts_1#1$1
story_ascln_1_1.json,,同行者,story_ascln_set_1,279,では、まず君の質問を聞こう。,avg_003_kalts_1#1$1
story_ascln_1_1.json,,同行者,story_ascln_set_1,283,暗殺とほぼ同時刻に、ロドス付近の荒野に聴罪師が現れた。この二つの出来事には必ず関連性があるはずだ。それを突き止めるまでロドスは調査を続ける。,avg_003_kalts_1#5$1
story_ascln_1_1.json,,同行者,story_ascln_set_1,287,ロドスは、もはやサルカズの亡命政府ではないし、軍事委員会に正面から立ち向かう力も持ち合わせていない。,avg_003_kalts_1#5$1
story_ascln_1_1.json,,同行者,story_ascln_set_1,288,今後、ロドスは鉱石病の解決に、重きを置くことになる。そして、テレシスだが……あれは私や君といった、ごく少数の者が向き合わねならない問題だ。いや、わだかまりと言ったところだろうか。,avg_003_kalts_1#5$1
story_ascln_1_1.json,,同行者,story_ascln_set_1,292,君がドクターに疑念を抱いていることはわかっている。,avg_003_kalts_1#14$1
story_ascln_1_1.json,,同行者,story_ascln_set_1,293,結果のみを見た場合、確かにテレジアは最期の瞬間に、彼女なりのやり方でドクターを守る選択をした。現段階では、ドクターをウルサスへ移送することが、最善の判断だろう。,avg_003_kalts_1#14$1
story_ascln_1_1.json,,同行者,story_ascln_set_1,300,質問はこれで以上のようだな。次は私のほうから、今回君を呼びだした理由を告げよう。,avg_003_kalts_1#1$1
story_ascln_1_1.json,,同行者,story_ascln_set_1,301,ロドスは完全独立型の秘密組織、「Special Working Elites Eliminative Permission」――「S.W.E.E.P.」を立ち上げる必要がある。,avg_003_kalts_1#1$1
story_ascln_1_1.json,,同行者,story_ascln_set_1,302,そして、この件については、君に一任したい。,avg_003_kalts_1#1$1
story_ascln_1_1.json,,同行者,story_ascln_set_1,306,S.W.E.E.P.の役割は二つだ。ロドスに対するスパイ、暗殺、組織破壊行為の阻止。そして、逆にこれらの手段を用いた秘密作戦の遂行。ようはこれまでと同じだ。,avg_003_kalts_1#1$1
story_ascln_1_1.json,,同行者,story_ascln_set_1,312,いや、アスカロン。これは贖罪ではない。,avg_003_kalts_1#1$1
story_ascln_1_1.json,,同行者,story_ascln_set_1,314,バベルはもう存在しないが、今も無数の目が我々の行動を見張っている。この船が進む道は依然として険しいものだ。,avg_003_kalts_1#2$1
story_ascln_1_1.json,,同行者,story_ascln_set_1,316,あのようなことを、もう二度とロドスで起こしてはならない。,avg_003_kalts_1#1$1
story_ascln_1_1.json,,同行者,story_ascln_set_1,317,君はテレシスの弟子であり、バベルの防諜活動の第一人者だった。君以上にこの役目に相応しい者はいない。君を選んだ理由はただそれだけのこと。,avg_003_kalts_1#1$1
story_ascln_1_1.json,,同行者,story_ascln_set_1,318,それに、君は独りではない。独りでいることも叶わない。,avg_003_kalts_1#1$1
story_ascln_1_1.json,,同行者,story_ascln_set_1,319,私が君に任せたいのはS.W.E.E.P.の責任者だ。,avg_003_kalts_1#1$1
story_ascln_1_1.json,,同行者,story_ascln_set_1,323,今すぐ結論を出す必要はない。,avg_003_kalts_1#1$1
story_ascln_1_1.json,,同行者,story_ascln_set_1,324,もちろん、君にはこの提案を断る権利がある。だが答えを出す前に……どうかアーミヤに会いにいってほしい。,avg_003_kalts_1#1$1
story_billro_1_1.json,,保護者の本能,story_billro_set_1,44,戦闘中にお喋りとは感心しないな。,
story_billro_1_1.json,,保護者の本能,story_billro_set_1,66,ロドスがオペレーターの駐留を拒否することはない。,avg_426_billro_1#1$1
story_billro_1_1.json,,保護者の本能,story_billro_set_1,70,それが君の聞きたい言葉であれば、「歓迎しよう」。,avg_426_billro_1#1$1
story_billro_1_1.json,,保護者の本能,story_billro_set_1,76,医療部は君が提供してくれた検査データに基づき、次の治療に使う薬剤を配合する。少し時間は必要だが、そう長くはかからない。,avg_426_billro_1#1$1
story_billro_1_1.json,,保護者の本能,story_billro_set_1,77,だが私は依然として、伯爵本人に定期的な精密検査を受けさせるべきだと考えている。でなければ、より効果的な治療計画を組み立てることができないからな。,avg_426_billro_1#1$1
story_billro_1_1.json,,保護者の本能,story_billro_set_1,83,君には行動の自由がある。,avg_426_billro_1#1$1
story_bldsk_2_1.json,,たまには真剣に,story_bldsk_set_2,230,   治療を求める者だ。,char_003_kalts_1
story_bldsk_2_1.json,,たまには真剣に,story_bldsk_set_2,243,   この辺では、名が知られているようだな。,char_003_kalts_1
story_bldsk_2_1.json,,たまには真剣に,story_bldsk_set_2,248,   診てほしいのは私ではなく、この子だ。,char_003_kalts_1
story_bldsk_2_1.json,,たまには真剣に,story_bldsk_set_2,260,   テレジアは死んだ。この子が新しい魔王だ、ワルファリン。,char_003_kalts_1
story_bldsk_2_1.json,,たまには真剣に,story_bldsk_set_2,322,   アーミヤの様子は？,char_003_kalts_1
story_bldsk_2_1.json,,たまには真剣に,story_bldsk_set_2,327,   だから君に頼んだんだ。,char_003_kalts_1
story_bldsk_2_1.json,,たまには真剣に,story_bldsk_set_2,331,   テレジアとドクターを失ってから、ロドスの指揮系統は混乱し、各勢力からも密かに狙われている。私が前に出て秩序を維持しなくてはならないんだ。,char_003_kalts_1#2
story_bldsk_2_1.json,,たまには真剣に,story_bldsk_set_2,338,   しかし、アーミヤは彼女が残した唯一の希望でもある。,char_003_kalts_1#2
story_bldsk_2_1.json,,たまには真剣に,story_bldsk_set_2,344,   ……できるものなら、私もこんな事態は避けたかった。,char_003_kalts_1#3
story_bldsk_2_1.json,,たまには真剣に,story_bldsk_set_2,346,   しかしこうなった以上、もう戻ることはできない。医者として、今はただ一つの命を救いたいだけだ。,char_003_kalts_1#2
story_bldsk_2_1.json,,たまには真剣に,story_bldsk_set_2,350,   否定はしない。だがワルファリン、そういう君は？,char_003_kalts_1
story_bldsk_2_1.json,,たまには真剣に,story_bldsk_set_2,351,   君はあらゆる王庭からの誘いを断り、戦争を遠ざけた。辺境の町に身を隠しながら、地元の住人にのみ治療を提供するブラッドさんの名はとうにヴィクトリアとクルビアの医学界に知れ渡っている。,char_003_kalts_1
story_bldsk_2_1.json,,たまには真剣に,story_bldsk_set_2,352,   ブラッドブルードの異分子になっても己を貫こうとする君だが、戦争から逃れたい全ての人を救おうというのか。,char_003_kalts_1
story_bldsk_2_1.json,,たまには真剣に,story_bldsk_set_2,358,   ほう？,char_003_kalts_1
story_bldsk_2_1.json,,たまには真剣に,story_bldsk_set_2,364,   ……,char_003_kalts_1#2
story_bldsk_2_1.json,,たまには真剣に,story_bldsk_set_2,366,   テレジアの理想は、最初からサルカズにとどまってはいない。,char_003_kalts_1
story_bldsk_2_1.json,,たまには真剣に,story_bldsk_set_2,367,   彼女はより遠いところを見て、より大きな志を抱いていた。それが今回の災いを招いたのだが。,char_003_kalts_1
story_bldsk_2_1.json,,たまには真剣に,story_bldsk_set_2,371,   テレジアには鉱石病の治療に取り組みたいという考えがあった。,char_003_kalts_1
story_bldsk_2_1.json,,たまには真剣に,story_bldsk_set_2,375,   そしてロドスには、それに関する研究の原形がもう出来ている。,char_003_kalts_1
story_bldsk_2_1.json,,たまには真剣に,story_bldsk_set_2,379,   もちろんだ。,char_003_kalts_1
story_bldsk_2_1.json,,たまには真剣に,story_bldsk_set_2,383,   テレシス動向を巡って、いずれロドスが動くこともあるだろう。それは否定しない。,char_003_kalts_1
story_bldsk_2_1.json,,たまには真剣に,story_bldsk_set_2,384,   だが約束する――,char_003_kalts_1
story_bldsk_2_1.json,,たまには真剣に,story_bldsk_set_2,388,   それに関与しない権利を、君に与えることを。,
story_ccheal_1_1.json,,医学の道,story_ccheal_set_1,551,この一帯にはとっくに目星をつけていた。,avg_003_kalts_1#1$1
story_ccheal_1_1.json,,医学の道,story_ccheal_set_1,553,さらなる捜索をしようとしたところ、ある医者が治療を施す際に、ブラッドブルードの医者について宣伝をしている噂を耳にした。,avg_003_kalts_1#1$1
story_ccheal_1_1.json,,医学の道,story_ccheal_set_1,555,これだけの情報があれば、あとはもう容易に居場所を割り出せる。,avg_003_kalts_1#1$1
story_ccheal_1_1.json,,医学の道,story_ccheal_set_1,559,君が持ち場を離れてからもう三ヶ月が経過した。,avg_003_kalts_1#1$1
story_ccheal_1_1.json,,医学の道,story_ccheal_set_1,563,君が現場にいなければ進まないプロジェクトもある。,avg_003_kalts_1#1$1
story_ccheal_1_1.json,,医学の道,story_ccheal_set_1,565,そろそろ戻ってきてもらう頃だ。,avg_003_kalts_1#1$1
story_ccheal_1_1.json,,医学の道,story_ccheal_set_1,571,ケルシーという。ワルファリンの同僚で、彼女を連れ戻しにきた。君は？,avg_003_kalts_1#1$1
story_ccheal_1_1.json,,医学の道,story_ccheal_set_1,581,君が希望していた血液センターの建設が始まった。自ら現場を監督したいと話していただろう。,avg_003_kalts_1#1$1
story_ccheal_1_1.json,,医学の道,story_ccheal_set_1,595,ロドス――鉱石病の治療に注力している製薬会社だ。,avg_003_kalts_1#1$1
story_ccheal_1_1.json,,医学の道,story_ccheal_set_1,599,そうだ。,avg_003_kalts_1#1$1
story_ccheal_1_1.json,,医学の道,story_ccheal_set_1,605,……,avg_003_kalts_1#1$1
story_ccheal_1_1.json,,医学の道,story_ccheal_set_1,607,ここにある輸血パックは、すべて君が集めたものか？,avg_003_kalts_1#1$1
story_ccheal_1_1.json,,医学の道,story_ccheal_set_1,611,この記録も……,avg_003_kalts_1#1$1
story_ccheal_1_1.json,,医学の道,story_ccheal_set_1,615,悪くない。データの記録も丁寧で、内容もよくまとまっている。,avg_003_kalts_1#1$1
story_ccheal_1_1.json,,医学の道,story_ccheal_set_1,617,ロドスに加入できるかどうかは試験結果次第だが、この記録の実績だけでも、事務職のポジションならば確実に合格するだろう。,avg_003_kalts_1#1$1
story_ccheal_1_1.json,,医学の道,story_ccheal_set_1,621,ロドスに来れば、そのような機会はいくらでもある。,avg_003_kalts_1#1$1
story_ccheal_1_1.json,,医学の道,story_ccheal_set_1,623,だがその前に、一つ質問をさせてもらいたい。,avg_003_kalts_1#1$1
story_ccheal_1_1.json,,医学の道,story_ccheal_set_1,625,君はなぜロドスに入ろうと思ったんだ？,avg_003_kalts_1#1$1
story_ccheal_1_1.json,,医学の道,story_ccheal_set_1,629,そうか、ならロドスは君を歓迎しよう。,avg_003_kalts_1#1$1
story_crosly_1_1.json,,王冠の終わりを望むならば,story_crosly_set_1,568,その必要があると判断すれば、そうなるな。,avg_003_kalts_1#2$1
story_crosly_1_1.json,,王冠の終わりを望むならば,story_crosly_set_1,572,否定はしない。,avg_003_kalts_1#2$1
story_crosly_1_1.json,,王冠の終わりを望むならば,story_crosly_set_1,580,それでも、ロドスの判断は変わらない。君のウルサス行きは許可できないぞ。,avg_003_kalts_1#5$1
story_ghost_2_1.json,,私は「私」,story_ghost_set_2,29,やめておけ、スカジ。過去の彼女については、君の方が詳しいかもしれない。だが、今の彼女を私より理解しているとは限らない。,char_003_kalts_1
story_ghost_2_1.json,,私は「私」,story_ghost_set_2,30,仲間にようやく会えたんだ、興奮するのもわかる。だが今彼女との接触は避けてくれ。やっと眠りに就いたところなんだ。,char_003_kalts_1
story_ghost_2_1.json,,私は「私」,story_ghost_set_2,35,もちろんだ。,char_003_kalts_1
story_ghost_2_1.json,,私は「私」,story_ghost_set_2,41,ある取引でだ。代価は決して安くはなかったが、教会が彼女をどこに隠しているかを知ることができた。,char_003_kalts_1
story_ghost_2_1.json,,私は「私」,story_ghost_set_2,43,我々が連れ帰ってきた時、彼女はまだ最後の理性を保っていた。だがほどなくして昏睡状態に陥った。,char_003_kalts_1
story_ghost_2_1.json,,私は「私」,story_ghost_set_2,47,「サメ」、か。しかし彼女との会話では――再び理性を失う直前のことだ、彼女は「スペクター」と名乗った。,char_003_kalts_1
story_ghost_2_1.json,,私は「私」,story_ghost_set_2,51,だが今の彼女は、深海教会から逃げ出し、「スペクター」を名乗る感染者でしかない。,char_003_kalts_1
story_ghost_2_1.json,,私は「私」,story_ghost_set_2,52,スカジ、過去の彼女が何者であれ、正気を保った彼女が最後にそう名乗ったんだ。アビサルハンターに関してはひと言も触れずにな。,char_003_kalts_1
story_ghost_2_1.json,,私は「私」,story_ghost_set_2,59,これが有意義な話題になり得ないことは君も分かっているだろう。何はともあれ、アビサルハンターの秘密は私が知りたい最終的な真実ではない。君への態度にも表れているはずだ。,char_003_kalts_1
story_ghost_2_1.json,,私は「私」,story_ghost_set_2,60,スペクターに対しても同様だ。彼女はまず第一に私の患者であり、次にロドスの一員だ。それより過去の──彼女自身が触れなかった事象に関して、私は深く追究するつもりはない。,char_003_kalts_1
story_ghost_2_1.json,,私は「私」,story_ghost_set_2,64,見守っていても時間の無駄だ。そんなほんの僅かな奇跡のために、君も自らの歩みを止めるようなことはしないだろう。,char_003_kalts_1
story_ghost_2_1.json,,私は「私」,story_ghost_set_2,65,我々はあくまで、彼女の生命を維持しているだけに過ぎない。陸地で我々にできるのはこれくらいだ。良くも悪くも、回復するかどうかはすべて彼女次第というわけだ。,char_003_kalts_1
story_ghost_2_1.json,,私は「私」,story_ghost_set_2,70,君と彼女とでは、ロドスへ来た使命も意味も違う。だがスカジ、彼女が目を覚ました時……きっと彼女は、君や私の問いに答えてくれるだろう。,char_003_kalts_1
story_ghost_2_1.json,,私は「私」,story_ghost_set_2,71,その日が……そう遠くなければいいな。,char_003_kalts_1
story_glady_1_1.json,,脱水症,story_glady_set_1,405,  もちろんだ。,char_003_kalts_1
story_huang_1_1.json,,意思を問う,story_huang_set_1,356,ああ、確かに重要な話と言えるだろう。君自身にとっても……そしてロドスにとってもな。,char_003_kalts_1
story_huang_1_1.json,,意思を問う,story_huang_set_1,361,ブレイズ。君はロドスに加入してどのくらい経つ？,char_003_kalts_1
story_huang_1_1.json,,意思を問う,story_huang_set_1,366,時間というのは、常に我々のすべてを置き去りにするものだ。,char_003_kalts_1
story_huang_1_1.json,,意思を問う,story_huang_set_1,367,この一年、君の成長には目を見張るものがあった。行動によって何かを証明する意図はなかったかもしれないが……結果として君は、皆に自分自身を証明してみせた。,char_003_kalts_1
story_huang_1_1.json,,意思を問う,story_huang_set_1,368,Aceや他のオペレーターも、君のことは高く評価している。,char_003_kalts_1
story_huang_1_1.json,,意思を問う,story_huang_set_1,372,君の体温は正常値の範囲だが？,char_003_kalts_1
story_huang_1_1.json,,意思を問う,story_huang_set_1,376,……,char_003_kalts_1
story_huang_1_1.json,,意思を問う,story_huang_set_1,377,私が君を捜していた理由だが……予想はついているのだろう。,char_003_kalts_1
story_huang_1_1.json,,意思を問う,story_huang_set_1,381,そうか。ならば、こう伝えるとしよう。,char_003_kalts_1
story_huang_1_1.json,,意思を問う,story_huang_set_1,382,ロドス設立以来、多くの者がロドスへ加入し、また幾人かはこの場所を去っていった。その事実について、多くを語るつもりはない。,char_003_kalts_1
story_huang_1_1.json,,意思を問う,story_huang_set_1,383,我々は志を同じくする者を歓迎するが、その一方で、いかなる思想であろうと、それを強制されるべきではないと考えている。,char_003_kalts_1
story_huang_1_1.json,,意思を問う,story_huang_set_1,384,しかし……ロドスが、我々と歩みを共にする者を必要としていることもまた、確かな事実だ。,char_003_kalts_1
story_huang_1_1.json,,意思を問う,story_huang_set_1,385,ブレイズ。まだ心の準備ができていないのなら、それもまた正常な反応だ。誰も、君に何かを強制することはないと伝えておこう。,char_003_kalts_1
story_huang_1_1.json,,意思を問う,story_huang_set_1,386,だが、もし心の準備ができたのなら……,char_003_kalts_1
story_huang_1_1.json,,意思を問う,story_huang_set_1,390,ブリッジの下の階へ行き、階段左側の扉を開くといい。我々は、そこで君を待っている。,char_003_kalts_1
story_huang_1_1.json,,意思を問う,story_huang_set_1,574,来たか。,char_003_kalts_1
story_huang_1_1.json,,意思を問う,story_huang_set_1,599,では、手短に進めるとしよう。,char_003_kalts_1
story_huang_1_1.json,,意思を問う,story_huang_set_1,603,ロドス前線作戦小隊、Ace分隊所属、アタッカー・ブレイズ。,char_003_kalts_1
story_huang_1_1.json,,意思を問う,story_huang_set_1,604,この部屋に在るすべての者を証人とし、君の意見と選択を問う。,char_003_kalts_1
story_huang_1_1.json,,意思を問う,story_huang_set_1,613,オペレーター・ブレイズ。ロドスのエリートオペレーターとなる意思はあるか？,
story_irene_1_1.json,,ほのかな灯り,story_irene_set_1,323,申し訳ありません。素敵なやり取りでしたので、つい立ち聞きしてしまいました。,char_003_kalts_1#4
story_irene_1_1.json,,ほのかな灯り,story_irene_set_1,328,無論、ロドスとしては、優秀な元審問官との協力を拒むことなどいたしませんよ。,char_003_kalts_1#4
story_irene_1_1.json,,ほのかな灯り,story_irene_set_1,360,奴らの進化が生命の本能によるものならば――彼女の選択は、紛れもなく文明の本能によるものなのでしょうね。,char_003_kalts_1#1
story_irene_1_1.json,,ほのかな灯り,story_irene_set_1,364,……おや。,char_003_kalts_1
story_kalts_1_1.json,,長き旅路の果てに,story_kalts_set_1,12,体温、血液酸素濃度、呼吸、すべて正常。心拍数も安定している。,
story_kalts_1_1.json,,長き旅路の果てに,story_kalts_set_1,13,……手術は成功だ。,
story_kalts_1_1.json,,長き旅路の果てに,story_kalts_set_1,14,皆、よくやった。,
story_kalts_1_1.json,,長き旅路の果てに,story_kalts_set_1,30,主観的に信念を持ってやり抜いていることと、単に未だ諦めていないだけであるのは、客観的に見れば区別などないかもしれない。だが、結果からみれば我々はやり抜く決断をしたことを喜ぶべきだ。,avg_003_kalts_1#2$1
story_kalts_1_1.json,,長き旅路の果てに,story_kalts_set_1,32,クロエは強い人だ。患者が生きる希望を捨てていないというのに、医師が先に諦めることなどあってはならない。,avg_003_kalts_1#2$1
story_kalts_1_1.json,,長き旅路の果てに,story_kalts_set_1,40,これが前進であるか、それとも我々の理解を越えた病変であるのかは、現段階ではまだ明確な結論を出すことはできない。,avg_003_kalts_1#3$1
story_kalts_1_1.json,,長き旅路の果てに,story_kalts_set_1,42,しかしながら、この症例は重視に値し、より詳しく研究すべきであるのは確かだ。後ほど私が実験室で詳細な分析を行うつもり――,avg_003_kalts_1#3$1
story_kalts_1_1.json,,長き旅路の果てに,story_kalts_set_1,46,どうした？,avg_003_kalts_1#1$1
story_kalts_1_1.json,,長き旅路の果てに,story_kalts_set_1,50,七十九時間と四十五分だ。,avg_003_kalts_1#2$1
story_kalts_1_1.json,,長き旅路の果てに,story_kalts_set_1,58,様々な意味で、そうだと言える。,avg_003_kalts_1#3$1
story_kalts_1_1.json,,長き旅路の果てに,story_kalts_set_1,60,君もロドスの基幹会議に参加したのであれば、今のロドスが置かれている状況を理解しているはずだ。,avg_003_kalts_1#3$1
story_kalts_1_1.json,,長き旅路の果てに,story_kalts_set_1,62,ワルファリン、時間は有限だ……,avg_003_kalts_1#3$1
story_kalts_1_1.json,,長き旅路の果てに,story_kalts_set_1,68,自分自身の状態は把握できている。きちんと合理的な判断を行うつもりだ。,avg_003_kalts_1#1$1
story_kalts_1_1.json,,長き旅路の果てに,story_kalts_set_1,76,……,avg_003_kalts_1#1$1
story_kalts_1_1.json,,長き旅路の果てに,story_kalts_set_1,82,……わかった。,avg_003_kalts_1#2$1
story_kalts_1_1.json,,長き旅路の果てに,story_kalts_set_1,88,君の提案を受け入れよう。,avg_003_kalts_1#1$1
story_kalts_1_1.json,,長き旅路の果てに,story_kalts_set_1,90,手術に参加した皆、ご苦労だった。私もしばらくは手持ちの仕事から離れるから、皆もゆっくり休んでくれ。,avg_003_kalts_1#1$1
story_kalts_1_1.json,,長き旅路の果てに,story_kalts_set_1,94,まだ何か用件でもあるのか？,avg_003_kalts_1#1$1
story_kalts_1_1.json,,長き旅路の果てに,story_kalts_set_1,102,君の時間も貴重なことは変わりない。意味のないことに使うのは勧めない。,avg_003_kalts_1#1$1
story_kalts_1_1.json,,長き旅路の果てに,story_kalts_set_1,106,術後の経過観察は任せた。容態に急変があれば、すぐに知らせてくれ。,avg_003_kalts_1#1$1
story_kalts_1_1.json,,長き旅路の果てに,story_kalts_set_1,108,頼んだぞ、ワルファリン。,avg_003_kalts_1#1$1
story_kalts_1_1.json,,長き旅路の果てに,story_kalts_set_1,132,アーミヤ、なぜそんなに緊張しているんだ？,avg_003_kalts_1#1$1
story_kalts_1_1.json,,長き旅路の果てに,story_kalts_set_1,138,生命を維持するためには、大抵の場合において食料の摂取が必要となる。私も例外ではない。,avg_003_kalts_1#2$1
story_kalts_1_1.json,,長き旅路の果てに,story_kalts_set_1,140,君は、もう昼食は済ませたのか？,avg_003_kalts_1#1$1
story_kalts_1_1.json,,長き旅路の果てに,story_kalts_set_1,146,……やけに材料が単調なメニューだな？,avg_003_kalts_1#1$1
story_kalts_1_1.json,,長き旅路の果てに,story_kalts_set_1,154,……？,avg_003_kalts_1#1$1
story_kalts_1_1.json,,長き旅路の果てに,story_kalts_set_1,167,そういうことならば、倉庫を一つ空けられるかもしれない。,avg_003_kalts_1#1$1
story_kalts_1_1.json,,長き旅路の果てに,story_kalts_set_1,171,以前、軍備品を保管するために使用していた倉庫がある。時期的にも支援物資の保管に回すのが最適だろう。,avg_003_kalts_1#1$1
story_kalts_1_1.json,,長き旅路の果てに,story_kalts_set_1,173,戦争は終結した。これからは、以前よりも皆の暮らしの向上に力を注ぐべきだ。,avg_003_kalts_1#1$1
story_kalts_1_1.json,,長き旅路の果てに,story_kalts_set_1,175,必要ならば、なるべく早くエンジニア部に倉庫を片付けてもらえるよう、クロージャに声をかけてこよう。,avg_003_kalts_1#1$1
story_kalts_1_1.json,,長き旅路の果てに,story_kalts_set_1,177,厨房に入らない分のニンジンは、今すぐ倉庫へ運んでも構わない。私も手伝おう。,avg_003_kalts_1#1$1
story_kalts_1_1.json,,長き旅路の果てに,story_kalts_set_1,183,そうか。,avg_003_kalts_1#1$1
story_kalts_1_1.json,,長き旅路の果てに,story_kalts_set_1,185,……確かに鮮度の良いニンジンだな。,avg_003_kalts_1#1$1
story_kalts_1_1.json,,長き旅路の果てに,story_kalts_set_1,189,今年の冬は寒さが厳しい。そうであるにも関わらず、このような立派な作物を収穫できるのは、本当に喜ばしいことだ。,avg_003_kalts_1#1$1
story_kalts_1_1.json,,長き旅路の果てに,story_kalts_set_1,197,君の言う通り、彼女は仲間を飢えさせないために随分と力を尽くしていた。,avg_003_kalts_1#1$1
story_kalts_1_1.json,,長き旅路の果てに,story_kalts_set_1,199,アーミヤ、ロドスの皆の食糧を確保することも大切だが、自分自身のことも忘れないでくれ。,avg_003_kalts_1#1$1
story_kalts_1_1.json,,長き旅路の果てに,story_kalts_set_1,201,……食事はきちんと取るように。,avg_003_kalts_1#1$1
story_kalts_1_1.json,,長き旅路の果てに,story_kalts_set_1,203,それと、いついかなる時でも、君は周囲の人々に頼れるのだということを忘れないでくれ。いいな、アーミヤ。,avg_003_kalts_1#1$1
story_kalts_1_1.json,,長き旅路の果てに,story_kalts_set_1,211,……キャロットケーキをもらおう。,avg_003_kalts_1#2$1
story_kalts_1_1.json,,長き旅路の果てに,story_kalts_set_1,245,クロージャ。,avg_003_kalts_1#5$1
story_kalts_1_1.json,,長き旅路の果てに,story_kalts_set_1,247,四十分前から現在までの間に、君からロドスの夜間廊下照明の改造プランをすでに二十個も提示されている。,avg_003_kalts_1#5$1
story_kalts_1_1.json,,長き旅路の果てに,story_kalts_set_1,249,しかも、そのほとんどが実現性のないプランだ。,avg_003_kalts_1#5$1
story_kalts_1_1.json,,長き旅路の果てに,story_kalts_set_1,253,そもそも、こうした工事は私に相談せずとも君の裁量で決定して差し支えない事柄だ。わざわざ療養庭園でミーティングを開く意味はないように思う。,avg_003_kalts_1#1$1
story_kalts_1_1.json,,長き旅路の果てに,story_kalts_set_1,257,……ワルファリンに頼まれたのか？,avg_003_kalts_1#3$1
story_kalts_1_1.json,,長き旅路の果てに,story_kalts_set_1,265,ロドスにある施設については、すべて熟知している。,avg_003_kalts_1#1$1
story_kalts_1_1.json,,長き旅路の果てに,story_kalts_set_1,273,ホシノコソウ、817年にガリアの学者によって発見され、四皇会戦後にヴィクトリアに伝わった植物だ。,avg_003_kalts_1#2$1
story_kalts_1_1.json,,長き旅路の果てに,story_kalts_set_1,275,現在では鑑賞用、また薬用としての価値が認められて広く栽培されており、多くの睡眠導入剤の主原料である。,avg_003_kalts_1#2$1
story_kalts_1_1.json,,長き旅路の果てに,story_kalts_set_1,279,クロージャ、気遣い感謝する。,avg_003_kalts_1#1$1
story_kalts_1_1.json,,長き旅路の果てに,story_kalts_set_1,281,緊急の用がなければ、私はそろそろ医療部へ戻るとしよう。まだ目を通さねばならない報告書があるんだ。,avg_003_kalts_1#1$1
story_kalts_1_1.json,,長き旅路の果てに,story_kalts_set_1,285,……一杯だけだぞ。,avg_003_kalts_1#1$1
story_kalts_1_1.json,,長き旅路の果てに,story_kalts_set_1,291,十二年だ。,avg_003_kalts_1#4$1
story_kalts_1_1.json,,長き旅路の果てに,story_kalts_set_1,293,1086年、ロドス艦体の採掘作業を終えたバベルは、優秀かつ信頼に足るエンジニアを必要としていた。,avg_003_kalts_1#1$1
story_kalts_1_1.json,,長き旅路の果てに,story_kalts_set_1,295,折よく、テレジアはカズデルに独学で知識と技術を身につけた天才エンジニアがいるという噂を耳にした、なんでもカズデルの四分の一もの源石回路を、たった一人で組み立てられるとか。,avg_003_kalts_1#1$1
story_kalts_1_1.json,,長き旅路の果てに,story_kalts_set_1,297,バベルが訪ねてきた時、君は三つの市街エリアの電力を繋げて、電力で飛ぶ気球を作ろうとしていたな。,avg_003_kalts_1#1$1
story_kalts_1_1.json,,長き旅路の果てに,story_kalts_set_1,301,私はそこまで物忘れが激しくはない。,avg_003_kalts_1#2$1
story_kalts_1_1.json,,長き旅路の果てに,story_kalts_set_1,305,……覚えていない。,avg_003_kalts_1#1$1
story_kalts_1_1.json,,長き旅路の果てに,story_kalts_set_1,311,この十二年の間、我々の想像にもつかないことが、たくさん起きたからな。,avg_003_kalts_1#1$1
story_kalts_1_1.json,,長き旅路の果てに,story_kalts_set_1,317,人の主観的な時間感覚を単位で定義づけることは難しい。ただ、相対的に言えば――,avg_003_kalts_1#1$1
story_kalts_1_1.json,,長き旅路の果てに,story_kalts_set_1,319,十二年は確かに長い時間とは言えないかもしれない。だが、この間に起きた出来事の重要性は私にとってあまりに高く、代えがたいものだ。,avg_003_kalts_1#1$1
story_kalts_1_1.json,,長き旅路の果てに,story_kalts_set_1,325,ブラッドブルードの寿命も、大部分の種族と比べれば想像し難いほど長い。君は周りの人々を見てそのように感じるのか？,avg_003_kalts_1#1$1
story_kalts_1_1.json,,長き旅路の果てに,story_kalts_set_1,329,私がテラに生きる他の住人を温室の中の植物だと考え、それに対して自身が「庭師」であると自認することはない。過去においても、未来においても決して――これは寿命とは無関係だ。,avg_003_kalts_1#1$1
story_kalts_1_1.json,,長き旅路の果てに,story_kalts_set_1,333,……,avg_003_kalts_1#1$1
story_kalts_1_1.json,,長き旅路の果てに,story_kalts_set_1,339,……ああ。,avg_003_kalts_1#1$1
story_kalts_1_1.json,,長き旅路の果てに,story_kalts_set_1,341,ただ、当時想像していた光景は、今とは随分違う。,avg_003_kalts_1#1$1
story_kalts_1_1.json,,長き旅路の果てに,story_kalts_set_1,347,クロージャ……私はたくさんの過ちを犯してきた。,avg_003_kalts_1#2$1
story_kalts_1_1.json,,長き旅路の果てに,story_kalts_set_1,349,未来を完全に支配できる者などいない。サイクロプスのアーツですら、時間に含まれる可能性のすべてを束ねるのは不可能だ。,avg_003_kalts_1#2$1
story_kalts_1_1.json,,長き旅路の果てに,story_kalts_set_1,351,時間とは一本の川、そして我々はその水面を漂い、寄る辺のない帆船の乗客に過ぎない。川の流れや風の吹く方向を変える力もなければ、水底に渦巻く暗流や暗礁を見つけることもできない。,avg_003_kalts_1#2$1
story_kalts_1_1.json,,長き旅路の果てに,story_kalts_set_1,353,大抵の場合において、我々ができるのはロープを引っ張って帆を張ることだけだ。しかも、それだけのことが我々にとっては精も根も尽き果てるほどの大仕事なんだ。,avg_003_kalts_1#2$1
story_kalts_1_1.json,,長き旅路の果てに,story_kalts_set_1,359,その観点には同意しよう。,avg_003_kalts_1#1$1
story_kalts_1_1.json,,長き旅路の果てに,story_kalts_set_1,361,ロドスの前には、今後もさらなる壁が立ち塞がるはずだ。アーミヤもドクターも重責を背負っており、誰かが二人とは異なる方法でその重さを分担しなければならない。,avg_003_kalts_1#1$1
story_kalts_1_1.json,,長き旅路の果てに,story_kalts_set_1,363,クロージャ、これは君にしかできないことだ。,avg_003_kalts_1#1$1
story_kalts_1_1.json,,長き旅路の果てに,story_kalts_set_1,372,何か入れたのか……？,avg_003_kalts_1#7$1
story_kalts_1_1.json,,長き旅路の果てに,story_kalts_set_1,376,くっ……,avg_003_kalts_1#7$1
story_kalts_1_1.json,,長き旅路の果てに,story_kalts_set_1,394,個人的に君の健康状況を把握しておきたくてな。,avg_003_kalts_1#2$1
story_kalts_1_1.json,,長き旅路の果てに,story_kalts_set_1,396,戦場は君にとっては過酷な環境だ。よって、君の健康状況に関しては、これまで以上に注視する必要があると考えている。,avg_003_kalts_1#2$1
story_kalts_1_1.json,,長き旅路の果てに,story_kalts_set_1,398,手元の器具で今回のメディカルチェックには十分対応できる。我々双方の時間の節約のためにも無用な不平不満は控えてくれ。,avg_003_kalts_1#1$1
story_kalts_1_1.json,,長き旅路の果てに,story_kalts_set_1,404,私が本日の医療部での業務を一時的に中断したのは、あくまで客観的な判断に基づくものだ。それは、この時間を無駄にするという意味ではない。,avg_003_kalts_1#1$1
story_kalts_1_1.json,,長き旅路の果てに,story_kalts_set_1,406,ワルファリンの私への懸念は些か過剰なものだ。君も彼女の性格には一定の理解があるだろうから、わかるはずだ。,avg_003_kalts_1#1$1
story_kalts_1_1.json,,長き旅路の果てに,story_kalts_set_1,408,彼女は多くの場合、一見すると荒唐無稽な振る舞いをしているように見えるが、実際には医師としての倫理観に貫かれた行動原理に従っている。その責任感から過度に神経質なのは否めない。,avg_003_kalts_1#1$1
story_kalts_1_1.json,,長き旅路の果てに,story_kalts_set_1,414,私については心配無用だ。自身の問題に対処するために必要な知識と技術は備えており、肝心なときが来る前に倒れるような真似は決してしない。,avg_003_kalts_1#1$1
story_kalts_1_1.json,,長き旅路の果てに,story_kalts_set_1,416,私は君が想像しているほど脆弱ではない。むしろ今、より注視されるべきは君の身体だ。いくつかの数値に微細な変動が見られる。,avg_003_kalts_1#1$1
story_kalts_1_1.json,,長き旅路の果てに,story_kalts_set_1,418,また不規則な生活を送っているのか？,avg_003_kalts_1#1$1
story_kalts_1_1.json,,長き旅路の果てに,story_kalts_set_1,424,進展は？　それとも、壁に突き当たっているか？,avg_003_kalts_1#1$1
story_kalts_1_1.json,,長き旅路の果てに,story_kalts_set_1,430,君がそうした試みを続けていることを、私は嬉しく思う。,avg_003_kalts_1#2$1
story_kalts_1_1.json,,長き旅路の果てに,story_kalts_set_1,432,ロドスの医療研究の成果の多くは、かつて君が残した知見に依拠している。私としても、君の研究が新たな段階へ到達することを期待している。それが大地に変革をもたらす契機となるかもしれない。,avg_003_kalts_1#1$1
story_kalts_1_1.json,,長き旅路の果てに,story_kalts_set_1,434,だが何よりも重要なのは、いま君の為しているすべてが、君自身の選択によるものであるということだ。,avg_003_kalts_1#1$1
story_kalts_1_1.json,,長き旅路の果てに,story_kalts_set_1,437,焦る必要はない。私は君のもたらす成果が目下の局面に一石を投じ、変化を呼び込むことを望んではいるが、それは決して急いて成せることではない。,avg_003_kalts_1#1$1
story_kalts_1_1.json,,長き旅路の果てに,story_kalts_set_1,439,過去が証明しているように、努力を続けることで君は徐々にかつての知識を取り戻せる。我々に必要なのは、忍耐と時間だ。,avg_003_kalts_1#1$1
story_kalts_1_1.json,,長き旅路の果てに,story_kalts_set_1,441,君がそのために力を尽くしていることは、それ自体に成果以上の価値がある。,avg_003_kalts_1#1$1
story_kalts_1_1.json,,長き旅路の果てに,story_kalts_set_1,444,いずれにせよ、私は君が心身健康な状態を持続することを切に望んでいる。,avg_003_kalts_1#1$1
story_kalts_1_1.json,,長き旅路の果てに,story_kalts_set_1,446,ロドスには、これからますます君の力が必要となるだろう。,avg_003_kalts_1#1$1
story_kalts_1_1.json,,長き旅路の果てに,story_kalts_set_1,452,可能な範囲で規則正しい生活を心がけることだ。それは免疫機能の安定に寄与する。もっともそれが君にとって容易に為しうるものではないのは私も承知している。,avg_003_kalts_1#1$1
story_kalts_1_1.json,,長き旅路の果てに,story_kalts_set_1,454,……やるべきことがあるのだろう。行くといい。私は単に君の数値を監視しているわけではない。君の健康と安全そのものに、責任を負っている。,avg_003_kalts_1#1$1
story_kalts_1_1.json,,長き旅路の果てに,story_kalts_set_1,460,厄介という表現は、的確であるとは言えない。,avg_003_kalts_1#1$1
story_kalts_1_1.json,,長き旅路の果てに,story_kalts_set_1,462,Dr.{@nickname}、君は特別な存在だ。特別な使命を背負っている。,avg_003_kalts_1#1$1
story_kalts_1_1.json,,長き旅路の果てに,story_kalts_set_1,464,君が掲げたあの理想を、私は信じている。私は君の支えとなる者だ。これまでそうあり続け、これからも変わることはない。,avg_003_kalts_1#1$1
story_kalts_1_1.json,,長き旅路の果てに,story_kalts_set_1,467,また、誰かが責務を負っているからと言ってそのことに感謝する必要もない。,avg_003_kalts_1#1$1
story_kalts_1_1.json,,長き旅路の果てに,story_kalts_set_1,469,私は自分が立てた誓いを決して反故にはしない。ましてその誓いを守るべき理由がさらに増えた現状において、その事実はより強固な補強を得ている。,avg_003_kalts_1#1$1
story_kalts_1_1.json,,長き旅路の果てに,story_kalts_set_1,471,少なくとも、君の安全を守るという点においては、私を信頼して構わない。,avg_003_kalts_1#1$1
story_kalts_1_1.json,,長き旅路の果てに,story_kalts_set_1,482,鉱石病はこの大地を蝕む問題の核心とは言えない。だが、確かにそれは無数の命に苦痛をもたらす直接的な要因だ。,avg_003_kalts_1#1$1
story_kalts_1_1.json,,長き旅路の果てに,story_kalts_set_1,484,鉱石病を治療するという選択に、特別な理由は必要なかった。,avg_003_kalts_1#1$1
story_kalts_1_1.json,,長き旅路の果てに,story_kalts_set_1,490,……,avg_003_kalts_1#1$1
story_kalts_1_1.json,,長き旅路の果てに,story_kalts_set_1,492,それは私が初めから担ってきた責務ではない。唯一の使命を果たすために試みてきた、無数の手段のひとつだ。,avg_003_kalts_1#1$1
story_kalts_1_1.json,,長き旅路の果てに,story_kalts_set_1,494,そしてこれは、後に理解するようになったことだが……大地を理解するための手段のひとつでもあった。,avg_003_kalts_1#1$1
story_kalts_1_1.json,,長き旅路の果てに,story_kalts_set_1,496,私は、もはや純粋な目的論でこの大地を捉え、判断することはない。それを覚えたことで、この大地には暴力よりも遥かに癒やしが必要だということが見えてきた。,avg_003_kalts_1#1$1
story_kalts_1_1.json,,長き旅路の果てに,story_kalts_set_1,498,暴力と比べると、癒やしは途轍もなく複雑かつ困難な手段だ。なぜなら、それは信頼を前提としているからだ。,avg_003_kalts_1#1$1
story_kalts_1_1.json,,長き旅路の果てに,story_kalts_set_1,500,これは、私がかつて試みることのなかった問題への対処法だ。焦燥のなか、私は立ち止まり、考え、答えを模索せざるを得なかった。,avg_003_kalts_1#1$1
story_kalts_1_1.json,,長き旅路の果てに,story_kalts_set_1,502,かつて、ある人物に言われたように……私は多くの時間を費やしてしまった。,avg_003_kalts_1#1$1
story_kalts_1_1.json,,長き旅路の果てに,story_kalts_set_1,508,今の君には想像もつかないほどに。,avg_003_kalts_1#1$1
story_kalts_1_1.json,,長き旅路の果てに,story_kalts_set_1,510,時間というものの認識は相対的なものだ。医師として過ごしたこの二百年の歳月は、私が失い、得たものによって、より長く感じられる。,avg_003_kalts_1#1$1
story_kalts_1_1.json,,長き旅路の果てに,story_kalts_set_1,512,私は前例のない可能性を見出し、かつて持ち得なかったものを手にした。,avg_003_kalts_1#1$1
story_kalts_1_1.json,,長き旅路の果てに,story_kalts_set_1,518,……,avg_003_kalts_1#1$1
story_kalts_1_1.json,,長き旅路の果てに,story_kalts_set_1,520,君が今しがた口にしたことは全て正しい。だが、それだけではない。,avg_003_kalts_1#1$1
story_kalts_1_1.json,,長き旅路の果てに,story_kalts_set_1,522,最初の使命こそが、私を今に至らしめた。そして私は、かつての自身の認識を遥かに超えるものを得た。,avg_003_kalts_1#1$1
story_kalts_1_1.json,,長き旅路の果てに,story_kalts_set_1,532,そうだ。,avg_003_kalts_1#1$1
story_kalts_1_1.json,,長き旅路の果てに,story_kalts_set_1,534,使命の意義を詳らかに語ることはできないが、ひとつだけ確かに言えることがある。「ケルシー」という存在は、その使命のためにこそある。,avg_003_kalts_1#1$1
story_kalts_1_1.json,,長き旅路の果てに,story_kalts_set_1,536,だからこそ、どのような状況であっても私に「諦める」という選択肢は、最初から存在しない。,avg_003_kalts_1#1$1
story_kalts_1_1.json,,長き旅路の果てに,story_kalts_set_1,538,……その使命を与えてくれた人に、私は感謝している。,avg_003_kalts_1#1$1
story_kalts_1_1.json,,長き旅路の果てに,story_kalts_set_1,548,少なくとも、信頼が前提となっているという点では、そう言えるかもしれない。,avg_003_kalts_1#1$1
story_kalts_1_1.json,,長き旅路の果てに,story_kalts_set_1,554,……,avg_003_kalts_1#11$1
story_kalts_1_1.json,,長き旅路の果てに,story_kalts_set_1,560,……ああ、長い一日だった。,avg_003_kalts_1#11$1
story_mantic_1_1.json,,黙して語らず,story_mantic_set_1,17,何があったか詳しく教えてくれ。,char_003_kalts_1
story_mantic_1_1.json,,黙して語らず,story_mantic_set_1,22,慈善の精神を否定はしないが、それには相応の責任が伴う。,char_003_kalts_1
story_mantic_1_1.json,,黙して語らず,story_mantic_set_1,29,君も全く気づかなかった、ということか？,char_003_kalts_1
story_mantic_1_1.json,,黙して語らず,story_mantic_set_1,35,目下の情報では、確かに彼女はステルスの類いのアーツを操れるようだ。さらに詳しい情報があれば、彼女への対処もいくらか楽になるのだが。,char_003_kalts_1
story_mantic_1_1.json,,黙して語らず,story_mantic_set_1,40,それも有力な情報になるかもしれないな。,char_003_kalts_1
story_mantic_1_1.json,,黙して語らず,story_mantic_set_1,41,襲われた理由について、心当たりは？,char_003_kalts_1
story_mantic_1_1.json,,黙して語らず,story_mantic_set_1,50,ロドスは引き続き彼女の素性を調査するが、本人に聞かないとわからないこともあるだろうな。,char_003_kalts_1
story_mantic_1_1.json,,黙して語らず,story_mantic_set_1,51,とは言え安心してほしい、Stormeye。彼女はロドスに来てから誰も傷つけていない。,char_003_kalts_1
story_mantic_1_1.json,,黙して語らず,story_mantic_set_1,52,身体検査を受けた後、点滴中に自ら針を抜いて医療部を離れたが、その後は個室の宿舎に移された。,char_003_kalts_1
story_mantic_1_1.json,,黙して語らず,story_mantic_set_1,53,サーベイランスマシンのフィードバックデータによれば、現状命の危険はないようだ。,char_003_kalts_1
story_mantic_1_1.json,,黙して語らず,story_mantic_set_1,54,ただ、彼女は我々との対話を拒否している。,char_003_kalts_1
story_mantic_1_1.json,,黙して語らず,story_mantic_set_1,65,では、次は君の関心事についてだ、{@nickname}。,char_003_kalts_1
story_mantic_1_1.json,,黙して語らず,story_mantic_set_1,66,彼女が所持していたIDタグを調べたが、その多くは本人の年齢を上回るもので、数十年前に発生した地域間の衝突の遺留品だった。,char_003_kalts_1
story_mantic_1_1.json,,黙して語らず,story_mantic_set_1,67,わかったことと言えば、彼女の活動範囲がサルゴンの大部分に渡ることぐらいだ。それ以外では、IDタグ同士には深い関連性は見られなかった。,char_003_kalts_1
story_mantic_1_1.json,,黙して語らず,story_mantic_set_1,68,彼女の持っていた武器に関しても調査を行った。そこから、彼女の戦闘方針は暗殺を中心とするものと断定された。,char_003_kalts_1
story_mantic_1_1.json,,黙して語らず,story_mantic_set_1,69,そして彼女の所持していた精巧な小道具の数々は、作りから見て自作ではないものと見られる。,char_003_kalts_1
story_mantic_1_1.json,,黙して語らず,story_mantic_set_1,70,だが、それらの武器や毒薬の入手ルートは追えていない。我々の情報網では、何もつかめないのが現状だ。,char_003_kalts_1
story_mantic_1_1.json,,黙して語らず,story_mantic_set_1,71,また、サルゴンにおける暗殺計画は珍しいものではないため、彼女の行動を特定の事件に結びつけることもできない。,char_003_kalts_1
story_mantic_1_1.json,,黙して語らず,story_mantic_set_1,72,最後に、ロドスと接触した後の彼女の行動から鑑みれば、本人から直接情報を聞き出すことも難しいだろう。,char_003_kalts_1
story_mantic_1_1.json,,黙して語らず,story_mantic_set_1,73,意識が戻って三日も経つが、彼女は出された食べ物と水を口にすることすら拒否している。,char_003_kalts_1
story_mantic_1_1.json,,黙して語らず,story_mantic_set_1,74,彼女の過去に対する忠誠心がそこまでのものであるならば、果たしてロドスと協力関係を築けるだろうか？,char_003_kalts_1
story_mantic_1_1.json,,黙して語らず,story_mantic_set_1,75,――{@nickname}、これについては君に判断を任せる。もし時間があるなら、会いに行くといい。,char_003_kalts_1
story_mantic_1_1.json,,黙して語らず,story_mantic_set_1,76,ロドスから見れば、第一に彼女は感染者だ。彼女の過去が如何なるものであっても、その点は変わらない。,char_003_kalts_1
story_mantic_1_1.json,,黙して語らず,story_mantic_set_1,77,もしも彼女に協力の意向があれば、ロドスは受け入れる。,char_003_kalts_1
story_mantic_1_1.json,,黙して語らず,story_mantic_set_1,404,こちらのオペレーターが彼女の奇襲を防御ないしは反撃する能力を有していることを見せつければ、演習戦はむしろロドスが彼女に誠意を示す手段になるだろう。,char_003_kalts_1
story_mantic_1_1.json,,黙して語らず,story_mantic_set_1,405,刺客が相手の枕元にナイフを置いて、いつでも相手を殺せるがそうするつもりはない、と意思表示するのと同じ理屈だ。,char_003_kalts_1
story_mantic_1_1.json,,黙して語らず,story_mantic_set_1,406,彼女ならきっとその意味を理解できるだろう。,char_003_kalts_1
story_mizuki_1_1.json,,第五種接近遭遇,story_mizuki_set_1,35,  まさにその件を協議するために連絡したのだが、どうやらキミは約束より数時間も早く来たらしい。,char_003_kalts_1
story_mizuki_1_1.json,,第五種接近遭遇,story_mizuki_set_1,39,  たとえエーギルの地であろうとも、他人の家宅に断りもなしに玄関以外から侵入する行為は、行儀が良いとは言えないはず。,char_003_kalts_1
story_mizuki_1_1.json,,第五種接近遭遇,story_mizuki_set_1,49,  手紙に書いた通り、この居室は例のロドスの協力対象に宛がわれたものだ。,char_003_kalts_1
story_mizuki_1_1.json,,第五種接近遭遇,story_mizuki_set_1,53,  ひとつの脅威を利用して別の脅威に対抗するような真似を、ロドスは試みたりしない。,char_003_kalts_1
story_mizuki_1_1.json,,第五種接近遭遇,story_mizuki_set_1,74,  どうやら宿敵と対面したアビサルハンターには、戦闘技巧以上にセルフコントロールが必要らしい。,char_003_kalts_1
story_mizuki_1_1.json,,第五種接近遭遇,story_mizuki_set_1,75,  今のところ、彼らの進化は知性的思考に基づく結果というより、単に行動を最適化したそれと考えられるが、いずれはそのレベルに到達するかもしれない。,char_003_kalts_1
story_mizuki_1_1.json,,第五種接近遭遇,story_mizuki_set_1,80,  キミをからかう意図はない。これはただアビサルハンターの秀でた行動力に対する信頼からとる措置だ。話を始める前に終わらせようとするのはやめてくれ。,char_003_kalts_1
story_mizuki_1_1.json,,第五種接近遭遇,story_mizuki_set_1,84,  あの検査対象の生理パラメーターから取り出せる情報は、恐魚を一匹ひねりつぶすよりもはるかに高い価値がある。戦争設計師であるキミにそれが分からないはずがない。,char_003_kalts_1
story_mizuki_1_1.json,,第五種接近遭遇,story_mizuki_set_1,85,  「ミヅキ」と呼ばれる協力対象はすでに移転済みだ。どうか心穏やかに議論した上で、理性的な結論を導き出そうではないか。,char_003_kalts_1
story_mizuki_1_1.json,,第五種接近遭遇,story_mizuki_set_1,304,  すまない、Dr.{@nickname}。だが今はまだ、キミにすべてを打ち明けるような時ではない。,char_003_kalts_1
story_mizuki_1_1.json,,第五種接近遭遇,story_mizuki_set_1,305,  現段階で詳細を話しても、いたずらにキミの心配事を増やし、判断に支障をきたすだけだ。,char_003_kalts_1
story_mizuki_1_1.json,,第五種接近遭遇,story_mizuki_set_1,306,  たとえキミの自己認識が指揮官であろうと、指導者であろうとな。,char_003_kalts_1
story_mizuki_1_1.json,,第五種接近遭遇,story_mizuki_set_1,311,  だから私もこうして、私と医療部のスタンスや処置案をキミに隠していないし、早期段階でキミを本議題に招いたのだ。,char_003_kalts_1
story_mizuki_1_1.json,,第五種接近遭遇,story_mizuki_set_1,312,  キミの提案した、本検査対象に限り一部条約による制限を免除するという案については、このあと会議でその潜在的な危険性を挙げたいと思っている。,char_003_kalts_1
story_mizuki_1_1.json,,第五種接近遭遇,story_mizuki_set_1,313,  キミのすべての疑問を晴らすには不十分かもしれないが、どうか私と医療部の意見を聞いてほしい。,char_003_kalts_1
story_mizuki_1_1.json,,第五種接近遭遇,story_mizuki_set_1,314,  皆の到着はもうすぐだ。,char_003_kalts_1
story_mizuki_1_1.json,,第五種接近遭遇,story_mizuki_set_1,382,  先刻、会議で説明した通り、彼はすでに別の生命形態へと変化している。ある種の、道を探して自身を造り変える生物だ。,char_003_kalts_1
story_mizuki_1_1.json,,第五種接近遭遇,story_mizuki_set_1,383,  キミには理解して欲しい、生物が生存に使える資源は有限だ。一方でそうした生物は自身を造り変えるために莫大な資源を消費する。,char_003_kalts_1
story_mizuki_1_1.json,,第五種接近遭遇,story_mizuki_set_1,384,  今の彼らは制限された環境に閉じ込められており、同族を存続させるために自ら消費を抑制し、水面下で眠っているに過ぎない。,char_003_kalts_1
story_mizuki_1_1.json,,第五種接近遭遇,story_mizuki_set_1,386,  だがいつか、私たちと彼らは、生存に必要な一切を奪い合うことになるだろう。,char_003_kalts_1#2
story_mizuki_1_1.json,,第五種接近遭遇,story_mizuki_set_1,387,  村を破壊する害獣を殺すように彼らの命を奪うかもしれないし、あるいは彼らの腹の中で養分になるかもしれない。,char_003_kalts_1#2
story_mizuki_1_1.json,,第五種接近遭遇,story_mizuki_set_1,392,  キミも気付いただろう。あれらの生物とは異なり、検査対象はその種のアイデンティティーから遊離し、自分なりの考えと戸惑いを抱えている。,char_003_kalts_1
story_mizuki_1_1.json,,第五種接近遭遇,story_mizuki_set_1,393,  でなければ、私たちもこんな話をすることはない。,char_003_kalts_1
story_mizuki_1_1.json,,第五種接近遭遇,story_mizuki_set_1,394,  この生物の進化というものは、本来なら一族の同類を発展させるべく道を選んでいくはずだ。,char_003_kalts_1
story_mizuki_1_1.json,,第五種接近遭遇,story_mizuki_set_1,395,  だが、あの検査対象に限っては同類と呼べるものが全く存在しないこともあり得る。それは私たちでも、あの生物一般からしてもそうだ。,char_003_kalts_1
story_mizuki_1_1.json,,第五種接近遭遇,story_mizuki_set_1,479,  キミの能力を疑ったことはない、Dr.{@nickname}。,char_003_kalts_1
story_mizuki_1_1.json,,第五種接近遭遇,story_mizuki_set_1,480,  キミなら、我々の考える「良い」方向へと、彼が自身を造り変えるように導けると確信している。,char_003_kalts_1
story_mizuki_1_1.json,,第五種接近遭遇,story_mizuki_set_1,481,  しかし我々は、できるからといって、一人の人間をそうやって変えてしまうべきだろうか？　自分たちにとって、ある生存方法が正しいと思っているというだけで。,char_003_kalts_1
story_mizuki_1_1.json,,第五種接近遭遇,story_mizuki_set_1,482,  そういったやり方は、自分が美しいと信ずる生命の在り方を実現させるために研究対象を改造する者と、どこが違うのだろうか？,char_003_kalts_1
story_mizuki_1_1.json,,第五種接近遭遇,story_mizuki_set_1,483,  これは質問ではないのだが、Dr.{@nickname}、教えてくれ。キミは「自分の生命の形態がより優秀だ」と考えたことはあるか？,char_003_kalts_1
story_mizuki_1_1.json,,第五種接近遭遇,story_mizuki_set_1,488,  少し傲慢に聞こえるかもしれないが、選択権を持つのは往々にしてすでに贅沢なことだ。ましてや、与える側は言うまでもない。,char_003_kalts_1
story_mizuki_1_1.json,,第五種接近遭遇,story_mizuki_set_1,489,  だが確かに、自分の能力が足り得るからといって他人に干渉するよりはましだ。,char_003_kalts_1
story_mizuki_1_1.json,,第五種接近遭遇,story_mizuki_set_1,492,  人と人は常に関わりを生み出す。たとえ自ら望んでいなくとも、言葉を用いなくともだ。,char_003_kalts_1
story_mizuki_1_1.json,,第五種接近遭遇,story_mizuki_set_1,493,  オペレーターとして接すると決めた時点で、キミと彼は互いに影響を及ぼすことが運命付けられる。,char_003_kalts_1
story_mizuki_1_1.json,,第五種接近遭遇,story_mizuki_set_1,496,  それは私が最も聞きたい、同時に最も案じている答えだ。,char_003_kalts_1#4
story_mizuki_1_1.json,,第五種接近遭遇,story_mizuki_set_1,498,  オペレーターたちはキミを信じ、敬愛し、任務中はキミに命を託している。キミが勇敢に立ち向かうからであり、それはキミにしかできないことだからだ。,char_003_kalts_1
story_mizuki_1_1.json,,第五種接近遭遇,story_mizuki_set_1,499,  日に日に積み重なる重責を、キミが背負っていけることに疑いの余地はない。だがいつの日か、それらが矛盾をはらみ、軋轢を生じ、望まざる選択を迫られる日が来るかもしれない。,char_003_kalts_1
story_mizuki_1_1.json,,第五種接近遭遇,story_mizuki_set_1,502,  しかし、キミがやろうと決めたなら、私もこれ以上止めはしない。,char_003_kalts_1
story_mizuki_1_1.json,,第五種接近遭遇,story_mizuki_set_1,503,  キミの配下のオペレーターに、私がいつも言っている通りだ。一度キミを認めたなら、もうあれこれ心配するな、とね。,char_003_kalts_1
story_mizuki_1_1.json,,第五種接近遭遇,story_mizuki_set_1,504,  余計な心配は、任務を含めた計画執行の妨げになるし、それにここは多くの者が暮らす家だからな。,char_003_kalts_1
story_mizuki_1_1.json,,第五種接近遭遇,story_mizuki_set_1,505,  行こうか、Dr.{@nickname}。キミを信用している者を外で長く待たせるわけにはいかない。,char_003_kalts_1
story_mizuki_1_1.json,,第五種接近遭遇,story_mizuki_set_1,520,  ……,char_003_kalts_1
story_mizuki_1_1.json,,第五種接近遭遇,story_mizuki_set_1,563,  もちろんそうじゃない。,char_003_kalts_1
story_mizuki_1_1.json,,第五種接近遭遇,story_mizuki_set_1,564,  キミの陸地に対する調査はいずれ陸上の助けを必要とする。そして水面下の敵との戦いも、遅かれ早かれ陸上側の課題となるだろう。,char_003_kalts_1
story_mizuki_1_1.json,,第五種接近遭遇,story_mizuki_set_1,565,  それに関して先行するロドスの独走に干渉しない限り、キミと条件を話し合ってもいい。,char_003_kalts_1
story_mizuki_1_1.json,,第五種接近遭遇,story_mizuki_set_1,566,  すでに行っている情報協力に加え、そちらが奴らの陸上での足取りを掴んだら、我々も最大限キミたちを支援しよう。,char_003_kalts_1
story_mizuki_1_1.json,,第五種接近遭遇,story_mizuki_set_1,570,  有り得べき未来のために、だ。,char_003_kalts_1
story_svrash_2_1.json,,堅固な氷,story_svrash_set_2,56,  ……,char_003_kalts_1#2
story_svrash_2_1.json,,堅固な氷,story_svrash_set_2,58,  ザイック郡の領主、ウォルトン子爵。彼の娘が感染者集団に連れ去られた。犯人は十万ポンドの身代金を二十日以内に支払うように要求しており、用意できなければ人質を殺害すると言っている。,char_003_kalts_1
story_svrash_2_1.json,,堅固な氷,story_svrash_set_2,59,  子爵は我々に、娘の捜索と救出を依頼したいとのことだ。,char_003_kalts_1
story_svrash_2_1.json,,堅固な氷,story_svrash_set_2,60,  ウォルトンはヴィクトリア西部の貴族たちの間では、いくらか名の知れた男だ。数年前に長男を感染者に殺害されて以来、感染者に対して極めて厳しい態度をとってきた。,char_003_kalts_1
story_svrash_2_1.json,,堅固な氷,story_svrash_set_2,61,  彼が治めるザイック郡の感染者を対象にした各種法規は、他のどの郡よりも厳しく、また公の場において、ウルサスの対感染者政策を見習うべきといった趣旨の発言を繰り返している。,char_003_kalts_1
story_svrash_2_1.json,,堅固な氷,story_svrash_set_2,66,  だが、まさに問題はそこにある。,char_003_kalts_1#2
story_svrash_2_1.json,,堅固な氷,story_svrash_set_2,67,  感染者を敵視している子爵だ。当然、我々に直接依頼してくるような人間ではない。事実、この依頼はとある仲介者から我々に回ってきたんだ。,char_003_kalts_1#2
story_svrash_2_1.json,,堅固な氷,story_svrash_set_2,69,  その仲介者の名は、エンシオディス。,char_003_kalts_1
story_svrash_2_1.json,,堅固な氷,story_svrash_set_2,74,  もし君と関係があれば、本件は君とロドスとの関係を引き裂くための企みだと私は考えるだろう。,char_003_kalts_1
story_svrash_2_1.json,,堅固な氷,story_svrash_set_2,75,  しかし、彼はそんなに軽率ではないはずだ。,char_003_kalts_1
story_svrash_2_1.json,,堅固な氷,story_svrash_set_2,79,  渡りに船か……そんな偶然があるとは、とても信じられないな。,char_003_kalts_1
story_svrash_2_1.json,,堅固な氷,story_svrash_set_2,80,  だが、たとえエンシオディスの件を勘案してもなお、十分に魅力的な依頼であることは認めよう。,char_003_kalts_1
story_svrash_2_1.json,,堅固な氷,story_svrash_set_2,84,  同意見だ。,char_003_kalts_1
story_svrash_2_1.json,,堅固な氷,story_svrash_set_2,87,  ロドスの停泊地点を探すために、最近我々はヴィクトリア西部の移動都市で活動した。,char_003_kalts_1
story_svrash_2_1.json,,堅固な氷,story_svrash_set_2,88,  エンシオディスの留学歴と、ヴィクトリアの一部の貴族界に残した名声を考慮すると、彼が何かを知っていても不思議ではない。,char_003_kalts_1
story_svrash_2_1.json,,堅固な氷,story_svrash_set_2,89,  実際、本件での関わり合いを避けるべきなのは我々ではなく、彼の方だとも言える。しかし彼はそうはしなかった。,char_003_kalts_1
story_svrash_2_1.json,,堅固な氷,story_svrash_set_2,90,  君を信頼していると解釈する以外、ほかに説明のしようがない。,char_003_kalts_1
story_svrash_2_1.json,,堅固な氷,story_svrash_set_2,95,  君はイェラグへの旅で、彼の「信頼」を勝ち取った。違うか？,char_003_kalts_1#4
story_svrash_2_1.json,,堅固な氷,story_svrash_set_2,99,  心当たりがあるようだな。,char_003_kalts_1
story_svrash_2_1.json,,堅固な氷,story_svrash_set_2,100,  では、そういうことにしておこう。,char_003_kalts_1
story_svrash_2_1.json,,堅固な氷,story_svrash_set_2,104,  君の報告書に目を通した時は、もちろんそうしたい気持ちに駆られたよ。,char_003_kalts_1
story_svrash_2_1.json,,堅固な氷,story_svrash_set_2,105,  しかし今、この依頼が届いたことだけでも、君のイェラグ旅行の価値は十分に証明された。,char_003_kalts_1
story_svrash_2_1.json,,堅固な氷,story_svrash_set_2,108,  もちろん、私は君の人間関係にまで介入するつもりはない。,char_003_kalts_1
story_svrash_2_1.json,,堅固な氷,story_svrash_set_2,109,  ただ、カランド貿易との提携を打ち切らなかった以上、彼との関係については、いっそう注意を払っておく必要がある。,char_003_kalts_1
story_svrash_2_1.json,,堅固な氷,story_svrash_set_2,110,  あのイェラグへの旅が、我々に予想外の利益をもたらしたことは認めよう。,char_003_kalts_1
story_svrash_2_1.json,,堅固な氷,story_svrash_set_2,112,  だが、君も我々のこれからの行動の特殊性は理解しているだろう。その際は、ヴィクトリアのいかなる関係者ともビジネスパートナー以上の関係を持たないことを強く勧める。,char_003_kalts_1#2
story_svrash_2_1.json,,堅固な氷,story_svrash_set_2,114,  それは双方にとって、非常に危険な行為になり得る。,char_003_kalts_1#3
story_svrash_2_1.json,,堅固な氷,story_svrash_set_2,890,  任務報告書を見たぞ。,char_003_kalts_1
story_svrash_2_1.json,,堅固な氷,story_svrash_set_2,891,  結果から言えば、この依頼は失敗に終わった。我々はウォルトン子爵とコネクションを築けなかったばかりか、彼に排斥されてしまう可能性すらある。,char_003_kalts_1
story_svrash_2_1.json,,堅固な氷,story_svrash_set_2,892,  ウォルトン子爵を通じてロドスの停泊地点を探す計画も、当然破綻した。,char_003_kalts_1
story_svrash_2_1.json,,堅固な氷,story_svrash_set_2,897,  まだ話は終わっていない。,char_003_kalts_1
story_svrash_2_1.json,,堅固な氷,story_svrash_set_2,898,  ロドスの立場から言えば、君は正しい選択をした。,char_003_kalts_1
story_svrash_2_1.json,,堅固な氷,story_svrash_set_2,901,  後悔すべき点などない。,char_003_kalts_1
story_svrash_2_1.json,,堅固な氷,story_svrash_set_2,902,  やむを得ない場合を除いて、私もロドスがこのような貴族と関わりを持つことは望まない。,char_003_kalts_1
story_svrash_2_1.json,,堅固な氷,story_svrash_set_2,905,  私ならば、更に思い切った手段に出ただろうな。,char_003_kalts_1
story_svrash_2_1.json,,堅固な氷,story_svrash_set_2,906,  だが、同じような結果に至ったであろうことは否定しない。,char_003_kalts_1
story_svrash_2_1.json,,堅固な氷,story_svrash_set_2,909,  さらに言えば、本件は全く収穫が得られなかったわけではない。,char_003_kalts_1
story_svrash_2_1.json,,堅固な氷,story_svrash_set_2,910,  その収穫がどんな結末をもたらすのかは、私でもすぐには判断しかねるがな。,char_003_kalts_1
story_svrash_2_1.json,,堅固な氷,story_svrash_set_2,918,  昨日到着した。,char_003_kalts_1
story_svrash_2_1.json,,堅固な氷,story_svrash_set_2,919,  彼がオペレーターとしてロドスに加入したいと申し出た時の、人事部の困惑ぶりを想像してみるがいい。,char_003_kalts_1
story_svrash_2_1.json,,堅固な氷,story_svrash_set_2,920,  さすがにこればかりは、私が表に出て対応するしかなかった。その結果――,char_003_kalts_1
story_svrash_2_1.json,,堅固な氷,story_svrash_set_2,921,  私が出した数々の条件を受け入れた上、完璧な成績でオペレーター試験にパスした。,char_003_kalts_1
story_svrash_2_1.json,,堅固な氷,story_svrash_set_2,926,  今、彼は応接室で君を待っている。ちょうどいい、ロドスを案内してやってくれ。,char_003_kalts_1
story_yuki_1_1.json,,忍びの道,story_yuki_set_1,231,  アーミヤ、今日の業務はこのくらいにしておけ。,char_003_kalts_1
story_yuki_1_1.json,,忍びの道,story_yuki_set_1,237,  Dr.{@nickname}はやるべきことくらいちゃんと自分でわかっている。,char_003_kalts_1
story_yuki_1_1.json,,忍びの道,story_yuki_set_1,243,  ……好きにしろ。,char_003_kalts_1#4
story_yuki_1_1.json,,忍びの道,story_yuki_set_1,260,  ……,char_003_kalts_1#3
story_yuki_1_1.json,,忍びの道,story_yuki_set_1,278,  ……,char_003_kalts_1#2
